 #############################################################################################
    Lionbolt --- Developed by Muhsin H. Younis (myounis@psu.edu / myounis@umd.edu)            
    VERSION: 1.0.0 (Released 8-17-26)                                                         
       Licensed under the GNU General Public License 3.0.                                     
       See LICENSE/gpl-3.0.txt or visit https://www.gnu.org/licenses/ for more information.   
 #############################################################################################
 
 Input File  : /home/myounis/Lionbolt/examples/three_beam_water_tank/lb.in
 Output File : /home/myounis/Lionbolt/examples/three_beam_water_tank/lb.out
 Scratch     : /tmp/openrps/scratch20260816-203154-262362/
 
 Calculation start time : 08-16-26 20:31:54
 
 Number of threads being used : 16
 
 READING INPUT FILE ---
 INPUT FILE SUCCESSFULLY READ.
 
 #############################
  PROBLEM : GENERAL TRANSPORT 
 #############################
 
 ==========================
   PRE-PROCESSING : BEGIN  
 ==========================
 
 PLANNING BEAM CONSTRUCTION ---
 DONE.
 
 DISCRETIZING ENERGY ---
 DONE.
 
 GENERATING A PHYSICS LIBRARY ---
 
 #########################################################
    NittanyPhysics --- PHYSICS LIBRARY PRINTOUT : BEGIN   
 #########################################################
 ===============================================================
    MATERIAL : WATER
 ===============================================================
 ---------------------------------------------------------------
    PARTICLES : PHOTONS
 ---------------------------------------------------------------
 
       Scattering coefficients (cm⁻¹) : 
 
       ell = 0
 
          g'=         1                       2                       3                       4                       5                       6                       7                       8                       9                       10                      11                      12                      13                      14                      15                      16                      17                      18                      19                      20                      21                      22                      23                      24                      25                     
                     ‾‾‾‾‾‾                  ‾‾‾‾‾‾                  ‾‾‾‾‾‾                  ‾‾‾‾‾‾                  ‾‾‾‾‾‾                  ‾‾‾‾‾‾                  ‾‾‾‾‾‾                  ‾‾‾‾‾‾                  ‾‾‾‾‾‾                  ‾‾‾‾‾‾                  ‾‾‾‾‾‾                  ‾‾‾‾‾‾                  ‾‾‾‾‾‾                  ‾‾‾‾‾‾                  ‾‾‾‾‾‾                  ‾‾‾‾‾‾                  ‾‾‾‾‾‾                  ‾‾‾‾‾‾                  ‾‾‾‾‾‾                  ‾‾‾‾‾‾                  ‾‾‾‾‾‾                  ‾‾‾‾‾‾                  ‾‾‾‾‾‾                  ‾‾‾‾‾‾                  ‾‾‾‾‾‾                  
          g =  1 )   1.7375674423374019E-03 
          g =  2 )   3.4737903204958664E-03  1.8862668011069682E-03 
          g =  3 )   3.4008335605014732E-03  3.7685534916224637E-03  2.0548487823078272E-03 
          g =  4 )   3.3301880194698793E-03  3.6821887931524308E-03  4.1021139184765710E-03  2.2470111927776208E-03 
          g =  5 )   3.2625550776397834E-03  3.5984902726746851E-03  3.9991338895547113E-03  4.4815102184133085E-03  2.4673500723387510E-03 
          g =  6 )   3.1988583047781976E-03  3.5183682127628716E-03  3.8992651146346523E-03  4.3577480954365656E-03  4.9154293818886724E-03  2.7216337313188308E-03 
          g =  7 )   3.1403258394968733E-03  3.4430437069167315E-03  3.8037115240148111E-03  4.2376705482327246E-03  4.7654101155949775E-03  5.4146841173347395E-03  3.0171790544588958E-03 
          g =  8 )   3.0886091188824637E-03  3.3741719270001767E-03  3.7141212816225633E-03  4.1229041253586863E-03  4.6198383382603557E-03  5.2311244064149479E-03  5.9928556915851295E-03  3.3633758835988378E-03 
          g =  9 )   3.0459570367137121E-03  3.3140235331478919E-03  3.6327758000738973E-03  4.0157256203570569E-03  4.4809648677016254E-03  5.0530669373958590E-03  5.7659364993371152E-03  6.6671690408015736E-03  3.7724295858039014E-03 
          g = 10 )   3.0154764722958496E-03  3.2657569064877797E-03  3.5628743915405415E-03  3.9193598485066702E-03  4.3520178458994882E-03  4.8837115520311159E-03  5.5460427810615012E-03  6.3834596523440080E-03  7.4596973383255580E-03  4.2604312967800375E-03 
          g = 11 )   3.0015307046464966E-03  3.2338357203427121E-03  3.5089723610852619E-03  3.8384396857557286E-03  4.2376861719007307E-03  4.7277709854764019E-03  5.3378636828530441E-03  6.1090839933819110E-03  7.1005364331039704E-03  8.3990385858051277E-03  4.8489306847919597E-03 
          g = 12 )   3.0103640372208650E-03  3.2246854989244384E-03  3.4776720513410788E-03  3.7797343459891452E-03  4.1448879320863177E-03  4.5922824945482960E-03  5.1485088441541758E-03  5.8511521693025009E-03  6.7543918105439143E-03  7.9380544100523826E-03  9.5226744326404218E-03  5.5672973426411391E-03 
          g = 13 )   3.0511091942605996E-03  3.2477554700675675E-03  3.4787439076099198E-03  3.7533348885657155E-03  4.0840260699998255E-03  4.4879398876780446E-03  4.9889234007850919E-03  5.6207931554072823E-03  6.4324663555883023E-03  7.4962855508961274E-03  8.9219174609423326E-03  1.0880321171426677E-02  6.4563516952971158E-03 
          g = 14 )   3.1374657355025207E-03  3.3172924560986045E-03  3.5270047976245717E-03  3.7746469671926337E-03  4.0711067172430667E-03  4.4313498324347897E-03  4.8762959522674881E-03  5.4357293527605996E-03  6.1529216225389627E-03  7.0921645757357323E-03  8.3514043716883569E-03  1.0084130632693930E-02  1.2538725769843658E-02  7.5740978707716251E-03 
          g = 15 )   3.2906039047692543E-03  3.4554178392067615E-03  3.6455853021723074E-03  3.8678678970109895E-03  4.1314480451096428E-03  4.4489973922485927E-03  4.8383089110633432E-03  5.3248433892323288E-03  5.9457963772138935E-03  6.7567638691650809E-03  7.8429881897880867E-03  9.3389601115896892E-03  1.1463875361930154E-02  1.4588551560871958E-02  9.0050470103020305E-03 
          g = 16 )   3.5444160474981676E-03  3.6977059221743034E-03  3.8718691462598358E-03  4.0723260921323385E-03  4.3064642523252114E-03  4.5845256405337370E-03  4.9209723994832208E-03  5.3366336797512478E-03  5.8621610834899175E-03  6.5437371691444831E-03  7.4527845709306730E-03  8.7030290580520381E-03  1.0481621886936571E-02  1.3108375940750509E-02  1.7154219460576860E-02  1.0875888794436583E-02 
          g = 17 )   3.9555278825872215E-03  4.1038440996300496E-03  4.2688728819535319E-03  4.4546614297104612E-03  4.6667402877446267E-03  4.9128132759444151E-03  5.2038309637993628E-03  5.5556974594046984E-03  5.9920493747147741E-03  6.5489008342990299E-03  7.2826379045690523E-03  8.2842369829630533E-03  9.7055118966092972E-03  1.1809676668175902E-02  1.5073684570855030E-02  2.0407742738747629E-02  1.3382822601619907E-02 
          g = 18 )   4.6236452514628948E-03  4.7793489445909663E-03  4.9484857742526714E-03  5.1337675957183384E-03  5.3388843206564861E-03  5.5689798161381622E-03  5.8314063612299729E-03  6.1369473846032150E-03  6.5018472460092224E-03  6.9512706596041559E-03  7.5253734419852471E-03  8.2903100057233788E-03  9.3589451357429226E-03  1.0931513059093758E-02  1.3379454708092275E-02  1.7428564874625591E-02  2.4587674080386424E-02  1.6841217213971763E-02 
          g = 19 )   5.7363244285537638E-03  5.9234577276468846E-03  6.1228458453562520E-03  6.3360750865967177E-03  6.5652116232826621E-03  6.8130513005972056E-03  7.0835326361948416E-03  7.3824350304764553E-03  7.7185872521136328E-03  8.1060128776847349E-03  8.5678468939076793E-03  9.1437122693379634E-03  9.9041138956711527E-03  1.0979693499020615E-02  1.2623581455063541E-02  1.5351969471994398E-02  2.0283175168101641E-02  3.0026029222051130E-02  2.1780046776276759E-02 
          g = 20 )   7.2597859409330905E-03  7.8815759903479877E-03  8.2300330916269746E-03  8.5311422847965876E-03  8.8505243853231538E-03  9.1894557808187994E-03  9.5493862239073978E-03  9.9320987983495309E-03  1.0340055799415576E-02  1.0777134515745130E-02  1.1250187471611059E-02  1.1772375490794995E-02  1.2370408430571243E-02  1.3100687921996791E-02  1.4086599043744853E-02  1.5608754011068557E-02  1.8336771512714414E-02  2.3971668277406336E-02  3.7210419867161462E-02  2.9131267816054029E-02 
          g = 21 )   0.0000000000000000E+00  4.4281509838084164E-05  4.4623420756507618E-04  9.9420360798478094E-04  1.6400474055936975E-03  2.4039969122893064E-03  3.3113415732256121E-03  4.3939460620388360E-03  5.6923133569427116E-03  7.2584382010553346E-03  9.1598449320983780E-03  1.1485491727901352E-02  1.4354839323616801E-02  1.7932856471871692E-02  2.0997509903994713E-02  2.1949489014098145E-02  2.3059870261356689E-02  2.5031850434368383E-02  3.0193514411828541E-02  4.7165359657672608E-02  4.0643136950888323E-02 
          g = 22 )   0.0000000000000000E+00  0.0000000000000000E+00  0.0000000000000000E+00  0.0000000000000000E+00  0.0000000000000000E+00  0.0000000000000000E+00  0.0000000000000000E+00  0.0000000000000000E+00  0.0000000000000000E+00  0.0000000000000000E+00  0.0000000000000000E+00  0.0000000000000000E+00  0.0000000000000000E+00  0.0000000000000000E+00  1.4601249367032936E-03  6.3498951897162361E-03  1.3047292959346356E-02  2.2213487988190485E-02  3.5123030683126527E-02  4.9172650573089130E-02  6.5285411530720094E-02  6.0087353133369568E-02 
          g = 23 )   0.0000000000000000E+00  0.0000000000000000E+00  0.0000000000000000E+00  0.0000000000000000E+00  0.0000000000000000E+00  0.0000000000000000E+00  0.0000000000000000E+00  0.0000000000000000E+00  0.0000000000000000E+00  0.0000000000000000E+00  0.0000000000000000E+00  0.0000000000000000E+00  0.0000000000000000E+00  0.0000000000000000E+00  0.0000000000000000E+00  0.0000000000000000E+00  0.0000000000000000E+00  0.0000000000000000E+00  0.0000000000000000E+00  6.1414147721048943E-03  3.4420235974133385E-02  9.0962789686472659E-02  1.0365643812797745E-01 
          g = 24 )   0.0000000000000000E+00  0.0000000000000000E+00  0.0000000000000000E+00  0.0000000000000000E+00  0.0000000000000000E+00  0.0000000000000000E+00  0.0000000000000000E+00  0.0000000000000000E+00  0.0000000000000000E+00  0.0000000000000000E+00  0.0000000000000000E+00  0.0000000000000000E+00  0.0000000000000000E+00  0.0000000000000000E+00  0.0000000000000000E+00  0.0000000000000000E+00  0.0000000000000000E+00  0.0000000000000000E+00  0.0000000000000000E+00  0.0000000000000000E+00  0.0000000000000000E+00  0.0000000000000000E+00  6.0883588104203488E-02  1.6556624866209765E-01 
          g = 25 )   0.0000000000000000E+00  0.0000000000000000E+00  0.0000000000000000E+00  0.0000000000000000E+00  0.0000000000000000E+00  0.0000000000000000E+00  0.0000000000000000E+00  0.0000000000000000E+00  0.0000000000000000E+00  0.0000000000000000E+00  0.0000000000000000E+00  0.0000000000000000E+00  0.0000000000000000E+00  0.0000000000000000E+00  0.0000000000000000E+00  0.0000000000000000E+00  0.0000000000000000E+00  0.0000000000000000E+00  0.0000000000000000E+00  0.0000000000000000E+00  0.0000000000000000E+00  0.0000000000000000E+00  0.0000000000000000E+00  1.6607098686097041E-02  2.0631843855977819E-01 
 
       ell = 1
 
          g'=         1                       2                       3                       4                       5                       6                       7                       8                       9                       10                      11                      12                      13                      14                      15                      16                      17                      18                      19                      20                      21                      22                      23                      24                      25                     
                     ‾‾‾‾‾‾                  ‾‾‾‾‾‾                  ‾‾‾‾‾‾                  ‾‾‾‾‾‾                  ‾‾‾‾‾‾                  ‾‾‾‾‾‾                  ‾‾‾‾‾‾                  ‾‾‾‾‾‾                  ‾‾‾‾‾‾                  ‾‾‾‾‾‾                  ‾‾‾‾‾‾                  ‾‾‾‾‾‾                  ‾‾‾‾‾‾                  ‾‾‾‾‾‾                  ‾‾‾‾‾‾                  ‾‾‾‾‾‾                  ‾‾‾‾‾‾                  ‾‾‾‾‾‾                  ‾‾‾‾‾‾                  ‾‾‾‾‾‾                  ‾‾‾‾‾‾                  ‾‾‾‾‾‾                  ‾‾‾‾‾‾                  ‾‾‾‾‾‾                  ‾‾‾‾‾‾                  
          g =  1 )   1.7253742484684190E-03 
          g =  2 )   3.3975273290367852E-03  1.8718888556019347E-03 
          g =  3 )   3.2440632785796690E-03  3.6785215176048588E-03  2.0377747730055437E-03 
          g =  4 )   3.0887950806763403E-03  3.4970548145647458E-03  3.9950710481816707E-03  2.2265794685136378E-03 
          g =  5 )   2.9315739181354143E-03  3.3133479364816339E-03  3.7789625864128157E-03  4.3532574196784518E-03  2.4426945393150740E-03 
          g =  6 )   2.7721938463144626E-03  3.1272314138635188E-03  3.5600916796265682E-03  4.0939037139850589E-03  4.7604654608345339E-03  2.6916063515194043E-03 
          g =  7 )   2.6103533136924615E-03  2.9384601307108908E-03  3.3382746863718183E-03  3.8311755673855843E-03  4.4465933694851521E-03  5.2257116319532641E-03  2.9802369467107040E-03 
          g =  8 )   2.4455891993477464E-03  2.7466546985366884E-03  3.1132261232387692E-03  3.5648916739557603E-03  4.1286566427972318E-03  4.8423722460747328E-03  5.7600617535599561E-03  3.3174138009879148E-03 
          g =  9 )   2.2771624306152610E-03  2.5511968839844251E-03  2.8844663175060089E-03  3.2947302113185179E-03  3.8065116877019655E-03  4.4542446767362352E-03  5.2871736332059304E-03  6.3771595493907181E-03  3.7145262407515581E-03 
          g = 10 )   2.1038566642237679E-03  2.3510411736017132E-03  2.6511493751865665E-03  3.0200775757683678E-03  3.4798137812211451E-03  4.0612931800330185E-03  4.8088554579809812E-03  5.7873657534062706E-03  7.0938864033115515E-03  4.1864564913268332E-03 
          g = 11 )   1.9236173273767267E-03  2.1443701304532403E-03  2.4117399961669154E-03  2.7397330968969230E-03  3.1477577877501331E-03  3.6631781691488841E-03  4.3253124087849655E-03  5.1918412997908614E-03  6.3493486178030963E-03  7.9311616883349229E-03  4.7529214455152126E-03 
          g = 12 )   1.7328896497254386E-03  1.9279515095993302E-03  2.1633971864223668E-03  2.4513288694360891E-03  2.8085462319674664E-03  3.2587880341039756E-03  3.8362548077294370E-03  4.5912770343291918E-03  5.5996762487051802E-03  6.9786786620494728E-03  8.9148563704215446E-03  5.4404390885494491E-03 
          g = 13 )   1.5253711950367289E-03  1.6959088195419797E-03  1.9007737507558064E-03  2.1501722119969912E-03  2.4582928517947475E-03  2.8452273061266961E-03  3.3400015638733924E-03  3.9854764936828133E-03  4.8464817061288027E-03  6.0237163761130939E-03  7.6782932478689121E-03  1.0076693493863954E-02  6.2852610236206934E-03 
          g = 14 )   1.2895830696313497E-03  1.4372967526718550E-03  1.6136114283709009E-03  1.8268808994654248E-03  2.0887248103801889E-03  2.4156213813086242E-03  2.8314345632544325E-03  3.3715228793508626E-03  4.0896014206089062E-03  5.0695465416127385E-03  6.4463849599826059E-03  8.4450215571177135E-03  1.1454759902228606E-02  7.3378227105540088E-03 
          g = 15 )   1.0039522881103811E-03  1.1311364197153374E-03  1.2817497671726563E-03  1.4623941273060478E-03  1.6822345151601876E-03  1.9542619115015375E-03  2.2973093749896665E-03  2.7393530070788639E-03  3.3230673728366993E-03  4.1154626537804485E-03  5.2251738025738117E-03  6.8346656063913219E-03  9.2628237259512382E-03  1.3092642248382694E-02  8.6696071250087509E-03 
          g = 16 )   6.2637324657613229E-04  7.3577085897635951E-04  8.6429923315442330E-04  1.0169985882145661E-03  1.2008102541017885E-03  1.4255160106086801E-03  1.7052482198374095E-03  2.0609829575843797E-03  2.5247762657452351E-03  3.1471921942796363E-03  4.0107862884486544E-03  5.2555410980995058E-03  7.1289672239851394E-03  1.0089756388490221E-02  1.5034705705994755E-02  1.0383859718035640E-02 
          g = 17 )   7.0737698227271476E-05  1.6471718487947028E-04  2.7482612610822829E-04  4.0487378917046540E-04  5.5999398060066225E-04  7.4728357043327880E-04  9.7683411618294629E-04  1.2634488124206181E-03  1.6295918879448879E-03  2.1106300852309179E-03  2.7644963568264559E-03  3.6902387990626587E-03  5.0652501880736767E-03  7.2238406695368804E-03  1.0832861667496172E-02  1.7311348619702557E-02  1.2632340929052360E-02 
          g = 18 )  -8.4972417310760296E-04 -7.7209896337563819E-04 -6.7958845789183964E-04 -5.6907378913290184E-04 -4.3652720361273423E-04 -2.7662275927269162E-04 -8.2114233171809342E-05  1.5719736735843502E-04  4.5624659491803773E-04  8.3791122525910206E-04  1.3390368621961810E-03  2.0222762619512675E-03  3.0005109955619624E-03  4.4899666978917025E-03  6.9327763561235611E-03  1.1299616554656671E-02  1.9898857534548665E-02  1.5640838459780201E-02 
          g = 19 )  -2.5720533310164780E-03 -2.5246493671782356E-03 -2.4617641218971351E-03 -2.3801511799471618E-03 -2.2757879754911224E-03 -2.1436321911251252E-03 -1.9772641070256391E-03 -1.7683339068033956E-03 -1.5056553942109194E-03 -1.1736202767959067E-03 -7.4923059099157689E-04 -1.9616054682858490E-04  5.4792968228028691E-04  1.6003074863100862E-03  3.2035713488302105E-03  5.9096925889973815E-03  1.1101281809352057E-02  2.2615080798129253E-02  1.9743901210652247E-02 
          g = 20 )  -5.8039022142013560E-03 -6.2048062774546688E-03 -6.2959620208666630E-03 -6.3022657640177688E-03 -6.2829559088824431E-03 -6.2311640517960050E-03 -6.1382576140829974E-03 -5.9933543823694323E-03 -5.7826795900902559E-03 -5.4886808934048979E-03 -5.0887191313982111E-03 -4.5528893189279648E-03 -3.8397752390842317E-03 -2.8866980673659852E-03 -1.5839857746683945E-03  3.0057888544891473E-04  3.3643831751222282E-03  9.4229522505976764E-03  2.4849308637651862E-02  2.5411430575521390E-02 
          g = 21 )   0.0000000000000000E+00 -4.4125777557829344E-05 -4.4057429140452670E-04 -9.6897607162415786E-04 -1.5749401631678297E-03 -2.2703879508949774E-03 -3.0689855042715314E-03 -3.9862145858147614E-03 -5.0392751109633307E-03 -6.2466547447492526E-03 -7.6270702511886338E-03 -9.1972458649268833E-03 -1.0967536728128193E-02 -1.2933451578858628E-02 -1.3645976604426301E-02 -1.1446987601180408E-02 -8.2956000215436369E-03 -3.7592991586465653E-03  3.9976491717278444E-03  2.4786035061839611E-02  3.3154786006544396E-02 
          g = 22 )   0.0000000000000000E+00  0.0000000000000000E+00  0.0000000000000000E+00  0.0000000000000000E+00  0.0000000000000000E+00  0.0000000000000000E+00  0.0000000000000000E+00  0.0000000000000000E+00  0.0000000000000000E+00  0.0000000000000000E+00  0.0000000000000000E+00  0.0000000000000000E+00  0.0000000000000000E+00  0.0000000000000000E+00 -1.4127889041856358E-03 -5.7922845284552101E-03 -1.0912801178812706E-02 -1.6465509249815866E-02 -2.1693692877766242E-02 -1.8660019397591893E-02  1.5101135772903557E-02  4.2670243799293114E-02 
          g = 23 )   0.0000000000000000E+00  0.0000000000000000E+00  0.0000000000000000E+00  0.0000000000000000E+00  0.0000000000000000E+00  0.0000000000000000E+00  0.0000000000000000E+00  0.0000000000000000E+00  0.0000000000000000E+00  0.0000000000000000E+00  0.0000000000000000E+00  0.0000000000000000E+00  0.0000000000000000E+00  0.0000000000000000E+00  0.0000000000000000E+00  0.0000000000000000E+00  0.0000000000000000E+00  0.0000000000000000E+00  0.0000000000000000E+00 -5.5182310282165144E-03 -2.3588489754772748E-02 -2.0073562535078981E-02  4.2254948464980423E-02 
          g = 24 )   0.0000000000000000E+00  0.0000000000000000E+00  0.0000000000000000E+00  0.0000000000000000E+00  0.0000000000000000E+00  0.0000000000000000E+00  0.0000000000000000E+00  0.0000000000000000E+00  0.0000000000000000E+00  0.0000000000000000E+00  0.0000000000000000E+00  0.0000000000000000E+00  0.0000000000000000E+00  0.0000000000000000E+00  0.0000000000000000E+00  0.0000000000000000E+00  0.0000000000000000E+00  0.0000000000000000E+00  0.0000000000000000E+00  0.0000000000000000E+00  0.0000000000000000E+00  0.0000000000000000E+00 -2.2857856511593513E-02  2.0728448292985369E-02 
          g = 25 )   0.0000000000000000E+00  0.0000000000000000E+00  0.0000000000000000E+00  0.0000000000000000E+00  0.0000000000000000E+00  0.0000000000000000E+00  0.0000000000000000E+00  0.0000000000000000E+00  0.0000000000000000E+00  0.0000000000000000E+00  0.0000000000000000E+00  0.0000000000000000E+00  0.0000000000000000E+00  0.0000000000000000E+00  0.0000000000000000E+00  0.0000000000000000E+00  0.0000000000000000E+00  0.0000000000000000E+00  0.0000000000000000E+00  0.0000000000000000E+00  0.0000000000000000E+00  0.0000000000000000E+00  0.0000000000000000E+00 -6.3802981995553397E-03  6.1020350337309508E-03 
 
       ell = 2
 
          g'=         1                       2                       3                       4                       5                       6                       7                       8                       9                       10                      11                      12                      13                      14                      15                      16                      17                      18                      19                      20                      21                      22                      23                      24                      25                     
                     ‾‾‾‾‾‾                  ‾‾‾‾‾‾                  ‾‾‾‾‾‾                  ‾‾‾‾‾‾                  ‾‾‾‾‾‾                  ‾‾‾‾‾‾                  ‾‾‾‾‾‾                  ‾‾‾‾‾‾                  ‾‾‾‾‾‾                  ‾‾‾‾‾‾                  ‾‾‾‾‾‾                  ‾‾‾‾‾‾                  ‾‾‾‾‾‾                  ‾‾‾‾‾‾                  ‾‾‾‾‾‾                  ‾‾‾‾‾‾                  ‾‾‾‾‾‾                  ‾‾‾‾‾‾                  ‾‾‾‾‾‾                  ‾‾‾‾‾‾                  ‾‾‾‾‾‾                  ‾‾‾‾‾‾                  ‾‾‾‾‾‾                  ‾‾‾‾‾‾                  ‾‾‾‾‾‾                  
          g =  1 )   1.7011811771435901E-03 
          g =  2 )   3.2479412132198561E-03  1.8433806322229124E-03 
          g =  3 )   2.9418254129531135E-03  3.5022351525165274E-03  2.0039474439419026E-03 
          g =  4 )   2.6327614481689819E-03  3.1413461030651004E-03  3.7858921878279692E-03  2.1861360951684295E-03 
          g =  5 )   2.3205385610787633E-03  2.7776103282398162E-03  3.3575811524566403E-03  4.1032012699152541E-03  2.3939407423320207E-03 
          g =  6 )   2.0048591797856789E-03  2.4109122669476036E-03  2.9268577643573705E-03  3.5912060649498615E-03  4.4591246678222550E-03  2.6323012029317540E-03 
          g =  7 )   1.6852916904063874E-03  2.0410426581920107E-03  2.4937933751360696E-03  3.0778150568270984E-03  3.8423319135399191E-03  4.8593629176913629E-03  2.9073766366684612E-03 
          g =  8 )   1.3612005556917384E-03  1.6676332563650524E-03  2.0583622645428353E-03  2.5634404132410661E-03  3.2261622927345062E-03  4.1100751444889342E-03  5.3103804063024630E-03  3.2269121489726100E-03 
          g =  9 )   1.0316455946652700E-03  1.2900577043723483E-03  1.6203481073531335E-03  2.0483992872795263E-03  2.6116254986577121E-03  3.3651458026920911E-03  4.3918627864363343E-03  5.8193403441918635E-03  3.6007335873771175E-03 
          g = 10 )   6.9524340448155091E-04  9.0728743794705514E-04  1.1791986475360656E-03  1.5327736974799567E-03  1.9996441651862866E-03  2.6266089994398350E-03  3.4843816386594044E-03  4.6823093047542660E-03  6.3938503383040432E-03  4.0414195196572245E-03 
          g = 11 )   3.4999423499704224E-04  5.1769796908362564E-04  7.3381515044632648E-04  1.0161895298116397E-03  1.3908326691301597E-03  1.8964194506680501E-03  2.5917038301945939E-03  3.5680709670064406E-03  4.9713958358118494E-03  7.0413288406482137E-03  4.5652171400992082E-03 
          g = 12 )  -6.8837386757156222E-06  1.1885228985315799E-04  2.8228615786052139E-04  4.9750480951485365E-04  7.8514865748662932E-04  1.1760830525301455E-03  1.7174963562663550E-03  2.4832958884710840E-03  3.5923470620503242E-03  5.2415079969848396E-03  7.7676268998989034E-03  5.1932889292864073E-03 
          g = 13 )  -3.7894864825324936E-04 -2.9260315369824988E-04 -1.7833228182774637E-04 -2.5529086336803245E-05  1.8143665449309279E-04  4.6609215381161485E-04  8.6467543424842430E-04  1.4344155408368741E-03  2.2681959253628117E-03  3.5213714133300596E-03  5.4626039267016164E-03  8.5741952050956520E-03  5.9533906434855047E-03 
          g = 14 )  -7.6982562372375528E-04 -7.2045072908764017E-04 -6.5177390302569732E-04 -5.5629250230028069E-04 -4.2288469341921040E-04 -2.3468821025557756E-04  3.4491176179191609E-05  4.2642803349312566E-04  1.0096756772115531E-03  1.9003037597216509E-03  3.3017223082653807E-03  5.5843383117149033E-03  9.4524031109469372E-03  6.8820589231998186E-03 
          g = 15 )  -1.1801535556046796E-03 -1.1662746616974806E-03 -1.1404252107991184E-03 -1.0977199197000230E-03 -1.0308782698639795E-03 -9.2878405690915923E-04 -7.7401370100887317E-04 -5.3847289032703282E-04 -1.7545310496602077E-04  3.9532398818177154E-04  1.3169282634364606E-03  2.8547268608349490E-03  5.5233363039427150E-03  1.0372247619009621E-02  8.0272364975016528E-03 
          g = 16 )  -1.5971106698102089E-03 -1.6197597918849169E-03 -1.6365507861690763E-03 -1.6446289148313604E-03 -1.6397238003455555E-03 -1.6152828062802869E-03 -1.5609611963523253E-03 -1.4599083838226423E-03 -1.2837259330561548E-03 -9.8276051781015939E-04 -4.6667951203061290E-04  4.3608557374122359E-04  2.0671276131769621E-03  5.1431598958439923E-03  1.1259946820951779E-02  9.4507079023423892E-03 
          g = 17 )  -1.9602138858890589E-03 -2.0257223921043791E-03 -2.0909038578116701E-03 -2.1543289725541384E-03 -2.2138265195396569E-03 -2.2660405098945571E-03 -2.3056532456969068E-03 -2.3239679938753199E-03 -2.3062172331605566E-03 -2.2262337220190376E-03 -2.0354339673398438E-03 -1.6389749340517982E-03 -8.4152510170502209E-04  7.8303471711261988E-04  4.2247897186336539E-03  1.1953532760424294E-02  1.1227924059654885E-02 
          g = 18 )  -2.0475476186211268E-03 -2.1714790032977124E-03 -2.3019834952252849E-03 -2.4387028427202036E-03 -2.5808919270798622E-03 -2.7272093759417829E-03 -2.8753703870694528E-03 -3.0215379854075662E-03 -3.1591870772421618E-03 -3.2768423845025425E-03 -3.3532734759324787E-03 -3.3466289737078114E-03 -3.1683179007918495E-03 -2.6162415837151808E-03 -1.1926309423814071E-03  2.4302952886132577E-03  1.2115846994945379E-02  1.3437198602448701E-02 
          g = 19 )  -1.0724133241271816E-03 -1.2795951036580690E-03 -1.5062920200249168E-03 -1.7538560943131316E-03 -2.0234658597060909E-03 -2.3159666249005354E-03 -2.6316297603556260E-03 -2.9697872652381888E-03 -3.3282619518793838E-03 -3.7024278200819749E-03 -4.0835076285262875E-03 -4.4550614012944341E-03 -4.7846261105846544E-03 -5.0010413960496873E-03 -4.9260676709153494E-03 -4.0489461984352286E-03 -7.1648982890913638E-04  1.1071431208901037E-02  1.6112874031013334E-02 
          g = 20 )   3.4750036791137435E-03  3.5598031505152191E-03  3.2940269234471298E-03  2.9093439199851857E-03  2.4638202376632457E-03  1.9496784059967651E-03  1.3587682159458903E-03  6.8297722713036863E-04 -8.5045494801433506E-05 -9.5068546527226098E-04 -1.9154420618994552E-03 -2.9739570479835704E-03 -4.1094580130433649E-03 -5.2863258664552423E-03 -6.4347594715497333E-03 -7.4033018112870906E-03 -7.7547172187624009E-03 -5.7328924123202533E-03  7.5415579159835390E-03  1.9083270386016218E-02 
          g = 21 )   0.0000000000000000E+00  4.3815546206632915E-05  4.2940874662432095E-04  9.1983218145347181E-04  1.4499581303708830E-03  2.0181388235585569E-03  2.6199640742651112E-03  3.2468235372156515E-03  3.8838174822880150E-03  4.5067443176903177E-03  5.0778041210820819E-03  5.5395698610620448E-03  5.8067332152862833E-03  5.7552122099438115E-03  3.8869615271663110E-03 -8.5784597136197901E-04 -5.7901358521293307E-03 -1.0214841235533118E-02 -1.2374795791968093E-02 -5.7049984873419276E-04  2.1457291276941379E-02 
          g = 22 )   0.0000000000000000E+00  0.0000000000000000E+00  0.0000000000000000E+00  0.0000000000000000E+00  0.0000000000000000E+00  0.0000000000000000E+00  0.0000000000000000E+00  0.0000000000000000E+00  0.0000000000000000E+00  0.0000000000000000E+00  0.0000000000000000E+00  0.0000000000000000E+00  0.0000000000000000E+00  0.0000000000000000E+00  1.3215875140161247E-03  4.7803651583019566E-03  7.3647245942304864E-03  8.0367812109509145E-03  5.4835900144937022E-03 -5.9725330927407182E-03 -1.3687711376500968E-02  2.0190810252930989E-02 
          g = 23 )   0.0000000000000000E+00  0.0000000000000000E+00  0.0000000000000000E+00  0.0000000000000000E+00  0.0000000000000000E+00  0.0000000000000000E+00  0.0000000000000000E+00  0.0000000000000000E+00  0.0000000000000000E+00  0.0000000000000000E+00  0.0000000000000000E+00  0.0000000000000000E+00  0.0000000000000000E+00  0.0000000000000000E+00  0.0000000000000000E+00  0.0000000000000000E+00  0.0000000000000000E+00  0.0000000000000000E+00  0.0000000000000000E+00  4.4165467064947858E-03  9.4335163172819779E-03 -2.6406993167311797E-03  1.2875775796050353E-02 
          g = 24 )   0.0000000000000000E+00  0.0000000000000000E+00  0.0000000000000000E+00  0.0000000000000000E+00  0.0000000000000000E+00  0.0000000000000000E+00  0.0000000000000000E+00  0.0000000000000000E+00  0.0000000000000000E+00  0.0000000000000000E+00  0.0000000000000000E+00  0.0000000000000000E+00  0.0000000000000000E+00  0.0000000000000000E+00  0.0000000000000000E+00  0.0000000000000000E+00  0.0000000000000000E+00  0.0000000000000000E+00  0.0000000000000000E+00  0.0000000000000000E+00  0.0000000000000000E+00  0.0000000000000000E+00  5.2175014502478939E-03  1.7525073129722447E-02 
          g = 25 )   0.0000000000000000E+00  0.0000000000000000E+00  0.0000000000000000E+00  0.0000000000000000E+00  0.0000000000000000E+00  0.0000000000000000E+00  0.0000000000000000E+00  0.0000000000000000E+00  0.0000000000000000E+00  0.0000000000000000E+00  0.0000000000000000E+00  0.0000000000000000E+00  0.0000000000000000E+00  0.0000000000000000E+00  0.0000000000000000E+00  0.0000000000000000E+00  0.0000000000000000E+00  0.0000000000000000E+00  0.0000000000000000E+00  0.0000000000000000E+00  0.0000000000000000E+00  0.0000000000000000E+00  0.0000000000000000E+00  1.5051551084047487E-03  2.0792788277996570E-02 
 
       ell = 3
 
          g'=         1                       2                       3                       4                       5                       6                       7                       8                       9                       10                      11                      12                      13                      14                      15                      16                      17                      18                      19                      20                      21                      22                      23                      24                      25                     
                     ‾‾‾‾‾‾                  ‾‾‾‾‾‾                  ‾‾‾‾‾‾                  ‾‾‾‾‾‾                  ‾‾‾‾‾‾                  ‾‾‾‾‾‾                  ‾‾‾‾‾‾                  ‾‾‾‾‾‾                  ‾‾‾‾‾‾                  ‾‾‾‾‾‾                  ‾‾‾‾‾‾                  ‾‾‾‾‾‾                  ‾‾‾‾‾‾                  ‾‾‾‾‾‾                  ‾‾‾‾‾‾                  ‾‾‾‾‾‾                  ‾‾‾‾‾‾                  ‾‾‾‾‾‾                  ‾‾‾‾‾‾                  ‾‾‾‾‾‾                  ‾‾‾‾‾‾                  ‾‾‾‾‾‾                  ‾‾‾‾‾‾                  ‾‾‾‾‾‾                  ‾‾‾‾‾‾                  
          g =  1 )   1.6653707661958691E-03 
          g =  2 )   3.0307726744912182E-03  1.8012317655548931E-03 
          g =  3 )   2.5157857623494305E-03  3.2470550899092896E-03  1.9540001245626545E-03 
          g =  4 )   2.0122372892773491E-03  2.6428608804713880E-03  3.4841150801909236E-03  2.1265096791310638E-03 
          g =  5 )   1.5225023308724768E-03  2.0556357430400385E-03  2.7710288288524034E-03  3.7438426248676479E-03  2.3221863813759967E-03 
          g =  6 )   1.0494452417710890E-03  1.4888283750084186E-03  2.0829996301395979E-03  2.8969073536893397E-03  4.0279970127965721E-03  2.5451924859783183E-03 
          g =  7 )   5.9656146133201318E-04  9.4659033300646114E-04  1.4250399694699853E-03  2.0869494406166697E-03  3.0153406914454821E-03  4.3379568292810401E-03  2.8006079817193023E-03 
          g =  8 )   1.6818872343964114E-04  4.3398207245448856E-04  8.0317005047689715E-04  1.3212708952880384E-03  2.0573953808096885E-03  3.1185832400158881E-03  4.6742900197617116E-03  3.0946570595152176E-03 
          g =  9 )  -2.3016248474106064E-04 -4.2711849681352524E-05  2.2471767619766927E-04  6.0861344813670085E-04  1.1648313482367598E-03  1.9805917111224381E-03  3.1951062208044291E-03  5.0360236228359761E-03  3.4349859608149803E-03 
          g = 10 )  -5.9126706660305654E-04 -4.7547162748983710E-04 -3.0120582560939706E-04 -4.0404111670305749E-05  3.5036199679291128E-04  9.3962622834041433E-04  1.8379182555576944E-03  3.2278569046744021E-03  5.4194097909079390E-03  3.8309921555662570E-03 
          g = 11 )  -9.0525969412834817E-04 -8.5366856219361710E-04 -7.6289661867319654E-04 -6.1255498162824415E-04 -3.7061609964423106E-04  1.4193996681378521E-05  6.2572459292658882E-04  1.6043977175987816E-03  3.1917387609526485E-03  5.8158422263088700E-03  4.2941865253227716E-03 
          g = 12 )  -1.1580022093119031E-03 -1.1625077940129048E-03 -1.1446031961550771E-03 -1.0906826495803849E-03 -9.7887065331417702E-04 -7.7338987269703105E-04 -4.1455589249740936E-04  1.9948484879186466E-04  1.2471065606489376E-03  3.0500302173110520E-03  6.2083324726988050E-03  4.8385242164866935E-03 
          g = 13 )  -1.3281469311287035E-03 -1.3801748490919754E-03 -1.4238055874422879E-03 -1.4511743791987290E-03 -1.4490772363459907E-03 -1.3951075352441932E-03 -1.2506579127450771E-03 -9.4790318508607249E-04 -3.6485846063866070E-04  7.2402889866638918E-04  2.7494951018561856E-03  6.5655400022733602E-03  5.4805294958324832E-03 
          g = 14 )  -1.3818517770518885E-03 -1.4725679600807618E-03 -1.5660464352602428E-03 -1.6589987425234987E-03 -1.7452039982782665E-03 -1.8131521387324456E-03 -1.8416441159192748E-03 -1.7913722151187994E-03 -1.5883458537421331E-03 -1.0901983505057580E-03 -1.5136672315914279E-05  2.2142910167265422E-03  6.8316693149301101E-03  6.2387797132265619E-03 
          g = 15 )  -1.2636255126638929E-03 -1.3838455130859401E-03 -1.5152942542315760E-03 -1.6580479282124422E-03 -1.8110626616393908E-03 -1.9710054714521482E-03 -2.1299438088268697E-03 -2.2706979257540831E-03 -2.3572724978024734E-03 -2.3145891471552799E-03 -1.9840790875377055E-03 -1.0224431923347851E-03  1.3401183002173286E-03  6.9095373331837752E-03  7.1317000840780131E-03 
          g = 16 )  -8.8267716933214499E-04 -1.0214160570467862E-03 -1.1776671730043921E-03 -1.3537710552820779E-03 -1.5521451569316003E-03 -1.7749386689268972E-03 -2.0232136521199798E-03 -2.2950715047034228E-03 -2.5813944379894358E-03 -2.8560644743505057E-03 -3.0529947497327844E-03 -3.0104526379317940E-03 -2.3304887486557749E-03 -5.7848017559859758E-06  6.6330498583969553E-03  8.1711659048582918E-03 
          g = 17 )  -1.0469771889874783E-04 -2.4319598660375277E-04 -4.0397778838950805E-04 -5.9092060903534016E-04 -8.0865397379110276E-04 -1.0626728510727055E-03 -1.3593815135281488E-03 -1.7058971247441270E-03 -2.1091570356082763E-03 -2.5731149935593529E-03 -3.0907408542089495E-03 -3.6216878523288205E-03 -4.0292204664534852E-03 -3.8962073111933541E-03 -1.9612599091250642E-03  5.7261433667269625E-03  9.3459423123411281E-03 
          g = 18 )   1.1751473105503325E-03  1.0825538966401272E-03  9.6507728313377061E-04  8.1741274185848393E-04  6.3305252476296620E-04  4.0397591457807321E-04  1.2024784252213962E-04 -2.3049318572767485E-04 -6.6364620118285851E-04 -1.1982093805134825E-03 -1.8566396786138990E-03 -2.6615974161675205E-03 -3.6210312541801676E-03 -4.6711817041408159E-03 -5.4654580023112487E-03 -4.5725852818906563E-03  3.7567739847364809E-03  1.0580856098831436E-02 
          g = 19 )   2.4174882366698740E-03  2.4951489990143313E-03  2.5559188822911090E-03  2.5931828750092411E-03  2.5984094889603053E-03  2.5606157337342483E-03  2.4656813942172222E-03  2.2954650025630301E-03  2.0266501662370307E-03  1.6292086547109660E-03  1.0643020837850796E-03  2.8141813918493920E-04 -7.8499687934057826E-04 -2.2157062484427503E-03 -4.0808585290815222E-03 -6.2655837411574929E-03 -7.4925101314366948E-03  1.5208853595048401E-04  1.1640050748522620E-02 
          g = 20 )  -1.1473388666883020E-03 -9.8963837258683827E-04 -4.7316547123466387E-04  1.4803935141558683E-04  8.0314473151647109E-04  1.4836395253137681E-03  2.1756513838154293E-03  2.8577605350946383E-03  3.4980591443724805E-03  4.0502739510088559E-03  4.4487887769424457E-03  4.6024625518082682E-03  4.3871791377963843E-03  3.6368079321032550E-03  2.1312284095018684E-03 -4.1811065447897890E-04 -4.3263280270288713E-03 -9.1456816441512784E-03 -5.4253410043935690E-03  1.1918070555469692E-02 
          g = 21 )   0.0000000000000000E+00 -4.3353269177715135E-05 -4.1304060935756613E-04 -8.4930725899193271E-04 -1.2750344990530400E-03 -1.6750752094967830E-03 -2.0290523916847935E-03 -2.3100948517413757E-03 -2.4835768219816229E-03 -2.5062210650010743E-03 -2.3263472242129059E-03 -1.8868590705068875E-03 -1.1340891695506418E-03 -3.8440354907755363E-05  2.5550722483331182E-03  6.3683000878492803E-03  7.4920028998833391E-03  4.3199359974279133E-03 -4.6180738748489835E-03 -1.1187274943676953E-02  1.0140319372971383E-02 
          g = 22 )   0.0000000000000000E+00  0.0000000000000000E+00  0.0000000000000000E+00  0.0000000000000000E+00  0.0000000000000000E+00  0.0000000000000000E+00  0.0000000000000000E+00  0.0000000000000000E+00  0.0000000000000000E+00  0.0000000000000000E+00  0.0000000000000000E+00  0.0000000000000000E+00  0.0000000000000000E+00  0.0000000000000000E+00 -1.1931219453403419E-03 -3.4957935479279214E-03 -3.5329890561734715E-03 -9.7403812557273893E-04  2.9813977691312749E-03  6.5195154061528718E-03 -6.4129291144833156E-03  5.1759970175992327E-03 
          g = 23 )   0.0000000000000000E+00  0.0000000000000000E+00  0.0000000000000000E+00  0.0000000000000000E+00  0.0000000000000000E+00  0.0000000000000000E+00  0.0000000000000000E+00  0.0000000000000000E+00  0.0000000000000000E+00  0.0000000000000000E+00  0.0000000000000000E+00  0.0000000000000000E+00  0.0000000000000000E+00  0.0000000000000000E+00  0.0000000000000000E+00  0.0000000000000000E+00  0.0000000000000000E+00  0.0000000000000000E+00  0.0000000000000000E+00 -3.0805597575409632E-03 -2.9068229991703789E-05 -2.0262928979661319E-03  4.9275297891941709E-03 
          g = 24 )   0.0000000000000000E+00  0.0000000000000000E+00  0.0000000000000000E+00  0.0000000000000000E+00  0.0000000000000000E+00  0.0000000000000000E+00  0.0000000000000000E+00  0.0000000000000000E+00  0.0000000000000000E+00  0.0000000000000000E+00  0.0000000000000000E+00  0.0000000000000000E+00  0.0000000000000000E+00  0.0000000000000000E+00  0.0000000000000000E+00  0.0000000000000000E+00  0.0000000000000000E+00  0.0000000000000000E+00  0.0000000000000000E+00  0.0000000000000000E+00  0.0000000000000000E+00  0.0000000000000000E+00 -2.4261056763134497E-03  2.3937363043596625E-03 
          g = 25 )   0.0000000000000000E+00  0.0000000000000000E+00  0.0000000000000000E+00  0.0000000000000000E+00  0.0000000000000000E+00  0.0000000000000000E+00  0.0000000000000000E+00  0.0000000000000000E+00  0.0000000000000000E+00  0.0000000000000000E+00  0.0000000000000000E+00  0.0000000000000000E+00  0.0000000000000000E+00  0.0000000000000000E+00  0.0000000000000000E+00  0.0000000000000000E+00  0.0000000000000000E+00  0.0000000000000000E+00  0.0000000000000000E+00  0.0000000000000000E+00  0.0000000000000000E+00  0.0000000000000000E+00  0.0000000000000000E+00 -6.8295691894413116E-04  6.8083949350764787E-04 
 
       ell = 4
 
          g'=         1                       2                       3                       4                       5                       6                       7                       8                       9                       10                      11                      12                      13                      14                      15                      16                      17                      18                      19                      20                      21                      22                      23                      24                      25                     
                     ‾‾‾‾‾‾                  ‾‾‾‾‾‾                  ‾‾‾‾‾‾                  ‾‾‾‾‾‾                  ‾‾‾‾‾‾                  ‾‾‾‾‾‾                  ‾‾‾‾‾‾                  ‾‾‾‾‾‾                  ‾‾‾‾‾‾                  ‾‾‾‾‾‾                  ‾‾‾‾‾‾                  ‾‾‾‾‾‾                  ‾‾‾‾‾‾                  ‾‾‾‾‾‾                  ‾‾‾‾‾‾                  ‾‾‾‾‾‾                  ‾‾‾‾‾‾                  ‾‾‾‾‾‾                  ‾‾‾‾‾‾                  ‾‾‾‾‾‾                  ‾‾‾‾‾‾                  ‾‾‾‾‾‾                  ‾‾‾‾‾‾                  ‾‾‾‾‾‾                  ‾‾‾‾‾‾                  
          g =  1 )   1.6185066862111598E-03 
          g =  2 )   2.7542925903801768E-03  1.7461626090569625E-03 
          g =  3 )   1.9961787548038717E-03  2.9235474686080663E-03  1.8888629209865191E-03 
          g =  4 )   1.2945112177635406E-03  2.0401256781485046E-03  3.1033737890921063E-03  2.0489146406726957E-03 
          g =  5 )   6.5665717877397484E-04  1.2328154141663941E-03  2.0688596000667608E-03  3.2929653504191313E-03  2.2290365055271247E-03 
          g =  6 )   9.0971269541476846E-05  5.1138793176452001E-04  1.1377890065766400E-03  2.0753843799573568E-03  3.4905520631442807E-03  2.4324299232643346E-03 
          g =  7 )  -3.9306609986524365E-04 -1.1318796335846484E-04  3.2312694976127670E-04  9.9962834162300378E-04  2.0501470951427916E-03  3.6928616890442062E-03  2.6628525282873720E-03 
          g =  8 )  -7.8469177265682070E-04 -6.2862478054999686E-04 -3.6078185247623014E-04  8.2865223229842042E-05  8.0606056328426151E-04  1.9801437149989422E-03  3.8942976705035196E-03  2.9246833444646768E-03 
          g =  9 )  -1.0716909615196180E-03 -1.0211996413930981E-03 -8.9816951170416861E-04 -6.5630597468013298E-04 -2.1911249568383370E-04  5.4202123274889292E-04  1.8477561612457948E-03  4.0856805614687876E-03  3.2229556182474081E-03 
          g = 10 )  -1.2402478915597014E-03 -1.2756717180603555E-03 -1.2718637828138396E-03 -1.1980205526659965E-03 -1.0016579958423827E-03 -5.9216207038436915E-04  1.8963548529526872E-04  1.6293085619613987E-03  4.2523192049751897E-03  3.5633077575483651E-03 
          g = 11 )  -1.2749216630973368E-03 -1.3753270149920711E-03 -1.4634537545339720E-03 -1.5215058022441305E-03 -1.5173887540458500E-03 -1.3931218952184920E-03 -1.0429646577651852E-03 -2.7102157564757326E-04  1.2934416552572135E-03  4.3710595886467555E-03  3.9517520304373057E-03 
          g = 12 )  -1.1590650947833744E-03 -1.3024314252848761E-03 -1.4538478399918195E-03 -1.6058461885258557E-03 -1.7427627739478881E-03 -1.8333107061036125E-03 -1.8161182332559617E-03 -1.5709042308483594E-03 -8.5940409574933622E-04  7.9970423448396343E-04  4.4058036753735555E-03  4.3940595513285987E-03 
          g = 13 )  -8.7659447756608961E-04 -1.0399148757759393E-03 -1.2249531882186368E-03 -1.4317865193512291E-03 -1.6570078602926093E-03 -1.8896616567653716E-03 -2.1028784258946332E-03 -2.2364050999951288E-03 -2.1593264179361857E-03 -1.5882541875789995E-03  9.8504029039550120E-05  4.3008380359935072E-03  4.8943572779256098E-03 
          g = 14 )  -4.1763290283314156E-04 -5.7664622491025903E-04 -7.6463706826835026E-04 -9.8649775091834684E-04 -1.2469077565922084E-03 -1.5487617512860246E-03 -1.8894350529232236E-03 -2.2521509254088369E-03 -2.5860721369884046E-03 -2.7597808605462973E-03 -2.4498622349161214E-03 -8.6468124253958570E-04  3.9713497053728616E-03  5.4521237402820038E-03 
          g = 15 )   2.0512763921621744E-04  7.7074596612246600E-05 -8.1276553183304948E-05 -2.7717287505460008E-04 -5.1954377944579190E-04 -8.1902983592672539E-04 -1.1873394115043063E-03 -1.6347382684794600E-03 -2.1626143208395327E-03 -2.7431889816533907E-03 -3.2652829825847267E-03 -3.3879565870963174E-03 -2.1339296043280439E-03  3.2913922892767004E-03  6.0559468545642982E-03 
          g = 16 )   9.1153951889771706E-04  8.4589038185536782E-04  7.5430396144541905E-04  6.2915921084461673E-04  4.6040428268877341E-04  2.3474176331883079E-04 -6.5357883630522625E-05 -4.6259445114577588E-04 -9.8487352183138457E-04 -1.6616556834012249E-03 -2.5079899327766241E-03 -3.4695482660119232E-03 -4.2441759478079660E-03 -3.7007918468139156E-03  2.0834014787668837E-03  6.6707864659234081E-03 
          g = 17 )   1.4397521634077013E-03  1.4741647745468074E-03  1.4937668848680752E-03  1.4921146706792987E-03  1.4603406963060951E-03  1.3861476757550892E-03  1.2523287738100560E-03  1.0345942054629726E-03  6.9845933126054809E-04  1.9517695131565269E-04 -5.4199769833662541E-04 -1.5944502231007159E-03 -3.0197139628531638E-03 -4.6670781296390450E-03 -5.4032622630770981E-03  1.2648915660230439E-04  7.2125426720413641E-03 
          g = 18 )   1.1148169501663716E-03  1.2760422184100772E-03  1.4442348698960384E-03  1.6161907204425509E-03  1.7867418136603697E-03  1.9478165082307823E-03  2.0870211401879863E-03  2.1854564277672315E-03  2.2142774399470117E-03  2.1291523147769541E-03  1.8612317299344927E-03  1.3027906068924610E-03  2.8758211125703048E-04 -1.4174119645749687E-03 -3.9960115989241393E-03 -6.7109508400212776E-03 -2.7590685367601341E-03  7.4998244164818225E-03 
          g = 19 )  -1.0888969184679016E-03 -9.0909763588246939E-04 -6.8900315277158541E-04 -4.2357443158589145E-04 -1.0811721506338130E-04  2.6100811954928748E-04  6.8520243536793494E-04  1.1616869599706241E-03  1.6803430622508858E-03  2.2185456567925771E-03  2.7325747116910548E-03  3.1428831337187040E-03  3.3077011169204439E-03  2.9740281533382866E-03  1.6908144187966242E-03 -1.2759601905505784E-03 -6.3637840409256656E-03 -6.3856426580205222E-03  7.1761364639162566E-03 
          g = 20 )  -4.3322251890044766E-04 -6.5502329434631058E-04 -1.1997590934303809E-03 -1.7785635556899729E-03 -2.3007439380178865E-03 -2.7363201058303605E-03 -3.0478786294114261E-03 -3.1900246404670228E-03 -3.1098542180897338E-03 -2.7495649138554231E-03 -2.0531874652365565E-03 -9.8086751923198256E-04  4.6343673617790874E-04  2.1804937562454828E-03  3.8800114544266574E-03  4.8909948894489937E-03  3.7601209687351794E-03 -2.2244665076225343E-03 -9.2646369378790987E-03  5.6600396257401164E-03 
          g = 21 )   0.0000000000000000E+00  4.2742594157930679E-05  3.9191081766759258E-04  7.6099327452634356E-04  1.0638009472623128E-03  1.2779919425209727E-03  1.3782740973121380E-03  1.3376528305891566E-03  1.1301925882108083E-03  7.3631854289492489E-04  1.5217770189215004E-04 -5.9491714144523295E-04 -1.4228593326421042E-03 -2.1625054569757310E-03 -3.5598461248494591E-03 -4.2413578784185734E-03 -9.0180182992552742E-04  4.6112535389533568E-03  5.5951003631996990E-03 -7.0684508140902869E-03  2.5674224825265562E-03 
          g = 22 )   0.0000000000000000E+00  0.0000000000000000E+00  0.0000000000000000E+00  0.0000000000000000E+00  0.0000000000000000E+00  0.0000000000000000E+00  0.0000000000000000E+00  0.0000000000000000E+00  0.0000000000000000E+00  0.0000000000000000E+00  0.0000000000000000E+00  0.0000000000000000E+00  0.0000000000000000E+00  0.0000000000000000E+00  1.0364824958441589E-03  2.1556595527650528E-03  4.8702686024662946E-04 -2.2544804279550951E-03 -2.4551055772184197E-03  4.8067978015382877E-04  4.2814578856512265E-04  2.9445845155460913E-04 
          g = 23 )   0.0000000000000000E+00  0.0000000000000000E+00  0.0000000000000000E+00  0.0000000000000000E+00  0.0000000000000000E+00  0.0000000000000000E+00  0.0000000000000000E+00  0.0000000000000000E+00  0.0000000000000000E+00  0.0000000000000000E+00  0.0000000000000000E+00  0.0000000000000000E+00  0.0000000000000000E+00  0.0000000000000000E+00  0.0000000000000000E+00  0.0000000000000000E+00  0.0000000000000000E+00  0.0000000000000000E+00  0.0000000000000000E+00  1.7801773519525296E-03 -2.3425529489729557E-03  1.6431178519099064E-04  4.2295571589753486E-04 
          g = 24 )   0.0000000000000000E+00  0.0000000000000000E+00  0.0000000000000000E+00  0.0000000000000000E+00  0.0000000000000000E+00  0.0000000000000000E+00  0.0000000000000000E+00  0.0000000000000000E+00  0.0000000000000000E+00  0.0000000000000000E+00  0.0000000000000000E+00  0.0000000000000000E+00  0.0000000000000000E+00  0.0000000000000000E+00  0.0000000000000000E+00  0.0000000000000000E+00  0.0000000000000000E+00  0.0000000000000000E+00  0.0000000000000000E+00  0.0000000000000000E+00  0.0000000000000000E+00  0.0000000000000000E+00 -1.4483395895485969E-04  0.0000000000000000E+00 
          g = 25 )   0.0000000000000000E+00  0.0000000000000000E+00  0.0000000000000000E+00  0.0000000000000000E+00  0.0000000000000000E+00  0.0000000000000000E+00  0.0000000000000000E+00  0.0000000000000000E+00  0.0000000000000000E+00  0.0000000000000000E+00  0.0000000000000000E+00  0.0000000000000000E+00  0.0000000000000000E+00  0.0000000000000000E+00  0.0000000000000000E+00  0.0000000000000000E+00  0.0000000000000000E+00  0.0000000000000000E+00  0.0000000000000000E+00  0.0000000000000000E+00  0.0000000000000000E+00  0.0000000000000000E+00  0.0000000000000000E+00  0.0000000000000000E+00  0.0000000000000000E+00 
 
       ell = 5
 
          g'=         1                       2                       3                       4                       5                       6                       7                       8                       9                       10                      11                      12                      13                      14                      15                      16                      17                      18                      19                      20                      21                      22                      23                      24                      25                     
                     ‾‾‾‾‾‾                  ‾‾‾‾‾‾                  ‾‾‾‾‾‾                  ‾‾‾‾‾‾                  ‾‾‾‾‾‾                  ‾‾‾‾‾‾                  ‾‾‾‾‾‾                  ‾‾‾‾‾‾                  ‾‾‾‾‾‾                  ‾‾‾‾‾‾                  ‾‾‾‾‾‾                  ‾‾‾‾‾‾                  ‾‾‾‾‾‾                  ‾‾‾‾‾‾                  ‾‾‾‾‾‾                  ‾‾‾‾‾‾                  ‾‾‾‾‾‾                  ‾‾‾‾‾‾                  ‾‾‾‾‾‾                  ‾‾‾‾‾‾                  ‾‾‾‾‾‾                  ‾‾‾‾‾‾                  ‾‾‾‾‾‾                  ‾‾‾‾‾‾                  ‾‾‾‾‾‾                  
          g =  1 )   1.5613218580626934E-03 
          g =  2 )   2.4289141172069238E-03  1.6791077415832750E-03 
          g =  3 )   1.4193194671754754E-03  2.5449448635053201E-03  1.8097395036242947E-03 
          g =  4 )   5.5568115230594946E-04  1.3789404989432714E-03  2.6606394192128786E-03  1.9549180514067455E-03 
          g =  5 )  -1.5192154992351272E-04  4.0403342026849843E-04  1.3092812769313809E-03  2.7725508410219248E-03  2.1165553532067824E-03 
          g =  6 )  -6.9394382800906662E-04 -3.6796801202290972E-04  2.1014661335953491E-04  1.2012020784952762E-03  2.8755620479584223E-03  2.2967675566696278E-03 
          g =  7 )  -1.0620517347501581E-03 -9.2670135087850436E-04 -6.2350687809889548E-04 -3.4409403260643996E-05  1.0430415932777700E-03  2.9621642210695045E-03  2.4978361492789076E-03 
          g =  8 )  -1.2501505987758288E-03 -1.2644410692258655E-03 -1.1815654968191757E-03 -9.2058560891377186E-04 -3.3860269076022633E-04  8.2010278516657755E-04  3.0214270857076265E-03  2.7221090601645477E-03 
          g =  9 )  -1.2559617395552338E-03 -1.3778786542619351E-03 -1.4591262133068323E-03 -1.4498774915965810E-03 -1.2577686401191830E-03 -7.1091163272260299E-04  5.1424129945935664E-04  3.0375388825304465E-03  2.9717916188989465E-03 
          g = 10 )  -1.0834797106825038E-03 -1.2708205412235588E-03 -1.4595418686397230E-03 -1.6246328839553152E-03 -1.7147219385876904E-03 -1.6270255927526246E-03 -1.1571732427449060E-03  1.0384940386404071E-04  2.9877653989047897E-03  3.2485379494550594E-03 
          g = 11 )  -7.4688642834590008E-04 -9.5836905859557711E-04 -1.1989941016138103E-03 -1.4621525001108767E-03 -1.7276259321849156E-03 -1.9463611437157610E-03 -2.0086560481157550E-03 -1.6764080813325374E-03 -4.3512402094885962E-04  2.8396787580591350E-03  3.5526826410896164E-03 
          g = 12 )  -2.7692444781049149E-04 -4.7357719308260354E-04 -7.1355526451091843E-04 -1.0023659121776707E-03 -1.3411674247821605E-03 -1.7191314902285009E-03 -2.0961193987665905E-03 -2.3633746006893686E-03 -2.2531282141647012E-03 -1.1257786603837488E-03  2.5476163269563504E-03  3.8818251948627988E-03 
          g = 13 )   2.6860854819414024E-04  1.2172829661710449E-04 -7.0424820092198484E-05 -3.1965036373826975E-04 -6.3927258696629889E-04 -1.0418161120504799E-03 -1.5321626975876741E-03 -2.0894474115738201E-03 -2.6208333330989177E-03 -2.8438356119889750E-03 -1.9817954094899521E-03  2.0487597824506289E-03  4.2282522650195125E-03 
          g = 14 )   7.8796702369028193E-04  7.1944103616048175E-04  6.1397794008758507E-04  4.5846247957127281E-04  2.3542666580404054E-04 -7.7769571444646397E-05 -5.0865807823796769E-04 -1.0855136465528644E-03 -1.8215230013017040E-03 -2.6652936847141595E-03 -3.3547935432679207E-03 -2.9886976080187692E-03  1.2605214918978544E-03  4.5742875651831483E-03 
          g = 15 )   1.1114024880785711E-03  1.1393010935040499E-03  1.1465159207890709E-03  1.1224090094350857E-03  1.0515922869062642E-03  9.1183004772601029E-04  6.7123990748616208E-04  2.8515246939929731E-04 -3.0535340539467298E-04 -1.1656407242628247E-03 -2.3245169970774267E-03 -3.6094485160812345E-03 -4.0655783175711571E-03  8.4454722805499659E-05  4.8840250264264567E-03 
          g = 16 )   9.8290320189704252E-04  1.1048596320054626E-03  1.2276953510428369E-03  1.3457779267025231E-03  1.4499332847662863E-03  1.5254093519557683E-03  1.5486276515567362E-03  1.4820475123833925E-03  1.2663416906110556E-03  8.0976468560660657E-04 -2.0954193452395883E-05 -1.3839279661366775E-03 -3.3132404788246590E-03 -4.9936347158753237E-03 -1.5691293381407346E-03  5.0891109837457489E-03 
          g = 17 )   1.2774040287877168E-04  2.9540312122039512E-04  4.8679069766246493E-04  7.0288407013681842E-04  9.4318529090430632E-04  1.2044347027066957E-03  1.4783722092339287E-03  1.7477879845671273E-03  1.9794793376584881E-03  2.1116395858542646E-03  2.0316780558041489E-03  1.5402956336128773E-03  3.1056511403893249E-04 -2.0596980468144438E-03 -5.3031981828684897E-03 -3.7007724884355600E-03  5.0663096444419475E-03 
          g = 18 )  -1.2638641142507033E-03 -1.1952606360611548E-03 -1.0914450982112479E-03 -9.4422955986449980E-04 -7.4420265034774149E-04 -4.8097136900578953E-04 -1.4386594286519390E-04  2.7643477850746253E-04  7.8444292596122425E-04  1.3726790500349915E-03  2.0067538809930220E-03  2.5940649991233341E-03  2.9181949584125406E-03  2.5097004683957685E-03  4.6718646950936300E-04 -4.1722682672632192E-03 -6.0109862207792164E-03  4.6107385705937420E-03 
          g = 19 )  -9.2287983416831476E-04 -1.1568465739777362E-03 -1.3956834591521987E-03 -1.6306086861614735E-03 -1.8487389402573361E-03 -2.0317532350813275E-03 -2.1543014599525569E-03 -2.1822747469198130E-03 -2.0712896604482903E-03 -1.7662554573738896E-03 -1.2040489999532574E-03 -3.2403495546584637E-04  9.0196460433752533E-04  2.3900003702677455E-03  3.7335343386436857E-03  3.6758660388019502E-03 -6.7253578985489876E-04 -7.4607085181265485E-03  0.0000000000000000E+00 
          g = 20 )   9.6869335311653391E-04  1.0936776910237486E-03  1.4841104135313479E-03  1.8167224722107557E-03  1.9925204130365089E-03  1.9802343567305327E-03  1.7509459668183249E-03  1.2836744102690334E-03  5.7449134649101665E-04 -3.4940610338359175E-04 -1.4092899969151776E-03 -2.4478875291780206E-03 -3.1993271857809159E-03 -3.2702299484191608E-03 -2.1742684515724249E-03  4.5436889057578930E-04  4.0492181896562536E-03  4.4027229095298295E-03  0.0000000000000000E+00  0.0000000000000000E+00 
          g = 21 )   0.0000000000000000E+00 -4.1988324691528064E-05 -3.6658250901270650E-04 -6.5930355949339321E-04 -8.3222957017242802E-04 -8.6760395775135955E-04 -7.5228047631324972E-04 -4.8241167444472747E-04 -7.0292737984969545E-05  4.4633776941294985E-04  9.9301645203411326E-04  1.4478619092040180E-03  1.6388379375173081E-03  1.3660952451562377E-03  1.3460186743400738E-03  6.0530110344436562E-05 -3.2311447411030301E-03 -3.1730517417399287E-03  0.0000000000000000E+00  0.0000000000000000E+00  0.0000000000000000E+00 
          g = 22 )   0.0000000000000000E+00  0.0000000000000000E+00  0.0000000000000000E+00  0.0000000000000000E+00  0.0000000000000000E+00  0.0000000000000000E+00  0.0000000000000000E+00  0.0000000000000000E+00  0.0000000000000000E+00  0.0000000000000000E+00  0.0000000000000000E+00  0.0000000000000000E+00  0.0000000000000000E+00  0.0000000000000000E+00 -8.6237897090008311E-04 -9.6339592654370453E-04  1.1660357606752408E-03  1.9136716234086188E-03  0.0000000000000000E+00  0.0000000000000000E+00  0.0000000000000000E+00  0.0000000000000000E+00 
          g = 23 )   0.0000000000000000E+00  0.0000000000000000E+00  0.0000000000000000E+00  0.0000000000000000E+00  0.0000000000000000E+00  0.0000000000000000E+00  0.0000000000000000E+00  0.0000000000000000E+00  0.0000000000000000E+00  0.0000000000000000E+00  0.0000000000000000E+00  0.0000000000000000E+00  0.0000000000000000E+00  0.0000000000000000E+00  0.0000000000000000E+00  0.0000000000000000E+00  0.0000000000000000E+00  0.0000000000000000E+00  0.0000000000000000E+00  0.0000000000000000E+00  0.0000000000000000E+00  0.0000000000000000E+00  0.0000000000000000E+00 
          g = 24 )   0.0000000000000000E+00  0.0000000000000000E+00  0.0000000000000000E+00  0.0000000000000000E+00  0.0000000000000000E+00  0.0000000000000000E+00  0.0000000000000000E+00  0.0000000000000000E+00  0.0000000000000000E+00  0.0000000000000000E+00  0.0000000000000000E+00  0.0000000000000000E+00  0.0000000000000000E+00  0.0000000000000000E+00  0.0000000000000000E+00  0.0000000000000000E+00  0.0000000000000000E+00  0.0000000000000000E+00  0.0000000000000000E+00  0.0000000000000000E+00  0.0000000000000000E+00  0.0000000000000000E+00  0.0000000000000000E+00  0.0000000000000000E+00 
          g = 25 )   0.0000000000000000E+00  0.0000000000000000E+00  0.0000000000000000E+00  0.0000000000000000E+00  0.0000000000000000E+00  0.0000000000000000E+00  0.0000000000000000E+00  0.0000000000000000E+00  0.0000000000000000E+00  0.0000000000000000E+00  0.0000000000000000E+00  0.0000000000000000E+00  0.0000000000000000E+00  0.0000000000000000E+00  0.0000000000000000E+00  0.0000000000000000E+00  0.0000000000000000E+00  0.0000000000000000E+00  0.0000000000000000E+00  0.0000000000000000E+00  0.0000000000000000E+00  0.0000000000000000E+00  0.0000000000000000E+00  0.0000000000000000E+00  0.0000000000000000E+00 
 
       ell = 6
 
          g'=         1                       2                       3                       4                       5                       6                       7                       8                       9                       10                      11                      12                      13                      14                      15                      16                      17                      18                      19                      20                      21                      22                      23                      24                      25                     
                     ‾‾‾‾‾‾                  ‾‾‾‾‾‾                  ‾‾‾‾‾‾                  ‾‾‾‾‾‾                  ‾‾‾‾‾‾                  ‾‾‾‾‾‾                  ‾‾‾‾‾‾                  ‾‾‾‾‾‾                  ‾‾‾‾‾‾                  ‾‾‾‾‾‾                  ‾‾‾‾‾‾                  ‾‾‾‾‾‾                  ‾‾‾‾‾‾                  ‾‾‾‾‾‾                  ‾‾‾‾‾‾                  ‾‾‾‾‾‾                  ‾‾‾‾‾‾                  ‾‾‾‾‾‾                  ‾‾‾‾‾‾                  ‾‾‾‾‾‾                  ‾‾‾‾‾‾                  ‾‾‾‾‾‾                  ‾‾‾‾‾‾                  ‾‾‾‾‾‾                  ‾‾‾‾‾‾                  
          g =  1 )   1.4947030696278044E-03 
          g =  2 )   2.0667080896591724E-03  1.6011946702916119E-03 
          g =  3 )   8.2464477655141630E-04  2.1264769795732437E-03  1.7180772234982793E-03 
          g =  4 )  -1.2863930066722950E-04  7.0831681702661082E-04  2.1752838559026136E-03  1.8463970864167772E-03 
          g =  5 )  -7.9312643404460214E-04 -3.3896266068502849E-04  5.5351585760917538E-04  2.2074503127277574E-03  1.9872048062344995E-03 
          g =  6 )  -1.1749722844226519E-03 -1.0206618012006403E-03 -5.8867020521929166E-04  3.5119072386553872E-04  2.2151912245841235E-03  2.1414731706314921E-03 
          g =  7 )  -1.2886927066378781E-03 -1.3519462922840881E-03 -1.2665766673957152E-03 -8.8066719446947299E-04  9.0810721108702840E-05  2.1878764379945834E-03  2.3099532040196566E-03 
          g =  8 )  -1.1599388388809655E-03 -1.3610852872323199E-03 -1.5112131679361836E-03 -1.5216467282319814E-03 -1.2151534871498915E-03 -2.3931842347960574E-04  2.1110659756325839E-03  2.4929275256526718E-03 
          g =  9 )  -8.2894903395543411E-04 -1.0934291888083242E-03 -1.3740051183699152E-03 -1.6302022360267809E-03 -1.7688703647094849E-03 -1.5870485389578620E-03 -6.5108851074645899E-04  1.9652965450702902E-03  2.6897940561036436E-03 
          g = 10 )  -3.5468422974776370E-04 -6.1611639417069098E-04 -9.3228808550357425E-04 -1.2963416585934152E-03 -1.6759141173297708E-03 -1.9795191224026274E-03 -1.9817570862747059E-03 -1.1543541821427332E-03  1.7246673866236823E-03  2.8983693837947356E-03 
          g = 11 )   1.8061751437771603E-04 -2.3224574129220009E-05 -2.9525069177997125E-04 -6.4868675155954451E-04 -1.0899900256585847E-03 -1.6027406748070809E-03 -2.1080679914208937E-03 -2.3684819156661015E-03 -1.7523200265223671E-03  1.3554657960055938E-03  0.0000000000000000E+00 
          g = 12 )   6.6752138042385834E-04  5.5968387179164858E-04  3.9077479404988903E-04  1.3926259369040529E-04 -2.2060792876279285E-04 -7.1443193712413206E-04 -1.3526206019713596E-03 -2.0868266468986904E-03 -2.6902800110323410E-03 -2.4326385255519622E-03  0.0000000000000000E+00  0.0000000000000000E+00 
          g = 13 )   9.6935622888052618E-04  9.7477827364491124E-04  9.4080642830265179E-04  8.4688617783903227E-04  6.6381310294523976E-04  3.5161077193430400E-04 -1.4012937269883529E-04 -8.6211774131035059E-04 -1.8233179476594269E-03 -2.8508454755259457E-03  0.0000000000000000E+00  0.0000000000000000E+00  0.0000000000000000E+00 
          g = 14 )   9.3514703058791913E-04  1.0437912884621878E-03  1.1421248031100097E-03  1.2167329688718700E-03  1.2460181739723855E-03  1.1958202851056429E-03  1.0133924012054130E-03  6.2080251860534503E-04 -8.6082509530474894E-05 -1.2088218638853048E-03  0.0000000000000000E+00  0.0000000000000000E+00  0.0000000000000000E+00  0.0000000000000000E+00 
          g = 15 )   4.4917148889440651E-04  6.1600497255575226E-04  8.0083957293406826E-04  1.0001406785730843E-03  1.2055324534896343E-03  1.4000559596057964E-03  1.5517811744455376E-03  1.6031977792062507E-03  1.4547880017295491E-03  9.4439480751822491E-04  0.0000000000000000E+00  0.0000000000000000E+00  0.0000000000000000E+00  0.0000000000000000E+00  0.0000000000000000E+00 
          g = 16 )  -4.2920308412125447E-04 -2.9156844167650323E-04 -1.1812437512464665E-04  9.6879059151175893E-05  3.5857149170540639E-04  6.6971994439023132E-04  1.0271569713078304E-03  1.4146296969168761E-03  1.7887454932496156E-03  2.0521370448442007E-03  0.0000000000000000E+00  0.0000000000000000E+00  0.0000000000000000E+00  0.0000000000000000E+00  0.0000000000000000E+00  0.0000000000000000E+00 
          g = 17 )  -1.1606828895342682E-03 -1.1710504073659935E-03 -1.1514392902196196E-03 -1.0909293983746653E-03 -9.7568219307124211E-04 -7.8859439712042616E-04 -5.0943857884756295E-04 -1.1633245578657940E-04  4.0949333179549676E-04  1.0710547566017664E-03  0.0000000000000000E+00  0.0000000000000000E+00  0.0000000000000000E+00  0.0000000000000000E+00  0.0000000000000000E+00  0.0000000000000000E+00  0.0000000000000000E+00 
          g = 18 )  -4.6728216882010293E-04 -6.6538572844784946E-04 -8.7627230467523728E-04 -1.0937751039451842E-03 -1.3075924505252495E-03 -1.5014559100251404E-03 -1.6506576518754048E-03 -1.7188693992398693E-03 -1.6544518656160213E-03 -1.3873150110611115E-03  0.0000000000000000E+00  0.0000000000000000E+00  0.0000000000000000E+00  0.0000000000000000E+00  0.0000000000000000E+00  0.0000000000000000E+00  0.0000000000000000E+00  0.0000000000000000E+00 
          g = 19 )   1.5277499723708547E-03  1.5348079800254113E-03  1.4918072304469813E-03  1.3850003786808457E-03  1.1993696985585208E-03  9.1985581885801841E-04  5.3380728254024854E-04  3.5444524273752119E-05 -5.6646587011713843E-04 -1.2360339007438902E-03  0.0000000000000000E+00  0.0000000000000000E+00  0.0000000000000000E+00  0.0000000000000000E+00  0.0000000000000000E+00  0.0000000000000000E+00  0.0000000000000000E+00  0.0000000000000000E+00  0.0000000000000000E+00 
          g = 20 )  -6.6868403560156674E-04 -6.4844707421709863E-04 -8.4986186252390922E-04 -9.2711584857312795E-04 -7.9787615715794875E-04 -4.6266932075684927E-04  5.8154900793250747E-05  7.1518582894295282E-04  1.4194336724821629E-03  2.0329204227085332E-03  0.0000000000000000E+00  0.0000000000000000E+00  0.0000000000000000E+00  0.0000000000000000E+00  0.0000000000000000E+00  0.0000000000000000E+00  0.0000000000000000E+00  0.0000000000000000E+00  0.0000000000000000E+00  0.0000000000000000E+00 
          g = 21 )   0.0000000000000000E+00  4.1096369670868861E-05  3.3772111354369823E-04  5.4918738124746277E-04  5.9707304695801955E-04  4.8312385885733965E-04  2.2391196598963743E-04 -1.4334136433123235E-04 -5.5498642799932483E-04 -9.1745601592807492E-04  0.0000000000000000E+00  0.0000000000000000E+00  0.0000000000000000E+00  0.0000000000000000E+00  0.0000000000000000E+00  0.0000000000000000E+00  0.0000000000000000E+00  0.0000000000000000E+00  0.0000000000000000E+00  0.0000000000000000E+00  0.0000000000000000E+00 
          g = 22 )   0.0000000000000000E+00  0.0000000000000000E+00  0.0000000000000000E+00  0.0000000000000000E+00  0.0000000000000000E+00  0.0000000000000000E+00  0.0000000000000000E+00  0.0000000000000000E+00  0.0000000000000000E+00  0.0000000000000000E+00  0.0000000000000000E+00  0.0000000000000000E+00  0.0000000000000000E+00  0.0000000000000000E+00  0.0000000000000000E+00  0.0000000000000000E+00  0.0000000000000000E+00  0.0000000000000000E+00  0.0000000000000000E+00  0.0000000000000000E+00  0.0000000000000000E+00  0.0000000000000000E+00 
          g = 23 )   0.0000000000000000E+00  0.0000000000000000E+00  0.0000000000000000E+00  0.0000000000000000E+00  0.0000000000000000E+00  0.0000000000000000E+00  0.0000000000000000E+00  0.0000000000000000E+00  0.0000000000000000E+00  0.0000000000000000E+00  0.0000000000000000E+00  0.0000000000000000E+00  0.0000000000000000E+00  0.0000000000000000E+00  0.0000000000000000E+00  0.0000000000000000E+00  0.0000000000000000E+00  0.0000000000000000E+00  0.0000000000000000E+00  0.0000000000000000E+00  0.0000000000000000E+00  0.0000000000000000E+00  0.0000000000000000E+00 
          g = 24 )   0.0000000000000000E+00  0.0000000000000000E+00  0.0000000000000000E+00  0.0000000000000000E+00  0.0000000000000000E+00  0.0000000000000000E+00  0.0000000000000000E+00  0.0000000000000000E+00  0.0000000000000000E+00  0.0000000000000000E+00  0.0000000000000000E+00  0.0000000000000000E+00  0.0000000000000000E+00  0.0000000000000000E+00  0.0000000000000000E+00  0.0000000000000000E+00  0.0000000000000000E+00  0.0000000000000000E+00  0.0000000000000000E+00  0.0000000000000000E+00  0.0000000000000000E+00  0.0000000000000000E+00  0.0000000000000000E+00  0.0000000000000000E+00 
          g = 25 )   0.0000000000000000E+00  0.0000000000000000E+00  0.0000000000000000E+00  0.0000000000000000E+00  0.0000000000000000E+00  0.0000000000000000E+00  0.0000000000000000E+00  0.0000000000000000E+00  0.0000000000000000E+00  0.0000000000000000E+00  0.0000000000000000E+00  0.0000000000000000E+00  0.0000000000000000E+00  0.0000000000000000E+00  0.0000000000000000E+00  0.0000000000000000E+00  0.0000000000000000E+00  0.0000000000000000E+00  0.0000000000000000E+00  0.0000000000000000E+00  0.0000000000000000E+00  0.0000000000000000E+00  0.0000000000000000E+00  0.0000000000000000E+00  0.0000000000000000E+00 
 
       ell = 7
 
          g'=         1                       2                       3                       4                       5                       6                       7                       8                       9                       10                      11                      12                      13                      14                      15                      16                      17                      18                      19                      20                      21                      22                      23                      24                      25                     
                     ‾‾‾‾‾‾                  ‾‾‾‾‾‾                  ‾‾‾‾‾‾                  ‾‾‾‾‾‾                  ‾‾‾‾‾‾                  ‾‾‾‾‾‾                  ‾‾‾‾‾‾                  ‾‾‾‾‾‾                  ‾‾‾‾‾‾                  ‾‾‾‾‾‾                  ‾‾‾‾‾‾                  ‾‾‾‾‾‾                  ‾‾‾‾‾‾                  ‾‾‾‾‾‾                  ‾‾‾‾‾‾                  ‾‾‾‾‾‾                  ‾‾‾‾‾‾                  ‾‾‾‾‾‾                  ‾‾‾‾‾‾                  ‾‾‾‾‾‾                  ‾‾‾‾‾‾                  ‾‾‾‾‾‾                  ‾‾‾‾‾‾                  ‾‾‾‾‾‾                  ‾‾‾‾‾‾                  
          g =  1 )   0.0000000000000000E+00 
          g =  2 )   0.0000000000000000E+00  0.0000000000000000E+00 
          g =  3 )   0.0000000000000000E+00  0.0000000000000000E+00  0.0000000000000000E+00 
          g =  4 )   0.0000000000000000E+00  0.0000000000000000E+00  0.0000000000000000E+00  0.0000000000000000E+00 
          g =  5 )   0.0000000000000000E+00  0.0000000000000000E+00  0.0000000000000000E+00  0.0000000000000000E+00  0.0000000000000000E+00 
          g =  6 )   0.0000000000000000E+00  0.0000000000000000E+00  0.0000000000000000E+00  0.0000000000000000E+00  0.0000000000000000E+00  0.0000000000000000E+00 
          g =  7 )   0.0000000000000000E+00  0.0000000000000000E+00  0.0000000000000000E+00  0.0000000000000000E+00  0.0000000000000000E+00  0.0000000000000000E+00  0.0000000000000000E+00 
          g =  8 )   0.0000000000000000E+00  0.0000000000000000E+00  0.0000000000000000E+00  0.0000000000000000E+00  0.0000000000000000E+00  0.0000000000000000E+00  0.0000000000000000E+00  0.0000000000000000E+00 
          g =  9 )   0.0000000000000000E+00  0.0000000000000000E+00  0.0000000000000000E+00  0.0000000000000000E+00  0.0000000000000000E+00  0.0000000000000000E+00  0.0000000000000000E+00  0.0000000000000000E+00  0.0000000000000000E+00 
          g = 10 )   0.0000000000000000E+00  0.0000000000000000E+00  0.0000000000000000E+00  0.0000000000000000E+00  0.0000000000000000E+00  0.0000000000000000E+00  0.0000000000000000E+00  0.0000000000000000E+00  0.0000000000000000E+00  0.0000000000000000E+00 
          g = 11 )   0.0000000000000000E+00  0.0000000000000000E+00  0.0000000000000000E+00  0.0000000000000000E+00  0.0000000000000000E+00  0.0000000000000000E+00  0.0000000000000000E+00  0.0000000000000000E+00  0.0000000000000000E+00  0.0000000000000000E+00  0.0000000000000000E+00 
          g = 12 )   0.0000000000000000E+00  0.0000000000000000E+00  0.0000000000000000E+00  0.0000000000000000E+00  0.0000000000000000E+00  0.0000000000000000E+00  0.0000000000000000E+00  0.0000000000000000E+00  0.0000000000000000E+00  0.0000000000000000E+00  0.0000000000000000E+00  0.0000000000000000E+00 
          g = 13 )   0.0000000000000000E+00  0.0000000000000000E+00  0.0000000000000000E+00  0.0000000000000000E+00  0.0000000000000000E+00  0.0000000000000000E+00  0.0000000000000000E+00  0.0000000000000000E+00  0.0000000000000000E+00  0.0000000000000000E+00  0.0000000000000000E+00  0.0000000000000000E+00  0.0000000000000000E+00 
          g = 14 )   0.0000000000000000E+00  0.0000000000000000E+00  0.0000000000000000E+00  0.0000000000000000E+00  0.0000000000000000E+00  0.0000000000000000E+00  0.0000000000000000E+00  0.0000000000000000E+00  0.0000000000000000E+00  0.0000000000000000E+00  0.0000000000000000E+00  0.0000000000000000E+00  0.0000000000000000E+00  0.0000000000000000E+00 
          g = 15 )   0.0000000000000000E+00  0.0000000000000000E+00  0.0000000000000000E+00  0.0000000000000000E+00  0.0000000000000000E+00  0.0000000000000000E+00  0.0000000000000000E+00  0.0000000000000000E+00  0.0000000000000000E+00  0.0000000000000000E+00  0.0000000000000000E+00  0.0000000000000000E+00  0.0000000000000000E+00  0.0000000000000000E+00  0.0000000000000000E+00 
          g = 16 )   0.0000000000000000E+00  0.0000000000000000E+00  0.0000000000000000E+00  0.0000000000000000E+00  0.0000000000000000E+00  0.0000000000000000E+00  0.0000000000000000E+00  0.0000000000000000E+00  0.0000000000000000E+00  0.0000000000000000E+00  0.0000000000000000E+00  0.0000000000000000E+00  0.0000000000000000E+00  0.0000000000000000E+00  0.0000000000000000E+00  0.0000000000000000E+00 
          g = 17 )   0.0000000000000000E+00  0.0000000000000000E+00  0.0000000000000000E+00  0.0000000000000000E+00  0.0000000000000000E+00  0.0000000000000000E+00  0.0000000000000000E+00  0.0000000000000000E+00  0.0000000000000000E+00  0.0000000000000000E+00  0.0000000000000000E+00  0.0000000000000000E+00  0.0000000000000000E+00  0.0000000000000000E+00  0.0000000000000000E+00  0.0000000000000000E+00  0.0000000000000000E+00 
          g = 18 )   0.0000000000000000E+00  0.0000000000000000E+00  0.0000000000000000E+00  0.0000000000000000E+00  0.0000000000000000E+00  0.0000000000000000E+00  0.0000000000000000E+00  0.0000000000000000E+00  0.0000000000000000E+00  0.0000000000000000E+00  0.0000000000000000E+00  0.0000000000000000E+00  0.0000000000000000E+00  0.0000000000000000E+00  0.0000000000000000E+00  0.0000000000000000E+00  0.0000000000000000E+00  0.0000000000000000E+00 
          g = 19 )   0.0000000000000000E+00  0.0000000000000000E+00  0.0000000000000000E+00  0.0000000000000000E+00  0.0000000000000000E+00  0.0000000000000000E+00  0.0000000000000000E+00  0.0000000000000000E+00  0.0000000000000000E+00  0.0000000000000000E+00  0.0000000000000000E+00  0.0000000000000000E+00  0.0000000000000000E+00  0.0000000000000000E+00  0.0000000000000000E+00  0.0000000000000000E+00  0.0000000000000000E+00  0.0000000000000000E+00  0.0000000000000000E+00 
          g = 20 )   0.0000000000000000E+00  0.0000000000000000E+00  0.0000000000000000E+00  0.0000000000000000E+00  0.0000000000000000E+00  0.0000000000000000E+00  0.0000000000000000E+00  0.0000000000000000E+00  0.0000000000000000E+00  0.0000000000000000E+00  0.0000000000000000E+00  0.0000000000000000E+00  0.0000000000000000E+00  0.0000000000000000E+00  0.0000000000000000E+00  0.0000000000000000E+00  0.0000000000000000E+00  0.0000000000000000E+00  0.0000000000000000E+00  0.0000000000000000E+00 
          g = 21 )   0.0000000000000000E+00  0.0000000000000000E+00  0.0000000000000000E+00  0.0000000000000000E+00  0.0000000000000000E+00  0.0000000000000000E+00  0.0000000000000000E+00  0.0000000000000000E+00  0.0000000000000000E+00  0.0000000000000000E+00  0.0000000000000000E+00  0.0000000000000000E+00  0.0000000000000000E+00  0.0000000000000000E+00  0.0000000000000000E+00  0.0000000000000000E+00  0.0000000000000000E+00  0.0000000000000000E+00  0.0000000000000000E+00  0.0000000000000000E+00  0.0000000000000000E+00 
          g = 22 )   0.0000000000000000E+00  0.0000000000000000E+00  0.0000000000000000E+00  0.0000000000000000E+00  0.0000000000000000E+00  0.0000000000000000E+00  0.0000000000000000E+00  0.0000000000000000E+00  0.0000000000000000E+00  0.0000000000000000E+00  0.0000000000000000E+00  0.0000000000000000E+00  0.0000000000000000E+00  0.0000000000000000E+00  0.0000000000000000E+00  0.0000000000000000E+00  0.0000000000000000E+00  0.0000000000000000E+00  0.0000000000000000E+00  0.0000000000000000E+00  0.0000000000000000E+00  0.0000000000000000E+00 
          g = 23 )   0.0000000000000000E+00  0.0000000000000000E+00  0.0000000000000000E+00  0.0000000000000000E+00  0.0000000000000000E+00  0.0000000000000000E+00  0.0000000000000000E+00  0.0000000000000000E+00  0.0000000000000000E+00  0.0000000000000000E+00  0.0000000000000000E+00  0.0000000000000000E+00  0.0000000000000000E+00  0.0000000000000000E+00  0.0000000000000000E+00  0.0000000000000000E+00  0.0000000000000000E+00  0.0000000000000000E+00  0.0000000000000000E+00  0.0000000000000000E+00  0.0000000000000000E+00  0.0000000000000000E+00  0.0000000000000000E+00 
          g = 24 )   0.0000000000000000E+00  0.0000000000000000E+00  0.0000000000000000E+00  0.0000000000000000E+00  0.0000000000000000E+00  0.0000000000000000E+00  0.0000000000000000E+00  0.0000000000000000E+00  0.0000000000000000E+00  0.0000000000000000E+00  0.0000000000000000E+00  0.0000000000000000E+00  0.0000000000000000E+00  0.0000000000000000E+00  0.0000000000000000E+00  0.0000000000000000E+00  0.0000000000000000E+00  0.0000000000000000E+00  0.0000000000000000E+00  0.0000000000000000E+00  0.0000000000000000E+00  0.0000000000000000E+00  0.0000000000000000E+00  0.0000000000000000E+00 
          g = 25 )   0.0000000000000000E+00  0.0000000000000000E+00  0.0000000000000000E+00  0.0000000000000000E+00  0.0000000000000000E+00  0.0000000000000000E+00  0.0000000000000000E+00  0.0000000000000000E+00  0.0000000000000000E+00  0.0000000000000000E+00  0.0000000000000000E+00  0.0000000000000000E+00  0.0000000000000000E+00  0.0000000000000000E+00  0.0000000000000000E+00  0.0000000000000000E+00  0.0000000000000000E+00  0.0000000000000000E+00  0.0000000000000000E+00  0.0000000000000000E+00  0.0000000000000000E+00  0.0000000000000000E+00  0.0000000000000000E+00  0.0000000000000000E+00  0.0000000000000000E+00 
 
       Total attenuation (cm⁻¹) : 
 
          g =  1 )   7.1308774816337211E-02 
          g =  2 )   7.2764249643506987E-02 
          g =  3 )   7.4299751372611050E-02 
          g =  4 )   7.5923184260736437E-02 
          g =  5 )   7.7643647879316616E-02 
          g =  6 )   7.9471655009993758E-02 
          g =  7 )   8.1419458260903632E-02 
          g =  8 )   8.3501420432583240E-02 
          g =  9 )   8.5734525784479501E-02 
          g = 10 )   8.8139042398228049E-02 
          g = 11 )   9.0739378260800682E-02 
          g = 12 )   9.3565243025784173E-02 
          g = 13 )   9.6653244152284448E-02 
          g = 14 )   1.0004909325837724E-01 
          g = 15 )   1.0381072704667532E-01 
          g = 16 )   1.0801285544309136E-01 
          g = 17 )   1.1275379829768080E-01 
          g = 18 )   1.1816610427278069E-01 
          g = 19 )   1.2443408989631631E-01 
          g = 20 )   1.3182570351697087E-01 
          g = 21 )   1.4075902680739333E-01 
          g = 22 )   1.5198987021006766E-01 
          g = 23 )   1.6748879707061512E-01 
          g = 24 )   2.0070930735440567E-01 
          g = 25 )   5.7837905871192980E+01 
 
       Energy deposition (MeV cm⁻¹) : 
 
          g =  1 )   0.0000000000000000E+00 
          g =  2 )   0.0000000000000000E+00 
          g =  3 )   0.0000000000000000E+00 
          g =  4 )   0.0000000000000000E+00 
          g =  5 )   0.0000000000000000E+00 
          g =  6 )   0.0000000000000000E+00 
          g =  7 )   0.0000000000000000E+00 
          g =  8 )   0.0000000000000000E+00 
          g =  9 )   0.0000000000000000E+00 
          g = 10 )   0.0000000000000000E+00 
          g = 11 )   0.0000000000000000E+00 
          g = 12 )   0.0000000000000000E+00 
          g = 13 )   0.0000000000000000E+00 
          g = 14 )   0.0000000000000000E+00 
          g = 15 )   0.0000000000000000E+00 
          g = 16 )   0.0000000000000000E+00 
          g = 17 )   0.0000000000000000E+00 
          g = 18 )   0.0000000000000000E+00 
          g = 19 )   0.0000000000000000E+00 
          g = 20 )   0.0000000000000000E+00 
          g = 21 )   0.0000000000000000E+00 
          g = 22 )   0.0000000000000000E+00 
          g = 23 )   0.0000000000000000E+00 
          g = 24 )   0.0000000000000000E+00 
          g = 25 )   0.0000000000000000E+00 
 
       Dose deposition (MeV cm⁻¹ g⁻¹) : 
 
          g =  1 )   0.0000000000000000E+00 
          g =  2 )   0.0000000000000000E+00 
          g =  3 )   0.0000000000000000E+00 
          g =  4 )   0.0000000000000000E+00 
          g =  5 )   0.0000000000000000E+00 
          g =  6 )   0.0000000000000000E+00 
          g =  7 )   0.0000000000000000E+00 
          g =  8 )   0.0000000000000000E+00 
          g =  9 )   0.0000000000000000E+00 
          g = 10 )   0.0000000000000000E+00 
          g = 11 )   0.0000000000000000E+00 
          g = 12 )   0.0000000000000000E+00 
          g = 13 )   0.0000000000000000E+00 
          g = 14 )   0.0000000000000000E+00 
          g = 15 )   0.0000000000000000E+00 
          g = 16 )   0.0000000000000000E+00 
          g = 17 )   0.0000000000000000E+00 
          g = 18 )   0.0000000000000000E+00 
          g = 19 )   0.0000000000000000E+00 
          g = 20 )   0.0000000000000000E+00 
          g = 21 )   0.0000000000000000E+00 
          g = 22 )   0.0000000000000000E+00 
          g = 23 )   0.0000000000000000E+00 
          g = 24 )   0.0000000000000000E+00 
          g = 25 )   0.0000000000000000E+00 
 
       Charge deposition (e cm⁻¹) : 
 
          g =  1 )  -7.1308774816337211E-02 
          g =  2 )  -7.2764249462794167E-02 
          g =  3 )  -7.4299751372611036E-02 
          g =  4 )  -7.5923184260736465E-02 
          g =  5 )  -7.7643647879316602E-02 
          g =  6 )  -7.9471655009993730E-02 
          g =  7 )  -8.1419458260903646E-02 
          g =  8 )  -8.3501420432583254E-02 
          g =  9 )  -8.5734525784479501E-02 
          g = 10 )  -8.8139042398228035E-02 
          g = 11 )  -9.0739378260800654E-02 
          g = 12 )  -9.3565243025784159E-02 
          g = 13 )  -9.6653244152284407E-02 
          g = 14 )  -1.0004909325837724E-01 
          g = 15 )  -1.0381068285644270E-01 
          g = 16 )  -1.0801285544309133E-01 
          g = 17 )  -1.1275379829768077E-01 
          g = 18 )  -1.1816610427278063E-01 
          g = 19 )  -1.2443408989631637E-01 
          g = 20 )  -1.3182570351697087E-01 
          g = 21 )  -1.4075902680739316E-01 
          g = 22 )  -1.5198987021006716E-01 
          g = 23 )  -1.6748879707061376E-01 
          g = 24 )  -2.0070930793594455E-01 
          g = 25 )  -5.7837905871207695E+01 
 
 ---------------------------------------------------------------
    PARTICLES : ELECTRONS
 ---------------------------------------------------------------
 
       Scattering coefficients (cm⁻¹) : 
 
       ell = 0
 
          g'=         1                       2                       3                       4                       5                       6                       7                       8                       9                       10                      11                      12                      13                      14                      15                      16                      17                      18                      19                      20                      21                      22                      23                      24                      25                      26                      27                      28                      29                      30                      31                      32                      33                      34                      35                     
                     ‾‾‾‾‾‾                  ‾‾‾‾‾‾                  ‾‾‾‾‾‾                  ‾‾‾‾‾‾                  ‾‾‾‾‾‾                  ‾‾‾‾‾‾                  ‾‾‾‾‾‾                  ‾‾‾‾‾‾                  ‾‾‾‾‾‾                  ‾‾‾‾‾‾                  ‾‾‾‾‾‾                  ‾‾‾‾‾‾                  ‾‾‾‾‾‾                  ‾‾‾‾‾‾                  ‾‾‾‾‾‾                  ‾‾‾‾‾‾                  ‾‾‾‾‾‾                  ‾‾‾‾‾‾                  ‾‾‾‾‾‾                  ‾‾‾‾‾‾                  ‾‾‾‾‾‾                  ‾‾‾‾‾‾                  ‾‾‾‾‾‾                  ‾‾‾‾‾‾                  ‾‾‾‾‾‾                  ‾‾‾‾‾‾                  ‾‾‾‾‾‾                  ‾‾‾‾‾‾                  ‾‾‾‾‾‾                  ‾‾‾‾‾‾                  ‾‾‾‾‾‾                  ‾‾‾‾‾‾                  ‾‾‾‾‾‾                  ‾‾‾‾‾‾                  ‾‾‾‾‾‾                  
          g =  1 )   4.1984771255347262E+01 
          g =  2 )   0.0000000000000000E+00  4.3818554789668504E+01 
          g =  3 )   4.1609080692725531E-01  0.0000000000000000E+00  4.5789491342722066E+01 
          g =  4 )   2.5218328249889965E-01  4.3414855131842700E-01  0.0000000000000000E+00  4.7912660098150802E+01 
          g =  5 )   1.7509399865019243E-01  2.6213523085263518E-01  4.5342085278309108E-01  0.0000000000000000E+00  5.0205374592527654E+01 
          g =  6 )   1.3025633060588171E-01  1.8130623146318095E-01  2.7265752440371577E-01  4.7401880208179986E-01  0.0000000000000000E+00  5.2687605083651228E+01 
          g =  7 )   1.0110129898499000E-01  1.3435078653957030E-01  1.8780315911983175E-01  2.8378951705066591E-01  4.9606619500621935E-01  0.0000000000000000E+00  5.5382499126030801E+01 
          g =  8 )   8.0790698463756139E-02  1.0386716377296698E-01  1.3857741458013820E-01  1.9459452402649172E-01  2.9557294995969174E-01  5.1970121830583604E-01  0.0000000000000000E+00  5.8317027741129436E+01 
          g =  9 )   6.5971167899290528E-02  8.2673355349642763E-02  1.0667737695754995E-01  1.4293193118827655E-01  2.0168868944469182E-01  3.0805182463383918E-01  5.4507836916039709E-01  0.0000000000000000E+00  6.1522793566790256E+01 
          g = 10 )   5.4800341254992432E-02  6.7247159348014646E-02  8.4548915702814004E-02  1.0952114047571843E-01  1.4740730486634279E-01  2.0909198078166477E-01  3.2127213716549435E-01  5.7237063272929389E-01  0.0000000000000000E+00  6.5037049802641931E+01 
          g = 11 )   4.6179975391852736E-02  5.5653170447028874E-02  6.8487003946019809E-02  8.6404213994663137E-02  1.1238466617046244E-01  1.5199302286091412E-01  2.1680781927562373E-01  3.3528141257413868E-01  6.0177193847599764E-01  0.0000000000000000E+00  6.8903996145974318E+01 
          g = 12 )   3.9413639157721218E-02  4.6737420293642688E-02  5.6455422495497287E-02  6.9677634307941744E-02  8.8223442727846060E-02  1.1525057040536865E-01  1.5667418452146645E-01  2.2483558608017237E-01  3.5012795352876319E-01  6.3349990675344103E-01  0.0000000000000000E+00  7.3176442503173774E+01 
          g = 13 )   3.4037725422533846E-02  3.9767933511433970E-02  4.7239773498334484E-02  5.7195645930191823E-02  7.0804006936030409E-02  8.9987768101235155E-02  1.1809716975706810E-01  1.6143038462201029E-01  2.3316913657441488E-01  3.6585968312757988E-01  6.6779887876177813E-01  0.0000000000000000E+00  7.7917966522695224E+01 
          g = 14 )   2.9731447309716358E-02  3.4257353318370702E-02  4.0069529047883960E-02  4.7678144104767284E-02  5.7861243304838238E-02  7.1848976286626648E-02  9.1674934016606369E-02  1.2089767396589843E-01  1.6623434525747771E-01  2.4179486168507860E-01  3.8252241255690977E-01  7.0494318922367549E-01  0.0000000000000000E+00  8.3205742283883652E+01 
          g = 15 )   2.6266090515118839E-02  2.9868584127541939E-02  3.4431634854214153E-02  4.0312697354718541E-02  4.8043405133094297E-02  5.8438612309180654E-02  7.2793244147680153E-02  9.3258883126915118E-02  1.2361928173238326E-01  1.7105025229305104E-01  2.5068916435697924E-01  4.0015729540832246E-01  7.4524058168345642E-01  0.0000000000000000E+00  8.9134293239362506E+01 
          g = 16 )   2.3475281906616598E-02  2.6361767008661777E-02  2.9971529220466833E-02  3.4558448161642413E-02  4.0492435707471526E-02  4.8326602549442176E-02  5.8913444948396981E-02  7.3615442366932252E-02  9.4709445331634654E-02  1.2622220260008410E-01  1.7583175466737055E-01  2.5981518481501764E-01  4.1879713277513819E-01  7.8903556418425902E-01  0.0000000000000000E+00  9.5820536322629863E+01 
          g = 17 )   2.1237364731508983E-02  2.3563494656202839E-02  2.6437798746897299E-02  3.0042255943801315E-02  3.4637450097136473E-02  4.0605162310370452E-02  4.8519607369768090E-02  5.9271270925108227E-02  7.4292439329731785E-02  9.5992178953958798E-02  1.2865865977133262E-01  1.8051959753427094E-01  2.6911856908179410E-01  4.3846105525006895E-01  8.3671232980807297E-01  0.0000000000000000E+00  1.0341065826797363E+02 
          g = 18 )   1.9465397486668999E-02  2.1349009364579580E-02  2.3650490411716872E-02  2.6501068598916728E-02  3.0085801091745808E-02  3.4671132818368658E-02  4.0649764697202093E-02  4.8616132963073128E-02  5.9498376285916948E-02  7.4800010871448774E-02  9.7068505682631923E-02  1.3087198382766785E-01  1.8503889320456279E-01  2.7852203573851525E-01  4.5914691370572946E-01  8.8869657450951378E-01  0.0000000000000000E+00  1.1208963701503279E+02 
          g = 19 )   1.8102607828352702E-02  1.9632839882830898E-02  2.1483509950262637E-02  2.3749642385890665E-02  2.6563347284135258E-02  3.0111882636404387E-02  3.4666420469170636E-02  4.0629189401429996E-02  4.8613308730712304E-02  5.9583300214442761E-02  7.5114095786107601E-02  9.7896370338469235E-02  1.3279600215304618E-01  1.8929610524525087E-01  2.8791846756058287E-01  4.8082043977026429E-01  9.4545505330144830E-01  0.0000000000000000E+00  1.2209465485569858E+02 
          g = 20 )   1.7122569365103334E-02  1.8365879578588446E-02  1.9856604463616725E-02  2.1663807983584468E-02  2.3882173204653936E-02  2.6643918044225553E-02  3.0137426600593566E-02  3.4637136820152140E-02  4.0552887255311892E-02  4.8514120598327111E-02  5.9519232290592791E-02  7.5212984966694124E-02  9.8431803119705646E-02  1.3435509116279523E-01  1.9317596398247533E-01  2.9716226364458198E-01  5.0339986556176153E-01  1.0074908877934321E+00  0.0000000000000000E+00  1.3373435931835215E+02 
          g = 21 )   1.6534434028891175E-02  1.7538587901539435E-02  1.8735300151559206E-02  2.0175015768681852E-02  2.1925897415612603E-02  2.4081697881009174E-02  2.6773867819566956E-02  3.0190647930849163E-02  3.4607936448766266E-02  4.0440665214618164E-02  4.8331245968270813E-02  5.9307841361059856E-02  7.5081010039598897E-02  9.8632005548456608E-02  1.3546553700817762E-01  1.9653880673981833E-01  3.0605879093732419E-01  5.2673420062402043E-01  1.0753312385116602E+00  0.0000000000000000E+00  1.4741711959731808E+02 
          g = 22 )   1.6394828482503489E-02  1.7191514281746985E-02  1.8139283087959413E-02  1.9275279007501721E-02  2.0648918910110177E-02  2.2327081316848501E-02  2.4401977163168831E-02  2.7003359646867561E-02  3.0317900319709407E-02  3.4620809284338049E-02  4.0328960577720056E-02  4.8093229426544697E-02  5.8965454712160033E-02  7.4714681023122828E-02  9.8460998851087861E-02  1.3603933394172124E-01  1.9921935626449919E-01  3.1435209234564865E-01  5.5057275773431802E-01  1.1495015789383745E+00  0.0000000000000000E+00  1.6369349047874471E+02 
          g = 23 )   1.6829716442253704E-02  1.7436273326583242E-02  1.8161984852838410E-02  1.9034539733527527E-02  2.0090173628728808E-02  2.1377083410226632E-02  2.2960528665300538E-02  2.4930617541279065E-02  2.7414464209956205E-02  3.0595664306515662E-02  3.4746331942109777E-02  4.0281511345116316E-02  4.7854799952105773E-02  5.8533274774823764E-02  7.4132946741648470E-02  9.7899623385745621E-02  1.3599240770515805E-01  2.0102893033164138E-01  3.2171179537154815E-01  5.7452288973824384E-01  1.2304767589126542E+00  0.0000000000000000E+00  1.8332179502344866E+02 
          g = 24 )   1.8072554208405880E-02  1.8493216706234539E-02  1.9007434600400750E-02  1.9636171691909104E-02  2.0406420680549084E-02  2.1353454094351670E-02  2.2524129707037162E-02  2.3981847583071501E-02  2.5814154145343427E-02  2.8144695329367996E-02  3.1152511509503749E-02  3.5104103967937950E-02  4.0408462643554389E-02  4.7714975018179791E-02  5.8094953693612505E-02  7.3394727675137231E-02  9.6963116070825792E-02  1.3526083345167136E-01  2.0176493652814123E-01  3.2772195560285544E-01  5.9799258313806325E-01  1.3185921376690584E+00  0.0000000000000000E+00  2.0737262971641178E+02 
          g = 25 )   2.0530677481937994E-02  2.0757791572390674E-02  2.1056372576232159E-02  2.1442503065594629E-02  2.1936613113478359E-02  2.2564982878480511E-02  2.3361903196321775E-02  2.4372847913578254E-02  2.5659238056783162E-02  2.7305773099679329E-02  2.9432013624861763E-02  3.2211210601808128E-02  3.5901881698188205E-02  4.0902608469234242E-02  4.7850803794262597E-02  5.7808562525114043E-02  7.2630142025017996E-02  9.5732497829926100E-02  1.3383171531810295E-01  2.0123512812716271E-01  3.3187851250141043E-01  6.2011554670524249E-01  1.4138863520644636E+00  0.0000000000000000E+00  2.3740152288483338E+02 
          g = 26 )   2.4903189311224753E-02  2.4919073950356224E-02  2.4985310444922380E-02  2.5114202420567416E-02  2.5321273541857772E-02  2.5626299647383215E-02  2.6054757047568822E-02  2.6639895628097411E-02  2.7425772007352578E-02  2.8471795180396518E-02  2.9859719856675071E-02  3.1704717252250700E-02  3.4173453876353080E-02  3.7514630977480409E-02  4.2112518707294780E-02  4.8584720562198612E-02  5.7969033699167900E-02  7.2099741440930898E-02  9.4412948263782659E-02  1.3180201861760232E-01  1.9931147906355903E-01  3.3361068346725026E-01  6.3966147969476028E-01  1.5158278361343966E+00  0.0000000000000000E+00  2.7574652240017554E+02 
          g = 27 )   3.2397998092624912E-02  3.2178659982113889E-02  3.1987271466650542E-02  3.1832813564115894E-02  3.1726686450239877E-02  3.1683448120102688E-02  3.1721826728739869E-02  3.1866131992755634E-02  3.2148261518459620E-02  3.2610615991092329E-02  3.3310440524026312E-02  3.4326470314090980E-02  3.5769419745672562E-02  3.7799107126964042E-02  4.0653472692015559E-02  4.4699800715529876E-02  5.0529294314828124E-02  5.9140635447712100E-02  7.2316793069468144E-02  9.3450228972110652E-02  1.2949456822003852E-01  1.9604482243299975E-01  3.3236100010254827E-01  6.5495074093805239E-01  1.6228467904744457E+00  0.0000000000000000E+00  3.2606753914790318E+02 
          g = 28 )   4.5152162412114810E-02  4.4675293188179019E-02  4.4200881955347028E-02  4.3734475053689575E-02  4.3283371866093823E-02  4.2857168242328589E-02  4.2468490855525370E-02  4.2134002351700735E-02  4.1875797729780430E-02  4.1723378015051854E-02  4.1716496484331150E-02  4.1909360074782215E-02  4.2377000992819602E-02  4.3225244612081382E-02  4.4606867178272780E-02  4.6748861476009110E-02  5.0000570309488762E-02  5.4923041388553209E-02  6.2464444641338351E-02  7.4326650189456223E-02  9.3787516156840001E-02  1.2770433687588481E-01  1.9191205024500699E-01  3.2780456434283667E-01  6.6384118435282702E-01  1.7315546331801812E+00  0.0000000000000000E+00  3.9438505676156160E+02 
          g = 29 )   6.7102970255851199E-02  6.6365556729093986E-02  6.5601240664653213E-02  6.4811560467223486E-02  6.3999112040446740E-02  6.3167930582609624E-02  6.2324010072343096E-02  6.1476015579272680E-02  6.0636269128436990E-02  5.9822129554588051E-02  5.9057949948244808E-02  5.8377899671545275E-02  5.7830112604192629E-02  5.7482929198252888E-02  5.7434557326831268E-02  5.7828537735106975E-02  5.8879516967172515E-02  6.0918279306744705E-02  6.4474877086127924E-02  7.0442071023581326E-02  8.0420458843384224E-02  9.7508638811855938E-02  1.2828800554702585E-01  1.8838779154524882E-01  3.2040911193895738E-01  6.6399543182338661E-01  1.8355165183628928E+00  0.0000000000000000E+00  4.9123649107759377E+02 
          g = 30 )   1.0596385030138376E-01  1.0502223269185006E-01  1.0402220104971180E-01  1.0296048893540896E-01  1.0183403535995975E-01  1.0064018533285200E-01  9.9376980174929297E-02  9.8043576080026063E-02  9.6640847092761786E-02  9.5172255452672466E-02  9.3645113523482704E-02  9.2072426410062927E-02  9.0475608823552461E-02  8.8888542688522698E-02  8.7363737870429073E-02  8.5981884622784027E-02  8.4867065375668210E-02  8.4211811956777793E-02  8.4320181725915627E-02  8.5685877662797602E-02  8.9143572174461283E-02  9.6186284737057148E-02  1.0969646690130966E-01  1.3582393835357739E-01  1.8946466617969918E-01  3.1292169078307930E-01  6.5406721961801118E-01  1.9236301251586911E+00  0.0000000000000000E+00  6.3660116223746115E+02 
          g = 31 )   1.7829757992472867E-01  1.7736482458672048E-01  1.7634816700246270E-01  1.7523914981166494E-01  1.7402847220742362E-01  1.7270595370040212E-01  1.7126052646584608E-01  1.6968027636341670E-01  1.6795256376758078E-01  1.6606427247368441E-01  1.6400226172905924E-01  1.6175413877889877E-01  1.5930953713567816E-01  1.5666219615764929E-01  1.5381332067361153E-01  1.5077701056237761E-01  1.4758909444548216E-01  1.4432168842960758E-01  1.4110767181957035E-01  1.3818302172860297E-01  1.3596299474403051E-01  1.3518688446282373E-01  1.3721414564543172E-01  1.4469232210323019E-01  1.6326400232364688E-01  2.0665488481926142E-01  3.1495788234536110E-01  6.3798936979148757E-01  1.9794530502093444E+00  0.0000000000000000E+00  8.7266157060717569E+02 
          g = 32 )   3.2508525510751973E-01  3.2479841819812683E-01  3.2443486016352363E-01  3.2398285024830586E-01  3.2342878977740697E-01  3.2275689473724972E-01  3.2194882506423372E-01  3.2098325443376668E-01  3.1983537596755601E-01  3.1847634318302254E-01  3.1687265352461297E-01  3.1498549714261048E-01  3.1277012185569153E-01  3.1017531646115559E-01  3.0714320675683382E-01  3.0360972474599951E-01  2.9950641293137387E-01  2.9476477976423959E-01  2.8932546058260705E-01  2.8315643477510627E-01  2.7628852480029098E-01  2.6888469728347120E-01  2.6137813461270865E-01  2.5475879366423049E-01  2.5121008929391764E-01  2.5568344482433120E-01  2.8047095796736166E-01  3.6185791383053167E-01  6.4217091398401049E-01  1.9901865082592822E+00  0.0000000000000000E+00  1.3032531604622684E+03 
          g = 33 )   6.7498657552779584E-01  6.7732051670255877E-01  6.7970892126854354E-01  6.8214780795194763E-01  6.8463151214192008E-01  6.8715222836091361E-01  6.8969942859689204E-01  6.9225912074135010E-01  6.9481290043409705E-01  6.9733673522442330E-01  6.9979940109973438E-01  7.0216046690825673E-01  7.0436769076513528E-01  7.0635365327456578E-01  7.0803140574409473E-01  7.0928886156639992E-01  7.0998161856702457E-01  7.0992390317529075E-01  7.0887745551098769E-01  7.0653861990466171E-01  7.0252511699283737E-01  6.9636701369627041E-01  6.8751385454707259E-01  6.7538828772403492E-01  6.5956328813603249E-01  6.4026643958705809E-01  6.1979183738139931E-01  6.0672497080107268E-01  6.3091479858727872E-01  8.1728633908892878E-01  2.0282340043009626E+00  0.0000000000000000E+00  2.2536941446952037E+03 
          g = 34 )   8.1517605873534760E-01  8.2053461232687275E-01  8.2618274104766831E-01  8.3214203603488746E-01  8.3843595274328164E-01  8.4508994354719214E-01  8.5213157743258350E-01  8.5959063296826188E-01  8.6749914348958179E-01  8.7589136260490441E-01  8.8480360193256691E-01  8.9427386860491920E-01  9.0434119321131945E-01  9.1504448271893302E-01  9.2642064682106917E-01  9.3850161311703673E-01  9.5130963931108670E-01  9.6485000549494493E-01  9.7909965631715157E-01  9.9398954979083920E-01  1.0093771841748502E+00  1.0250037692306946E+00  1.0404274967611418E+00  1.0549202854885582E+00  1.0673115350806577E+00  1.0757659921566312E+00  1.0775243559354972E+00  1.0688406681369687E+00  1.0462717465634161E+00  1.0149578231690444E+00  1.0385352308212312E+00  1.7422409100940146E+00  0.0000000000000000E+00  5.3355062761488662E+03 
          g = 35 )   2.2048494948963175E-03  2.2228179314701772E-03  2.2419364213236443E-03  2.2623126881666567E-03  2.2840677775992652E-03  2.3073381006470648E-03  2.3322778479191873E-03  2.3590618501972563E-03  2.3878889774988318E-03  2.4189861880938458E-03  2.4526133615028192E-03  2.4890690747007083E-03  2.5286975068324127E-03  2.5718966803496323E-03  2.6191282562794327E-03  2.6709290790808333E-03  2.7279245735094210E-03  2.7908438551953684E-03  2.8605358745180582E-03  2.9379847618312910E-03  3.0243201538090909E-03  3.1208133579458622E-03  3.2288400152962102E-03  3.3497685368338230E-03  3.4846879715722499E-03  3.6337898510560148E-03  3.7950003040277012E-03  3.9609819805566287E-03  4.1126712041276827E-03  4.2064486937455209E-03  4.1595006564671740E-03  3.9595419014804064E-03  6.5332394778238713E-03  0.0000000000000000E+00  6.4414092220859806E+04 
 
       ell = 1
 
          g'=         1                       2                       3                       4                       5                       6                       7                       8                       9                       10                      11                      12                      13                      14                      15                      16                      17                      18                      19                      20                      21                      22                      23                      24                      25                      26                      27                      28                      29                      30                      31                      32                      33                      34                      35                     
                     ‾‾‾‾‾‾                  ‾‾‾‾‾‾                  ‾‾‾‾‾‾                  ‾‾‾‾‾‾                  ‾‾‾‾‾‾                  ‾‾‾‾‾‾                  ‾‾‾‾‾‾                  ‾‾‾‾‾‾                  ‾‾‾‾‾‾                  ‾‾‾‾‾‾                  ‾‾‾‾‾‾                  ‾‾‾‾‾‾                  ‾‾‾‾‾‾                  ‾‾‾‾‾‾                  ‾‾‾‾‾‾                  ‾‾‾‾‾‾                  ‾‾‾‾‾‾                  ‾‾‾‾‾‾                  ‾‾‾‾‾‾                  ‾‾‾‾‾‾                  ‾‾‾‾‾‾                  ‾‾‾‾‾‾                  ‾‾‾‾‾‾                  ‾‾‾‾‾‾                  ‾‾‾‾‾‾                  ‾‾‾‾‾‾                  ‾‾‾‾‾‾                  ‾‾‾‾‾‾                  ‾‾‾‾‾‾                  ‾‾‾‾‾‾                  ‾‾‾‾‾‾                  ‾‾‾‾‾‾                  ‾‾‾‾‾‾                  ‾‾‾‾‾‾                  ‾‾‾‾‾‾                  
          g =  1 )   4.0369270378501071E+01 
          g =  2 )   0.0000000000000000E+00  4.2128934146141710E+01 
          g =  3 )   4.0294612163137056E-01  0.0000000000000000E+00  4.4019988201753002E+01 
          g =  4 )   2.4359844346589513E-01  4.2035241643994115E-01  0.0000000000000000E+00  4.6056858058717246E+01 
          g =  5 )   1.6865425100885142E-01  2.5312669602988241E-01  4.3892094433020712E-01  0.0000000000000000E+00  4.8256104205744400E+01 
          g =  6 )   1.2506189500116063E-01  1.7454877557675472E-01  2.6319151045330341E-01  4.5875680608575536E-01  0.0000000000000000E+00  5.0636825276992226E+01 
          g =  7 )   9.6711704138850843E-02  1.2889893501077121E-01  1.8070269185415877E-01  2.7382840632731875E-01  4.7997689942434812E-01  0.0000000000000000E+00  5.3221154880416613E+01 
          g =  8 )   7.6954260213942347E-02  9.9257684248016148E-02  1.3284748719324704E-01  1.8712286708103157E-01  2.8507471382702065E-01  5.0271143101762328E-01  0.0000000000000000E+00  5.6034878181795143E+01 
          g =  9 )   6.2527909183103469E-02  7.8641099486442045E-02  1.0183000891996866E-01  1.3690088119959262E-01  1.9381435366343827E-01  2.9696933691382710E-01  5.2710562131535843E-01  0.0000000000000000E+00  5.9108202908373080E+01 
          g = 10 )   5.1639667154046720E-02  6.3623050686433230E-02  8.0304226709516022E-02  1.0441571951752236E-01  1.4104932499662401E-01  2.0077964587451452E-01  3.0955235198178199E-01  5.5332161529050472E-01  0.0000000000000000E+00  6.2476731271420576E+01 
          g = 11 )   4.3219553202094162E-02  5.2319679155038532E-02  6.4665849168050044E-02  8.1928351962676380E-02  1.0699850619991742E-01  1.4527909477175047E-01  2.0801770840065398E-01  3.2286437357744957E-01  5.8154060462442425E-01  0.0000000000000000E+00  6.6182695846740700E+01 
          g = 12 )   3.6587658857797800E-02  4.3606281133151986E-02  5.2932464069854857E-02  6.5640976175606519E-02  8.3495152445479476E-02  1.0955802077966603E-01  1.4957153115081523E-01  2.1552270857325237E-01  3.3694559177308603E-01  6.1196515243239391E-01  0.0000000000000000E+00  7.0276545851942430E+01 
          g = 13 )   3.1289682813041342E-02  3.6767677412187699E-02  4.3919908943404182E-02  5.3463985050680195E-02  6.6530660153296409E-02  8.4982788261391301E-02  1.1206906616389133E-01  1.5390179818193242E-01  2.2328236368259397E-01  3.5183434772421385E-01  6.4482168596597811E-01  0.0000000000000000E+00  7.4819003805005906E+01 
          g = 14 )   2.7009195294115405E-02  3.1325534746160996E-02  3.6874587729425694E-02  4.4148406425858704E-02  5.3898457586113745E-02  6.7314425733338415E-02  8.6365372581371863E-02  1.1450064912361041E-01  1.5823735395158156E-01  2.3127578844928978E-01  3.6756506023858071E-01  6.8036307862892609E-01  0.0000000000000000E+00  7.9883761330544175E+01 
          g = 15 )   2.3517982025925439E-02  2.6946312463911451E-02  3.1291936068062173E-02  3.6898665443763412E-02  4.4278690174494401E-02  5.4218297132520556E-02  6.7968857262357851E-02  8.7612410209892799E-02  1.1681488801477344E-01  1.6253607467609715E-01  2.3947069423310208E-01  3.8416524014573444E-01  7.1887116835153941E-01  0.0000000000000000E+00  8.5561054922862226E+01 
          g = 16 )   2.0646696376105882E-02  2.3389269926970931E-02  2.6819750250332806E-02  3.1181494321926701E-02  3.6829762692709114E-02  4.4296744685836796E-02  5.4404144784062171E-02  6.8467420486925445E-02  8.8688232533331079E-02  1.1896577757762473E-01  1.6674396961447419E-01  2.4781974974934465E-01  4.0165122133465914E-01  7.6065893554474728E-01  0.0000000000000000E+00  9.1962470670663564E+01 
          g = 17 )   1.8267099052110665E-02  2.0475913615536065E-02  2.3203759311685619E-02  2.6624341354750197E-02  3.0986940803956087E-02  3.6657565572320423E-02  4.4187858506801604E-02  5.4435016578838549E-02  6.8780395002338568E-02  8.9551479055288624E-02  1.2089783297981291E-01  1.7079242596481795E-01  2.5625586256073929E-01  4.2002208396024582E-01  8.0607185843985207E-01  0.0000000000000000E+00  9.9227492441209790E+01 
          g = 18 )   1.6281435714718170E-02  1.8071793682183458E-02  2.0255924470220475E-02  2.2958453459186831E-02  2.6355556225072602E-02  3.0701511430382029E-02  3.6371997238584287E-02  4.3937028612342506E-02  5.4288642542843824E-02  6.8874997557309831E-02  9.0154710562183993E-02  1.2254467119285839E-01  1.7459493808439733E-01  2.6468608312318614E-01  4.3925102753720879E-01  8.5548762300726777E-01  0.0000000000000000E+00  1.0753256627848596E+02 
          g = 19 )   1.4616699855462080E-02  1.6076087339392277E-02  1.7836017273382694E-02  1.9986188333199317E-02  2.2651634291875639E-02  2.6010064105146540E-02  3.0319527495267826E-02  3.5963836379476914E-02  4.3529611307583663E-02  5.3942091753811275E-02  6.8715816817599584E-02  9.0444292988677150E-02  1.2382764984353284E-01  1.7804331673146601E-01  2.7298377525929629E-01  4.5927314364747807E-01  9.0931279842149015E-01  0.0000000000000000E+00  1.1710386577046174E+02 
          g = 20 )   1.3222828582053545E-02  1.4416790514767810E-02  1.5841864976806300E-02  1.7562791418487149E-02  1.9668563735667943E-02  2.2283811632628547E-02  2.5586638141365362E-02  2.9837301410549147E-02  3.5425667122598078E-02  4.2952340483780119E-02  5.3372826206444193E-02  6.8265740595833027E-02  9.0360774338843181E-02  1.2465478832634358E-01  1.8100346454689631E-01  2.8097865576200848E-01  4.7996810663293743E-01  9.6797414293632589E-01  0.0000000000000000E+00  1.2823561662355110E+02 
          g = 21 )   1.2074763323711702E-02  1.3050811516172510E-02  1.4206279028340634E-02  1.5588094534289344E-02  1.7259826548325922E-02  1.9309153027225676E-02  2.1859385043959925E-02  2.5087686084015112E-02  2.9254606715475723E-02  3.4753369788586314E-02  4.2194913318577061E-02  5.2560403460527559E-02  6.7487649357010210E-02  8.9840105552248806E-02  1.2492036968410379E-01  1.8331098447306449E-01  2.8844432068335285E-01  5.0113570831876308E-01  1.0319006144169136E+00  0.0000000000000000E+00  1.4131696983571274E+02 
          g = 22 )   1.1179241682868397E-02  1.1969445198546822E-02  1.2900464050081599E-02  1.4006595676889569E-02  1.5333553181317598E-02  1.6943346618924333E-02  1.8921712851421999E-02  2.1389679531698551E-02  2.4521979825426886E-02  2.8577196661801484E-02  3.3948561826462255E-02  4.1252505881236523E-02  5.1489190078531991E-02  6.6347301127791858E-02  8.8816257323664757E-02  1.2450590759778538E-01  1.8476723023385905E-01  2.9508303144427928E-01  5.2246138054926183E-01  1.1014894647416453E+00  0.0000000000000000E+00  1.5687237116126752E+02 
          g = 23 )   1.0588303758800356E-02  1.1211038428478577E-02  1.1945353405659038E-02  1.2816662964526902E-02  1.3858245969239180E-02  1.5114422127806015E-02  1.6645316502211245E-02  1.8534160098151526E-02  2.0898735434478229E-02  2.3909782829057480E-02  2.7821399571047043E-02  3.3022847340782681E-02  4.0129941676462610E-02  5.0152741146544291E-02  6.4818105177275237E-02  8.7226111730790798E-02  1.2328363303812755E-01  1.8513703915334606E-01  3.0050800699172425E-01  5.4346789741843515E-01  1.1770451980383074E+00  0.0000000000000000E+00  1.7562388265474996E+02 
          g = 24 )   1.0423364488993210E-02  1.0884626192072207E-02  1.1434484485793431E-02  1.2092134346782586E-02  1.2882259857919000E-02  1.3837100027375305E-02  1.4999494657942335E-02  1.6427471994216826E-02  1.8201318177521537E-02  2.0434741944190031E-02  2.3292980431458138E-02  2.7023036688546935E-02  3.2005781878808190E-02  3.8849088676723598E-02  4.8561175016565761E-02  6.2889040570786967E-02  8.5018082289000152E-02  1.2112444098662462E-01  1.8415053226047809E-01  3.0422462129098149E-01  5.6344850886730524E-01  1.2586722757521538E+00  0.0000000000000000E+00  1.9859044514226184E+02 
          g = 25 )   1.0916990129222441E-02  1.1211731619980030E-02  1.1575614043614135E-02  1.2023414836372882E-02  1.2573839568735328E-02  1.3250880972111787E-02  1.4085779557253276E-02  1.5119913676601184E-02  1.6409159321910297E-02  1.8030632421309662E-02  2.0093397464921888E-02  2.2755971842169705E-02  2.6255844175503095E-02  3.0960983493217093E-02  3.7463177267489378E-02  4.6754557857762967E-02  6.0578293292317696E-02  8.2167069461477990E-02  1.1791361603923244E-01  1.8151343485488217E-01  3.0561447549487430E-01  5.8137646367969087E-01  1.3460888646099103E+00  0.0000000000000000E+00  2.2725179071920672E+02 
          g = 26 )   1.2485842237935439E-02  1.2600014001521489E-02  1.2764958709438948E-02  1.2992117818945770E-02  1.3295839329987820E-02  1.3694300242545593E-02  1.4210802474470997E-02  1.4875631786447676E-02  1.5728785971991260E-02  1.6824079906186139E-02  1.8235491854163243E-02  2.0067266353262662E-02  2.2470514291127404E-02  2.5671438097114849E-02  3.0021141328250858E-02  3.6087199175671290E-02  4.4829810024785879E-02  5.7958682201366386E-02  7.8701102786282742E-02  1.1358034658244628E-01  1.7693417251765858E-01  3.0393180251538476E-01  5.9578807140090606E-01  1.4383057063727105E+00  0.0000000000000000E+00  2.6383079412520846E+02 
          g = 27 )   1.5861160057186262E-02  1.5775663551577786E-02  1.5721503227117968E-02  1.5707239829362021E-02  1.5743637206092755E-02  1.5844320162409525E-02  1.6026674167936062E-02  1.6313098231707554E-02  1.6732785642530862E-02  1.7324314120945958E-02  1.8139512201466979E-02  1.9249399676958101E-02  2.0753610481003937E-02  2.2795871647182719E-02  2.5590419709074025E-02  2.9468995014096243E-02  3.4968319682890089E-02  4.3001276741957785E-02  5.5211089811174105E-02  7.4752723301925478E-02  1.0815333608623401E-01  1.7018343653648088E-01  2.9833319695532462E-01  6.0464608807224884E-01  1.5330755768002124E+00  0.0000000000000000E+00  3.1180486955755100E+02 
          g = 28 )   2.2331271971243776E-02  2.2030220444213894E-02  2.1738309926104281E-02  2.1461126667898744E-02  2.1205888277227667E-02  2.0981932267449419E-02  2.0801372784420825E-02  2.0679995215066353E-02  2.0638493885973372E-02  2.0704215740825028E-02  2.0913669410759343E-02  2.1316225851310721E-02  2.1979734809252281E-02  2.2999333958010983E-02  2.4511792340620581E-02  2.6719868488316395E-02  2.9935655919226787E-02  3.4661797375983384E-02  4.1752524209244690E-02  5.2753643196599170E-02  7.0672767526132274E-02  1.0187322750479454E-01  1.6121883118797800E-01  2.8798629297634953E-01  6.0522032940278359E-01  1.6259594684347851E+00  0.0000000000000000E+00  3.7689012241530611E+02 
          g = 29 )   3.4216743483400987E-02  3.3705189586084351E-02  3.3177150101591071E-02  3.2634700691963919E-02  3.2080949142802670E-02  3.1520387029212428E-02  3.0959364372478329E-02  3.0406735494345138E-02  2.9874746357210449E-02  2.9380267896430605E-02  2.8946534299944315E-02  2.8605634478529641E-02  2.8402156431298429E-02  2.8398651005869344E-02  2.8684071397733935E-02  2.9387285595765637E-02  3.0699656192563138E-02  3.2914712803664731E-02  3.6502001836680176E-02  4.2253845183307812E-02  5.1599092563587669E-02  6.7330862485884546E-02  9.5457974761579412E-02  1.5045704155602091E-01  2.7236016581101113E-01  5.9410762765666203E-01  1.7087856264475179E+00  0.0000000000000000E+00  4.6908265415364201E+02 
          g = 30 )   5.5869501610059082E-02  5.5212762127363271E-02  5.4512226138609080E-02  5.3765712047588371E-02  5.2971321080003859E-02  5.2127632851461339E-02  5.1233983699119592E-02  5.0290862211532034E-02  4.9300471856747227E-02  4.8267533887050316E-02  4.7200439358971155E-02  4.6112914883313427E-02  4.5026456140757107E-02  4.3973930836187239E-02  4.3005005187070955E-02  4.2194497778880555E-02  4.1655605338350866E-02  4.1561605454126134E-02  4.2183129875366522E-02  4.3955948272795323E-02  4.7613209242497193E-02  5.4466000724138527E-02  6.7059389285494528E-02  9.0886281607140684E-02  1.3947274621514591E-01  2.5196636395647498E-01  5.6775260235630320E-01  1.7672935922293331E+00  0.0000000000000000E+00  6.0731582536759277E+02 
          g = 31 )   9.5983880421591436E-02  9.5400374282605560E-02  9.4751901112876874E-02  9.4031667039770298E-02  9.3232222723352492E-02  9.2345448937232191E-02  9.1362571650230651E-02  9.0274225458762111E-02  8.9070594233556288E-02  8.7741673239841819E-02  8.6277720869299773E-02  8.4670005563096673E-02  8.2912012987583522E-02  8.1001374543704138E-02  7.8942936340930248E-02  7.6753654243272545E-02  7.4470463530868017E-02  7.2163106776626129E-02  6.9955482958364276E-02  6.8062250902761495E-02  6.6854265285748393E-02  6.6982554406739309E-02  6.9632605567095038E-02  7.7103547139540277E-02  9.4313662716756591E-02  1.3338799575723004E-01  2.3053238508316942E-01  5.2458749858585119E-01  1.7783665768440171E+00  0.0000000000000000E+00  8.3151186121383148E+02 
          g = 32 )   1.7369658102934399E-01  1.7380260141822843E-01  1.7385316479625107E-01  1.7383863370941424E-01  1.7374779297721321E-01  1.7356758150504864E-01  1.7328278010525167E-01  1.7287565083344369E-01  1.7232552514130295E-01  1.7160834209280010E-01  1.7069614565120547E-01  1.6955656450222673E-01  1.6815232406711211E-01  1.6644088714325672E-01  1.6437440279943721E-01  1.6190029139220427E-01  1.5896305977845107E-01  1.5550842515620303E-01  1.5149172403287994E-01  1.4689429169032775E-01  1.4175486598596074E-01  1.3623003869964809E-01  1.3071319928945338E-01  1.2607886542301433E-01  1.2422238272030210E-01  1.2939815127776552E-01  1.5216581580755453E-01  2.2416818697457244E-01  4.7343051532561076E-01  1.7110871165727732E+00  0.0000000000000000E+00  1.2397721050538778E+03 
          g = 33 )   3.3805862423244926E-01  3.4065230057226564E-01  3.4331011648725362E-01  3.4602934758380888E-01  3.4880584150893612E-01  3.5163362023494638E-01  3.5450437375763905E-01  3.5740681391064422E-01  3.6032584744883805E-01  3.6324151501817736E-01  3.6612762624305750E-01  3.6894999992346922E-01  3.7166419123350336E-01  3.7421255419904842E-01  3.7652044821668579E-01  3.7849135591918037E-01  3.8000064832357361E-01  3.8088774256807773E-01  3.8094652067280826E-01  3.7991428414572231E-01  3.7746060090938727E-01  3.7318007510601497E-01  3.6659953665731798E-01  3.5722589577331609E-01  3.4470048352093102E-01  3.2923132354685675E-01  3.1278756584623418E-01  3.0264411419377690E-01  3.2401584354552077E-01  4.8435750117849785E-01  1.5627340381462818E+00  0.0000000000000000E+00  2.1386609770464343E+03 
          g = 34 )   3.4718461451132304E-01  3.5211565605959066E-01  3.5729800987685856E-01  3.6274987153080551E-01  3.6849097143028064E-01  3.7454267691821341E-01  3.8092808067339284E-01  3.8767206280818090E-01  3.9480130754526765E-01  4.0234424567182558E-01  4.1033087949140495E-01  4.1879242524127830E-01  4.2776067506743698E-01  4.3726693062662947E-01  4.4734028371118884E-01  4.5800490085657697E-01  4.6927578451297075E-01  4.8115219420002986E-01  4.9360745478793178E-01  5.0657315664290015E-01  5.1991461102222836E-01  5.3339264457960300E-01  5.4660414498199106E-01  5.5889014483801502E-01  5.6919677532455504E-01  5.7587727988303239E-01  5.7645843373819128E-01  5.6756796522633413E-01  5.4598755134418597E-01  5.1548755028832005E-01  5.2812846826177684E-01  1.1201814747066339E+00  0.0000000000000000E+00  5.0394621839985457E+03 
          g = 35 )   7.1765746492717599E-04  7.3240976295539933E-04  7.4806316931056360E-04  7.6470130408740793E-04  7.8241818282911730E-04  8.0131982703866779E-04  8.2152616968747647E-04  8.4317331645689271E-04  8.6641623647668964E-04  8.9143197180296669E-04  9.1842347272473449E-04  9.4762418564545300E-04  9.7930354004205117E-04  1.0137734968260535E-03  1.0513963237834020E-03  1.0925937372328436E-03  1.1378574577950717E-03  1.1877610031675043E-03  1.2429720444916462E-03  1.3042636094853480E-03  1.3725202636078629E-03  1.4487309781229187E-03  1.5339512458003661E-03  1.6291978265371683E-03  1.7351985812087008E-03  1.8518308653198386E-03  1.9768857589421316E-03  2.1033659011553498E-03  2.2136598203823300E-03  2.2679184416499005E-03  2.1900510562038273E-03  1.9550382755402712E-03  3.9537298429959105E-03  0.0000000000000000E+00  5.6839133481350080E+04 
 
       ell = 2
 
          g'=         1                       2                       3                       4                       5                       6                       7                       8                       9                       10                      11                      12                      13                      14                      15                      16                      17                      18                      19                      20                      21                      22                      23                      24                      25                      26                      27                      28                      29                      30                      31                      32                      33                      34                      35                     
                     ‾‾‾‾‾‾                  ‾‾‾‾‾‾                  ‾‾‾‾‾‾                  ‾‾‾‾‾‾                  ‾‾‾‾‾‾                  ‾‾‾‾‾‾                  ‾‾‾‾‾‾                  ‾‾‾‾‾‾                  ‾‾‾‾‾‾                  ‾‾‾‾‾‾                  ‾‾‾‾‾‾                  ‾‾‾‾‾‾                  ‾‾‾‾‾‾                  ‾‾‾‾‾‾                  ‾‾‾‾‾‾                  ‾‾‾‾‾‾                  ‾‾‾‾‾‾                  ‾‾‾‾‾‾                  ‾‾‾‾‾‾                  ‾‾‾‾‾‾                  ‾‾‾‾‾‾                  ‾‾‾‾‾‾                  ‾‾‾‾‾‾                  ‾‾‾‾‾‾                  ‾‾‾‾‾‾                  ‾‾‾‾‾‾                  ‾‾‾‾‾‾                  ‾‾‾‾‾‾                  ‾‾‾‾‾‾                  ‾‾‾‾‾‾                  ‾‾‾‾‾‾                  ‾‾‾‾‾‾                  ‾‾‾‾‾‾                  ‾‾‾‾‾‾                  ‾‾‾‾‾‾                  
          g =  1 )   3.7428991986697064E+01 
          g =  2 )   0.0000000000000000E+00  3.9056135069621178E+01 
          g =  3 )   3.7694436197132064E-01  0.0000000000000000E+00  4.0804526267951715E+01 
          g =  4 )   2.2672372985692521E-01  3.9307571791647200E-01  0.0000000000000000E+00  4.2687456262670537E+01 
          g =  5 )   1.5607819723021318E-01  2.3543334813357747E-01  4.1026824858482425E-01  0.0000000000000000E+00  4.4720180178565329E+01 
          g =  6 )   1.1498632675206681E-01  1.6136703375377287E-01  2.4461566017963382E-01  4.2861565829165599E-01  0.0000000000000000E+00  4.6920288135912429E+01 
          g =  7 )   8.8257395838153480E-02  1.1833946261538071E-01  1.6686849733775741E-01  2.5429911885484213E-01  4.4822174867380865E-01  0.0000000000000000E+00  4.9308161797414172E+01 
          g =  8 )   6.9619986806907855E-02  9.0396033865884517E-02  1.2176682313736889E-01  1.7258433342681165E-01  2.6451295461432772E-01  4.6920161090604967E-01  0.0000000000000000E+00  5.1907540850766374E+01 
          g =  9 )   5.5996409486042523E-02  7.0949515204550812E-02  9.2529298761715117E-02  1.2525763192901831E-01  1.7851372786745490E-01  2.7528674794508390E-01  4.9168293719834705E-01  0.0000000000000000E+00  5.4746231218985471E+01 
          g = 10 )   4.5693157508623558E-02  5.6766601560659588E-02  7.2226742114552725E-02  9.4640635865236813E-02  1.2879738023186094E-01  1.8465242521764264E-01  2.8664979402169072E-01  5.1580744449979243E-01  0.0000000000000000E+00  5.7856997636036169E+01 
          g = 11 )   3.7697706136029761E-02  4.6067419897204531E-02  5.7457184032556730E-02  7.3432939090711635E-02  9.6709570234200612E-02  1.3236689731713838E-01  1.9099158671361938E-01  2.9863017941830089E-01  5.4173238922218747E-01  0.0000000000000000E+00  6.1278698378080847E+01 
          g = 12 )   3.1364418412001639E-02  3.7786973178328499E-02  4.6346952906643174E-02  5.8049242849732910E-02  7.4545742317459571E-02  9.8710895873911547E-02  1.3594119674086777E-01  1.9751631044726667E-01  3.1125345983277153E-01  5.6963212841853939E-01  0.0000000000000000E+00  6.5057741372921669E+01 
          g = 13 )   2.6259231040011800E-02  3.1245240510171638E-02  3.7773859768145859E-02  4.6513673249836768E-02  5.8520707853521245E-02  7.5538518475333744E-02  1.0061370528736052E-01  1.3948804487270064E-01  2.0420371254754000E-01  3.2454078442439199E-01  5.9969964473246606E-01  0.0000000000000000E+00  6.9249971627311979E+01 
          g = 14 )   2.2076604326907400E-02  2.5984036102247889E-02  3.1020193499213811E-02  3.7641461520100339E-02  4.6546833574213117E-02  5.8845889214294525E-02  7.6379634343611391E-02  1.0238023216381523E-01  1.4296618631974345E-01  2.1102043706093229E-01  3.3850625120961003E-01  6.3214789080482059E-01  0.0000000000000000E+00  7.3923144568106835E+01 
          g = 15 )   1.8592262624550458E-02  2.1679772656931374E-02  2.5601113429569437E-02  3.0673385123132200E-02  3.7370578086536779E-02  4.6422678112684246E-02  5.8994961392733546E-02  7.7031622220583768E-02  1.0396447818542831E-01  1.4632314743997288E-01  2.1791942170145595E-01  3.5315319128650913E-01  6.6721070953455897E-01  0.0000000000000000E+00  7.9160205823986047E+01 
          g = 16 )   1.5634922112765900E-02  1.8093835399078561E-02  2.1172894513520429E-02  2.5094985316963594E-02  3.0186758548506887E-02  3.6939400730907929E-02  4.6114056211277642E-02  5.8933392379184553E-02  7.7450235586827315E-02  1.0531059479690467E-01  1.4949252466697063E-01  2.2483569424550096E-01  3.6846895628452470E-01  7.0514292660505773E-01  0.0000000000000000E+00  8.5063696960691388E+01 
          g = 17 )   1.3068712680134247E-02  1.5042938463536739E-02  1.7480768673412441E-02  2.0539935582609140E-02  2.4447809455831623E-02  2.9539695880876661E-02  3.6323124272297828E-02  4.5589978976305373E-02  5.8621314240429462E-02  7.7583392785776445E-02  1.0635099357954864E-01  1.5239065023668935E-01  2.3168090748185899E-01  3.8441760715636936E-01  7.4621895312865605E-01  0.0000000000000000E+00  9.1761758039454037E+01 
          g = 18 )   1.0781987506690996E-02  1.2380783965867906E-02  1.4327852440909653E-02  1.6735187100263581E-02  1.9761893863780390E-02  2.3638763596734308E-02  2.8708462758521347E-02  3.5493435534058558E-02  4.4815088925687772E-02  5.8012824639987873E-02  7.7370009928889330E-02  1.0700416613398202E-01  1.5491251687242041E-01  2.3833623710030416E-01  4.0092964986735291E-01  7.9072881617934054E-01  0.0000000000000000E+00  9.9416433982418397E+01 
          g = 19 )   8.6802450681232428E-03  9.9865512149427162E-03  1.1556078437183533E-02  1.3468443981592098E-02  1.5835209763724940E-02  1.8815829548671458E-02  2.2643140361976795E-02  2.7665393858918700E-02  3.4417792450869455E-02  4.3748982033826635E-02  5.7055191973605396E-02  7.6738724674055792E-02  1.0717220748310910E-01  1.5692683995139495E-01  2.4464316621072957E-01  4.1788760130471037E-01  8.3896984758719428E-01  0.0000000000000000E+00  1.0823536826380344E+02 
          g = 20 )   6.6819263713340168E-03  7.7578881489848732E-03  9.0345293919821199E-03  1.0568486104416000E-02  1.2438054035399675E-02  1.4753521435962102E-02  1.7673444034296101E-02  2.1430989354188183E-02  2.6377653830076737E-02  3.3058341525684529E-02  4.2345262730489157E-02  5.5687896774063467E-02  7.5606501854511676E-02  1.0673805560094826E-01  1.5827014856068680E-01  2.5039156616027836E-01  4.3510565008571928E-01  8.9123112642298652E-01  0.0000000000000000E+00  1.1848858270575596E+02 
          g = 21 )   4.7167052076155600E-03  5.6072875497204296E-03  6.6527770669557642E-03  7.8936020221397913E-03  9.3848003790411496E-03  1.1202701729870932E-02  1.3455345581325908E-02  1.6298995124295161E-02  1.9965057806284520E-02  2.4805303992451379E-02  3.1370206933123014E-02  4.0550101517581587E-02  5.3841354535279801E-02  7.3877070728309763E-02  1.0556247725217330E-01  1.5873983675046938E-01  2.5530436917863986E-01  4.5230093890001549E-01  9.4776587822256742E-01  0.0000000000000000E+00  1.3053307507164098E+02 
          g = 22 )   2.7261571266634652E-03  3.4615318360874973E-03  4.3184137026535249E-03  5.3259078472121090E-03  6.5229423615020075E-03  7.9625655775953791E-03  9.7185372065178837E-03  1.1895638447513885E-02  1.4646258024985608E-02  1.8197662404289192E-02  2.2898244728316697E-02  2.9298691973807370E-02  3.8299860246489577E-02  5.1434982061711432E-02  7.1439027839617808E-02  1.0348082288121285E-01  1.5808618438246011E-01  2.5901804557776853E-01  4.6905295889965604E-01  1.0087438425788839E+00  0.0000000000000000E+00  1.4484975352572616E+02 
          g = 23 )   6.6746449621897692E-04  1.2645648770162879E-03  1.9586019741187110E-03  2.7708958824814583E-03  3.7293849544221261E-03  4.8713572170250964E-03  6.2475812544051483E-03  7.9286888949438184E-03  1.0015267954665188E-02  1.2654212411834922E-02  1.6065984116772555E-02  2.0591371790341810E-02  2.6774620359751585E-02  3.5516981616112442E-02  4.8373899087737468E-02  6.8163152664256030E-02  1.0029947123517387E-01  1.5600347017075086E-01  2.6105810958387110E-01  4.8474613000429900E-01  1.0741701765160414E+00  0.0000000000000000E+00  1.6210042726406763E+02 
          g = 24 )  -1.4787340598148629E-03 -1.0151095404397721E-03 -4.7327346709405329E-04  1.6281863603871943E-04  9.1373355115206487E-04  1.8062867986533655E-03  2.8761094867440747E-03  4.1715496122417817E-03  5.7597414459526651E-03  7.7362852441901532E-03  1.0241100915985917E-02  1.3485160345341425E-02  1.7796995851198733E-02  2.3706566586149568E-02  3.2102698534594402E-02  4.4542829868261094E-02  6.3897819836131867E-02  9.5791505152141743E-02  1.5212038208173548E-01  2.6080908926318802E-01  4.9848879974946114E-01  1.1437480653387899E+00  0.0000000000000000E+00  1.8321852895100477E+02 
          g = 25 )  -3.6942881161961287E-03 -3.3704222333510309E-03 -2.9838547441349960E-03 -2.5221290840492213E-03 -1.9695957367724549E-03 -1.3063103957305158E-03 -5.0643415498929575E-04  4.6414352344495945E-04  1.6514241512140745E-03  3.1189558000287044E-03  4.9569165772882185E-03  7.2971362534730647E-03  1.0338727597137710E-02  1.4393342193242984E-02  1.9968092101290590E-02  2.7924070513450059E-02  3.9794393349347194E-02  5.8459927826518612E-02  8.9690049742793487E-02  1.4598970725925364E-01  2.5747893312349018E-01  5.0899973399947873E-01  1.2166458295113736E+00  0.0000000000000000E+00  2.0955883453463031E+02 
          g = 26 )  -5.8999924295510351E-03 -5.7316655079279509E-03 -5.5153216518664472E-03 -5.2410957216398393E-03 -4.8967541254032040E-03 -4.4669635551069769E-03 -3.9322626560507196E-03 -3.2675821086351337E-03 -2.4400604296609969E-03 -1.4057313587882772E-03 -1.0435118932418559E-04  1.5489331270071589E-03  3.6774544871710068E-03  6.4669406833881820E-03  1.0208324161542295E-02  1.5377573891428133E-02  2.2791359671199194E-02  3.3926516241052244E-02  5.1615670180313739E-02  8.1674779799760677E-02  1.3707585058580871E-01  2.5005863809018991E-01  5.1445120045254455E-01  1.2911005415134553E+00  0.0000000000000000E+00  2.4315519135658721E+02 
          g = 27 )  -7.9177494220893894E-03 -7.9271196676492343E-03 -7.9044981953765060E-03 -7.8422224500156491E-03 -7.7307928279029435E-03 -7.5583513830666796E-03 -7.3099737930387484E-03 -6.9666882972631537E-03 -6.5040848923419159E-03 -5.8902918496886499E-03 -5.0829448735174570E-03 -4.0244989212277951E-03 -2.6347171174775086E-03 -7.9817238602329470E-04  1.6574089880952297E-03  5.0003259067866040E-03  9.6691224825247897E-03  1.6420403877609353E-02  2.6639859519720824E-02  4.3039313527855706E-02  7.1339897385971462E-02  1.2473339235775353E-01  2.3727786139486784E-01  5.1225726141603500E-01  1.3637395857776766E+00  0.0000000000000000E+00  2.8718695537047512E+02 
          g = 28 )  -9.4129908460271906E-03 -9.6219919356232593E-03 -9.8181723410254457E-03 -9.9962262869745938E-03 -1.0149429480244028E-02 -1.0269240512921912E-02 -1.0344771967867315E-02 -1.0362078903286390E-02 -1.0303185815729279E-02 -1.0144729609980366E-02 -9.8560222902019500E-03 -9.3962076242004641E-03 -8.7099505754662729E-03 -7.7206535568172842E-03 -6.3193197069944477E-03 -4.3453937350430780E-03 -1.5520804192897704E-03  2.4599585750889399E-03  8.3769816500581552E-03  1.7462237835773081E-02  3.2227273291168201E-02  5.8115258018620199E-02  1.0815310650988555E-01  2.1755087510527427E-01  4.9879890544323063E-01  1.4284136919043191E+00  0.0000000000000000E+00  3.4687581506390421E+02 
          g = 29 )  -9.8185026195292957E-03 -1.0234685254984553E-02 -1.0661375205417344E-02 -1.1096235792230366E-02 -1.1535974123982709E-02 -1.1976038652554396E-02 -1.2410217169764476E-02 -1.2830098324736923E-02 -1.3224343553444342E-02 -1.3577691400089992E-02 -1.3869576697040413E-02 -1.4072182185358790E-02 -1.4147629366130555E-02 -1.4043817868057945E-02 -1.3688053780023458E-02 -1.2976883837810267E-02 -1.1759057919367188E-02 -9.8052856118900009E-03 -6.7509448307684905E-03 -1.9795211207430316E-03  5.6334999326505542E-03  1.8331972033651018E-02  4.1078143852875289E-02  8.6204044929783022E-02  1.8887244069670314E-01  4.6908161697836315E-01  1.4741872111395868E+00  0.0000000000000000E+00  4.3134398845669062E+02 
          g = 30 )  -8.2859429415913753E-03 -8.8715506204441064E-03 -9.4942691799544988E-03 -1.0155618677205228E-02 -1.0856795650098706E-02 -1.1598491169153929E-02 -1.2380637130966776E-02 -1.3202052594643104E-02 -1.4059949992756282E-02 -1.4949243355814970E-02 -1.5861574073900549E-02 -1.6783928811288519E-02 -1.7696659627543417E-02 -1.8570611081348640E-02 -1.9362880420525953E-02 -2.0010418766753909E-02 -2.0420081635693751E-02 -2.0452532782015941E-02 -1.9894811054701790E-02 -1.8410351643572131E-02 -1.5440169739125785E-02 -9.9879260757507610E-03 -1.0009764067837185E-04  1.8544546642173504E-02  5.6979355241476605E-02  1.4848210780379317E-01  4.1628197673127193E-01  1.4818976476539325E+00  0.0000000000000000E+00  5.5784825548623087E+02 
          g = 31 )  -3.9599404226719308E-03 -4.5613066470927000E-03 -5.2241257576983204E-03 -5.9544674273381143E-03 -6.7589404729940083E-03 -7.6446924869080068E-03 -8.6193804904848778E-03 -9.6910957320419881E-03 -1.0868217259797482E-02 -1.2159156075369715E-02 -1.3571932142342709E-02 -1.5113496496511980E-02 -1.6788663990392329E-02 -1.8598448468241834E-02 -2.0537473635001791E-02 -2.2589937830263990E-02 -2.4723279982023134E-02 -2.6878109297862385E-02 -2.8951871063169213E-02 -3.0771540896644172E-02 -3.2045881738135974E-02 -3.2276283578248952E-02 -3.0573967604640810E-02 -2.5235704896642432E-02 -1.2597944272618143E-02  1.6636044259670885E-02  9.1630643641566645E-02  3.3077041993117295E-01  1.4183191790100189E+00  0.0000000000000000E+00  7.6271852722138101E+02 
          g = 32 )   1.6516841980346933E-03  1.4792303864580580E-03  1.2409509213852990E-03  9.2703025830768310E-04  5.2615106421485119E-04  2.5251170433289449E-05 -5.9075717189571025E-04 -1.3393089392012558E-03 -2.2405502346804912E-03 -3.3177419819542947E-03 -4.5976937695892464E-03 -6.1112052010186060E-03 -7.8934691155899614E-03 -9.9843508689537314E-03 -1.2428387927708253E-02 -1.5274232116925256E-02 -1.8573042974834059E-02 -2.2374961314098996E-02 -2.6722108257220118E-02 -3.1635293464111661E-02 -3.7089209974343389E-02 -4.2966071173782282E-02 -4.8967238511633628E-02 -5.4437317019966867E-02 -5.7984824700229969E-02 -5.6544615321541133E-02 -4.2524440678934156E-02  7.5999104347491547E-03  1.9603608250241078E-01  1.2256848505666578E+00  0.0000000000000000E+00  1.1350397595065979E+03 
          g = 33 )  -1.2916717783498760E-02 -1.1426358355369898E-02 -9.9326525389215603E-03 -8.4428328660857421E-03 -6.9659521047978623E-03 -5.5133132143142249E-03 -4.0990079984991323E-03 -2.7405943495178164E-03 -1.4599507857820382E-03 -2.8435847062169284E-04  7.5212420277578906E-04  1.6069102102204968E-03  2.2266471682500233E-03  2.5443569254618714E-03  2.4757783447002246E-03  1.9147040021333106E-03  7.2707443265065952E-04 -1.2563985824143586E-03 -4.2492049482611982E-03 -8.5193949299938315E-03 -1.4400235512626175E-02 -2.2297953969295944E-02 -3.2688361608082285E-02 -4.6082374731916731E-02 -6.2911999175439826E-02 -8.3215652160759837E-02 -1.0579423138364785E-01 -1.2577994536371856E-01 -1.2595052329745154E-01 -2.9179125733783867E-02  7.9285844785129622E-01  0.0000000000000000E+00  1.9523183695734242E+03 
          g = 34 )  -9.3457599054298679E-02 -9.0497173062963981E-02 -8.7408502047399611E-02 -8.4184370086672927E-02 -8.0817307619199669E-02 -7.7299674270066371E-02 -7.3623786970215932E-02 -6.9782112106173022E-02 -6.5767548214941907E-02 -6.1573836947386190E-02 -5.7196156303914308E-02 -5.2631973987020964E-02 -4.7882273929480468E-02 -4.2953321541970624E-02 -3.7859212184473356E-02 -3.2625567290276436E-02 -2.7294926428089450E-02 -2.1934667958577486E-02 -1.6648734099745738E-02 -1.1595130215496241E-02 -7.0122547493539356E-03 -3.2588001482621587E-03 -8.7449327762090245E-04 -6.7243089128676825E-04 -3.8774339413862047E-03 -1.2324124011188486E-02 -2.8704145456501268E-02 -5.6728707156657621E-02 -1.0054211988305205E-01 -1.6029711889208489E-01 -2.0512637339686238E-01  1.4542333418965930E-01  0.0000000000000000E+00  4.5743571913276764E+03 
          g = 35 )  -5.5853213470959204E-04 -5.5066320136078781E-04 -5.4234946573146784E-04 -5.3355107713543254E-04 -5.2422337181221392E-04 -5.1431616254092659E-04 -5.0377291049216125E-04 -4.9252976013595495E-04 -4.8051441630515666E-04 -4.6764484194807790E-04 -4.5382775693752304E-04 -4.3895692485887639E-04 -4.2291123012165431E-04 -4.0555257943520429E-04 -3.8672372301131152E-04 -3.6624620599432644E-04 -3.4391887390038990E-04 -3.1951774966461181E-04 -2.9279882978731854E-04 -2.6350671245609482E-04 -2.3139455975201969E-04 -1.9626589268243897E-04 -1.5805856274074851E-04 -1.1701110300598729E-04 -7.3992745435625166E-05 -3.1165510506546640E-05  6.6649409617198672E-06  2.9246464166956198E-05  1.5043070336493640E-05 -8.0300407933884426E-05 -3.3990489664748058E-04 -8.3688977403531301E-04 -1.0965780264593169E-04  0.0000000000000000E+00  4.7856757860018239E+04 
 
       ell = 3
 
          g'=         1                       2                       3                       4                       5                       6                       7                       8                       9                       10                      11                      12                      13                      14                      15                      16                      17                      18                      19                      20                      21                      22                      23                      24                      25                      26                      27                      28                      29                      30                      31                      32                      33                      34                      35                     
                     ‾‾‾‾‾‾                  ‾‾‾‾‾‾                  ‾‾‾‾‾‾                  ‾‾‾‾‾‾                  ‾‾‾‾‾‾                  ‾‾‾‾‾‾                  ‾‾‾‾‾‾                  ‾‾‾‾‾‾                  ‾‾‾‾‾‾                  ‾‾‾‾‾‾                  ‾‾‾‾‾‾                  ‾‾‾‾‾‾                  ‾‾‾‾‾‾                  ‾‾‾‾‾‾                  ‾‾‾‾‾‾                  ‾‾‾‾‾‾                  ‾‾‾‾‾‾                  ‾‾‾‾‾‾                  ‾‾‾‾‾‾                  ‾‾‾‾‾‾                  ‾‾‾‾‾‾                  ‾‾‾‾‾‾                  ‾‾‾‾‾‾                  ‾‾‾‾‾‾                  ‾‾‾‾‾‾                  ‾‾‾‾‾‾                  ‾‾‾‾‾‾                  ‾‾‾‾‾‾                  ‾‾‾‾‾‾                  ‾‾‾‾‾‾                  ‾‾‾‾‾‾                  ‾‾‾‾‾‾                  ‾‾‾‾‾‾                  ‾‾‾‾‾‾                  ‾‾‾‾‾‾                  
          g =  1 )   3.3386557757392602E+01 
          g =  2 )   0.0000000000000000E+00  3.4833637925075358E+01 
          g =  3 )   3.3865343505848444E-01  0.0000000000000000E+00  3.6388307732933981E+01 
          g =  4 )   2.0213759422595454E-01  3.5294120806216411E-01  0.0000000000000000E+00  3.8062340234439816E+01 
          g =  5 )   1.3795666607430657E-01  2.0968945773430808E-01  3.6814734908389080E-01  0.0000000000000000E+00  3.9869246165904137E+01 
          g =  6 )   1.0063509488483129E-01  1.4240890190957831E-01  2.1762715294070234E-01  3.8434988486708560E-01  0.0000000000000000E+00  4.1824601332037531E+01 
          g =  7 )   7.6361296425604297E-02  1.0333651959722283E-01  1.4701278727446579E-01  2.2596997105791247E-01  4.0163467095748567E-01  0.0000000000000000E+00  4.3946449888207972E+01 
          g =  8 )   5.9431765585871210E-02  7.7965912837615350E-02  1.0606573568261148E-01  1.5176386158451016E-01  2.3473671546191072E-01  4.2009617112071757E-01  0.0000000000000000E+00  4.6255804627783434E+01 
          g =  9 )   4.7045926154086100E-02  6.0306003791754867E-02  7.9527545772172137E-02  1.0880734821364807E-01  1.5665427969959514E-01  2.4394505537709391E-01  4.3983826458737357E-01  0.0000000000000000E+00  4.8777272299514060E+01 
          g = 10 )   3.7660992875856891E-02  4.7414168724232333E-02  6.1095687140895125E-02  8.1025889369329265E-02  1.1154162229869480E-01  1.6167179230846357E-01  2.5361062585627620E-01  4.6097504994860433E-01  0.0000000000000000E+00  5.1539841531285887E+01 
          g = 11 )   3.0352575390097135E-02  3.7668390000332647E-02  4.7673473322416490E-02  6.1778731798999571E-02  8.2436201441533324E-02  1.1424344921949940E-01  1.6679843742846001E-01  2.6374578240554969E-01  4.8363159298259323E-01  0.0000000000000000E+00  5.4577884277982562E+01 
          g = 12 )   2.4528987602601721E-02  3.0095686023091497E-02  3.7552705368560382E-02  4.7801594394153324E-02  6.2328901791283406E-02  8.3728392751498015E-02  1.1688106467601331E-01  1.7200885823124670E-01  2.7435788433223240E-01  5.0794453223853842E-01  0.0000000000000000E+00  5.7932440576353713E+01 
          g = 13 )   1.9789864602364912E-02  2.4072007865836510E-02  2.9707275567068977E-02  3.7292203347506131E-02  4.7772528730783220E-02  6.2715054491291000E-02  8.4865928770347529E-02  1.1941445818833511E-01  1.7726813624831994E-01  2.8544693296729962E-01  5.3406240428461227E-01  0.0000000000000000E+00  6.1652883420112502E+01 
          g = 14 )   1.5850425538014301E-02  1.9173684566763369E-02  2.3477455604055800E-02  2.9166103149498371E-02  3.6861707803180377E-02  4.7555885084133331E-02  6.2900249250918944E-02  8.5804505942931236E-02  1.2179339781401770E-01  1.8252899449981153E-01  2.9700232351104461E-01  5.6214546979075042E-01  0.0000000000000000E+00  6.5799099853215068E+01 
          g = 15 )   1.2498209872091479E-02  1.5097806902818943E-02  1.8413569053868858E-02  2.2723998008868644E-02  2.8447572939818838E-02  3.6232012996285118E-02  4.7116137624306623E-02  6.2840693240089673E-02  8.6490457257108355E-02  1.2395497614099397E-01  1.8772817958519422E-01  3.0899837391807111E-01  5.9236469557130955E-01  0.0000000000000000E+00  7.0444382361190804E+01 
          g = 16 )   9.5669912473081743E-03  1.1616716276156611E-02  1.4192167730230758E-02  1.7486979177746914E-02  2.1786658537075163E-02  2.7523057718238337E-02  3.5369151847197106E-02  4.6411730742652417E-02  6.2484491206530018E-02  8.6858833143776987E-02  1.2582056149249282E-01  1.9278177189721124E-01  3.2138815864678294E-01  6.2489934978590456E-01  0.0000000000000000E+00  7.5679311663290633E+01 
          g = 17 )   6.9203017815017932E-03  8.5505442132487956E-03  1.0568085376796632E-02  1.3108129516595225E-02  1.6366928754382469E-02  2.0635880372217384E-02  2.6358990122033726E-02  3.4233457135701792E-02  4.5393984073754112E-02  6.1770153440998364E-02  8.6831092395749876E-02  1.2729201187122519E-01  1.9757909465022933E-01  3.3409498122049541E-01  6.5993235439994802E-01  0.0000000000000000E+00  8.1617045024767819E+01 
          g = 18 )   4.4406139836250967E-03  5.7498714901717644E-03  7.3454997724550272E-03  9.3219403603749251E-03  1.1814408483962074E-02  1.5020572401094877E-02  1.9236189846645463E-02  2.4915593845279201E-02  3.2778307324544807E-02  4.4005712502313832E-02  6.0624793496248691E-02  8.6312321387300273E-02  1.2824697760361484E-01  2.0197479024774523E-01  3.4700054099090771E-01  6.9764203934146662E-01  0.0000000000000000E+00  8.8400631633144130E+01 
          g = 19 )   2.0220468326582666E-03  3.0843834150791590E-03  4.3596881938700533E-03  5.9137996183356275E-03  7.8397543923686072E-03  1.0271675862472029E-02  1.3407136055095085E-02  1.7544233084579947E-02  2.3145041992800507E-02  3.0948370939946165E-02  4.2179412416566593E-02  5.8961903279607555E-02  8.5187872388190894E-02  1.2853308026767274E-01  2.0577850073686760E-01  3.5992844768341631E-01  7.3818813730857680E-01  0.0000000000000000E+00  9.6213307230113443E+01 
          g = 20 )  -4.3457666252992859E-04  4.3532162477705649E-04  1.4651968431039603E-03  2.7008414389094351E-03  4.2060949031012262E-03  6.0717072303581743E-03  8.4294086204077193E-03  1.1474827751678622E-02  1.5505816847779396E-02  2.0988684367690250E-02  2.8677024583326965E-02  3.9834745862816309E-02  5.6678505463241588E-02  8.3319258942022439E-02  1.2796070566822570E-01  2.0874142112174487E-01  3.7262115614479419E-01  7.8168854466440574E-01  0.0000000000000000E+00  1.0529326023267463E+02 
          g = 21 )  -3.0248515902857264E-03 -2.3094064232056463E-03 -1.4718476491145708E-03 -4.8028173303198900E-04  7.0904098694557548E-04  2.1573363292230986E-03  3.9520959038741102E-03  6.2212038749482577E-03  9.1561550958453586E-03  1.3051349558094255E-02  1.8372735603101729E-02  2.5882369989926317E-02  3.6874827006247807E-02  5.3651304874682934E-02  8.0539034744310095E-02  1.2629407371601648E-01  2.1053878253682046E-01  3.8470755247929450E-01  8.2818120545712393E-01  0.0000000000000000E+00  1.1595526777941421E+02 
          g = 22 )  -5.8422942036592011E-03 -5.2579324752322059E-03 -4.5782855403307520E-03 -3.7809260647480303E-03 -2.8357066515763366E-03 -1.7012608152166134E-03 -3.1957519971584358E-04  1.3926077462657160E-03  3.5577497755119535E-03  6.3607402666153888E-03  1.0088689938019275E-02  1.5201385008616893E-02  2.2460823980795429E-02  3.3180380333603168E-02  4.9731093880614294E-02  7.6644134602578518E-02  1.2324010881635739E-01  2.1074705493074802E-01  3.9565720721394571E-01  8.7756184632809331E-01  0.0000000000000000E+00  1.2862316743392523E+02 
          g = 23 )  -8.9779646309678315E-03 -8.5149039323501406E-03 -7.9756944141193033E-03 -7.3441854325440870E-03 -6.5992077178569138E-03 -5.7124336960831740E-03 -4.6450980730874131E-03 -3.3428613134976236E-03 -1.7275766187722710E-03  3.1623177029363849E-04  2.9641963902926564E-03  6.4917701287899639E-03  1.1345544015328963E-02  1.8276434291060947E-02  2.8600001845244166E-02  4.4733906529606959E-02  7.1386591686057252E-02  1.1843432114619593E-01  2.0881430525599182E-01  4.0471556326572911E-01  9.2948212898607485E-01  0.0000000000000000E+00  1.4387993486757415E+02 
          g = 24 )  -1.2517591486981379E-02 -1.2179172191793017E-02 -1.1778928392781503E-02 -1.1304752750390173E-02 -1.0741218508125750E-02 -1.0068290029282617E-02 -9.2593794888916892E-03 -8.2783490786467843E-03 -7.0747732535413731E-03 -5.5762593590285379E-03 -3.6756631580471570E-03 -1.2091893037627075E-03  2.0823138593732155E-03  6.6241619009924178E-03  1.3142577372482160E-02  2.2933129411629515E-02  3.8425828370226504E-02  6.4459244603101845E-02  1.1142212194926748E-01  2.0402160142972098E-01  4.1081183142423350E-01  9.8318216987609275E-01  0.0000000000000000E+00  1.6254735450766651E+02 
          g = 25 )  -1.6534994333700131E-02 -1.6337495391367182E-02 -1.6090302839461154E-02 -1.5783894870600952E-02 -1.5406443277161248E-02 -1.4943030252050158E-02 -1.4374500707835615E-02 -1.3675735804739327E-02 -1.2812984213503100E-02 -1.1739619490748636E-02 -1.0389197281506241E-02 -8.6637473851135897E-03 -6.4133978236908034E-03 -3.3997003121064976E-03  7.7284324495380426E-04  6.7899659848371374E-03  1.5899162896929574E-02  3.0495028914981299E-02  5.5471026247865665E-02  1.0163192096153972E-01  1.9543223747552235E-01  4.1242781849157772E-01  1.0372128025070941E+00  0.0000000000000000E+00  1.8581741371329954E+02 
          g = 26 )  -2.1079853890617482E-02 -2.1052204681467263E-02 -2.0987287397912564E-02 -2.0877375811952720E-02 -2.0713008921531873E-02 -2.0482486489726254E-02 -2.0171161597812331E-02 -1.9760420601765520E-02 -1.9226167361297591E-02 -1.8536497383019379E-02 -1.7648007104735696E-02 -1.6499730789190026E-02 -1.5002819217774011E-02 -1.3022314665190972E-02 -1.0343722524095024E-02 -6.6091699327526041E-03 -1.1900374476823444E-03  7.0799994710662589E-03  2.0497512610190838E-02  4.3899352814230602E-02  8.8330783324172796E-02  1.8182255942657830E-01  4.0741075452934183E-01  1.0889699739386369E+00  0.0000000000000000E+00  2.1547831673222450E+02 
          g = 27 )  -2.6157020886989894E-02 -2.6339759226174111E-02 -2.6500366064419637E-02 -2.6632728450358016E-02 -2.6729330934949488E-02 -2.6780889381410052E-02 -2.6775862341938302E-02 -2.6699784156680867E-02 -2.6534329919114315E-02 -2.6255962742010509E-02 -2.5833905688379677E-02 -2.5226979034911653E-02 -2.4378455101057673E-02 -2.3207310012048548E-02 -2.1592659800338910E-02 -1.9344763392282482E-02 -1.6148382896871580E-02 -1.1446526079046306E-02 -4.1887205053166079E-03  7.7480537916895121E-03  2.8990436013782889E-02  7.0538318660705701E-02  1.6157882034444010E-01  3.9270475882749545E-01  1.1339042256685177E+00  0.0000000000000000E+00  2.5432317785909393E+02 
          g = 28 )  -3.1694449582964593E-02 -3.2136678723700261E-02 -3.2576922844510608E-02 -3.3011073187827270E-02 -3.3433888785091327E-02 -3.3838697731803216E-02 -3.4217009826197770E-02 -3.4558008042217356E-02 -3.4847870349562507E-02 -3.5068846875675977E-02 -3.5197971482683346E-02 -3.5205203926059449E-02 -3.5050642778078914E-02 -3.4680143658743112E-02 -3.4018053857395383E-02 -3.2954450041637745E-02 -3.1321331774305163E-02 -2.8845425431132374E-02 -2.5048701441951728E-02 -1.9025050218020655E-02 -8.9040651371152454E-03  9.5386513011930952E-03  4.6833116430853985E-02  1.3251359234868201E-01  3.6395696595812965E-01  1.1641592901335494E+00  0.0000000000000000E+00  3.0693504517376027E+02 
          g = 29 )  -3.7501812826594545E-02 -3.8253572705973259E-02 -3.9030440728095459E-02 -3.9831239390275427E-02 -4.0654029552098084E-02 -4.1495867900553193E-02 -4.2352489613935909E-02 -4.3217891229783825E-02 -4.4083778995308243E-02 -4.4938833446285902E-02 -4.5767718402613539E-02 -4.6549725898500455E-02 -4.7256885689409694E-02 -4.7851253701308431E-02 -4.8280873185725694E-02 -4.8473450327854009E-02 -4.8325805106424660E-02 -4.7684908366110487E-02 -4.6310866891426841E-02 -4.3798259047410672E-02 -3.9394226523105591E-02 -3.1540888786134355E-02 -1.6618370635686986E-02  1.4871550950149921E-02  9.1450719703723649E-02  3.1489333647186768E-01  1.1661881925761706E+00  0.0000000000000000E+00  3.8131155024069051E+02 
          g = 30 )  -4.3252404218488527E-02 -4.4346720454936824E-02 -4.5501077451656491E-02 -4.6718598894734648E-02 -4.8002263778414586E-02 -4.9354761600106073E-02 -5.0778289066925310E-02 -5.2274266435613753E-02 -5.3842943136930214E-02 -5.5482850306169403E-02 -5.7190040538095829E-02 -5.8957029853207055E-02 -6.0771318846789150E-02 -6.2613310896078828E-02 -6.4453348805818864E-02 -6.6247423041918468E-02 -6.7930786637985352E-02 -6.9408053048530205E-02 -7.0536855296092354E-02 -7.1098424146555567E-02 -7.0738416461949977E-02 -6.8832130594085744E-02 -6.4136261301644501E-02 -5.3772917017420180E-02 -2.9880528586182627E-02  3.3067618376455048E-02  2.3610180399258640E-01  1.1164711762448882E+00  0.0000000000000000E+00  4.9256152361637925E+02 
          g = 31 )  -4.8681665064059798E-02 -5.0092469944239958E-02 -5.1604184068325142E-02 -5.3225768424835618E-02 -5.4967010012092379E-02 -5.6838560557114774E-02 -5.8851954611171028E-02 -6.1019593154320012E-02 -6.3354671916971986E-02 -6.5871023352410379E-02 -6.8582825902370331E-02 -7.1504111344091001E-02 -7.4647966672844096E-02 -7.8025275037246780E-02 -8.1642760940075582E-02 -8.5499982132638805E-02 -8.9584716305752460E-02 -9.3865871716439314E-02 -9.8282494609328683E-02 -1.0272637894655545E-01 -1.0701344457361825E-01 -1.1083305828204776E-01 -1.1364659990900328E-01 -1.1444565143639818E-01 -1.1104626895209913E-01 -9.7582134511481844E-02 -5.3778722175283955E-02  1.1164968951225826E-01  9.7331579232272003E-01  0.0000000000000000E+00  6.7243798519682503E+02 
          g = 32 )  -5.5118569637611761E-02 -5.6657617901522857E-02 -5.8334991684106746E-02 -6.0166377416774948E-02 -6.2169600443509387E-02 -6.4364954641621397E-02 -6.6775584084335815E-02 -6.9427922934404862E-02 -7.2352198766234194E-02 -7.5583001956956886E-02 -7.9159918479724423E-02 -8.3128213379375093E-02 -8.7539534050340956E-02 -9.2452570497751324E-02 -9.7933554444955648E-02 -1.0405638413141413E-01 -1.1090199901913055E-01 -1.1855635035061629E-01 -1.2710583600333270E-01 -1.3662824327819290E-01 -1.4717579851233650E-01 -1.5874431268503622E-01 -1.7121735814675340E-01 -1.8426308259912683E-01 -1.9712878067900702E-01 -2.0815345609815403E-01 -2.1319991802653462E-01 -1.9843451072902935E-01 -9.4061979048157662E-02  6.5752226822453497E-01  0.0000000000000000E+00  9.9862126128066154E+02 
          g = 33 )  -7.6295525413841880E-02 -7.7337116461044825E-02 -7.8520177130171898E-02 -7.9864845085565711E-02 -8.1394647314239454E-02 -8.3137172134874621E-02 -8.5124895180453630E-02 -8.7396199207880526E-02 -8.9996638926592848E-02 -9.2980516782143668E-02 -9.6412854773076928E-02 -1.0037187211947571E-01 -1.0495211028087412E-01 -1.1026838669606351E-01 -1.1646080726460992E-01 -1.2370112351054841E-01 -1.3220077686699330E-01 -1.4222101089579842E-01 -1.5408540711166224E-01 -1.6819500771516416E-01 -1.8504559887367117E-01 -2.0524523760762137E-01 -2.2952661692022777E-01 -2.5874098482922864E-01 -2.9380277337063521E-01 -3.3551448447700855E-01 -3.8410449593605733E-01 -4.3799681751549674E-01 -4.8954784414600178E-01 -4.9755714346341151E-01 -2.3908180570877569E-02  0.0000000000000000E+00  1.7122452698702459E+03 
          g = 34 )  -9.9252759913292271E-02 -9.8896788181622286E-02 -9.8570001556355091E-02 -9.8280291301541950E-02 -9.8037298241207660E-02 -9.7852836437724716E-02 -9.7741433348607576E-02 -9.7721022923234646E-02 -9.7813841029133541E-02 -9.8047590680309410E-02 -9.8456970070524952E-02 -9.9085692813694171E-02 -9.9989182220226708E-02 -1.0123819775081030E-01 -1.0292376408609635E-01 -1.0516394034400664E-01 -1.0811321838633547E-01 -1.1197572155487229E-01 -1.1702396267648871E-01 -1.2362583030739588E-01 -1.3228388907926478E-01 -1.4369328232289158E-01 -1.5882789871147349E-01 -1.7906941510089658E-01 -2.0640028410322858E-01 -2.4368717546287319E-01 -2.9507375302620709E-01 -3.6643501351477303E-01 -4.6555648079880757E-01 -6.0057455375408308E-01 -7.6872546054986091E-01 -7.7699245718650367E-01  0.0000000000000000E+00  3.9870365450744648E+03 
          g = 35 )  -3.8192681456622972E-04 -3.7971930719078533E-04 -3.7742061305866037E-04 -3.7502672935225582E-04 -3.7253390738901579E-04 -3.6993886504663810E-04 -3.6723908832362608E-04 -3.6443325834573483E-04 -3.6152185587870050E-04 -3.5850801866173861E-04 -3.5539876153940471E-04 -3.5220672166226980E-04 -3.4895267091393788E-04 -3.4566916142098910E-04 -3.4240586438510191E-04 -3.3923747282687107E-04 -3.3627554294056634E-04 -3.3368648307640475E-04 -3.3171930846350448E-04 -3.3074921277447889E-04 -3.3134731022939400E-04 -3.3439471076828777E-04 -3.4127366489561948E-04 -3.5419653784253503E-04 -3.7678895366474480E-04 -4.1515712249609550E-04 -4.7990803664524578E-04 -5.9009804089993876E-04 -7.8112293259053462E-04 -1.1202463161911146E-03 -1.7324505190209848E-03 -2.8031909346540461E-03 -3.9827690503701652E-03  0.0000000000000000E+00  3.8716139604518758E+04 
 
       ell = 4
 
          g'=         1                       2                       3                       4                       5                       6                       7                       8                       9                       10                      11                      12                      13                      14                      15                      16                      17                      18                      19                      20                      21                      22                      23                      24                      25                      26                      27                      28                      29                      30                      31                      32                      33                      34                      35                     
                     ‾‾‾‾‾‾                  ‾‾‾‾‾‾                  ‾‾‾‾‾‾                  ‾‾‾‾‾‾                  ‾‾‾‾‾‾                  ‾‾‾‾‾‾                  ‾‾‾‾‾‾                  ‾‾‾‾‾‾                  ‾‾‾‾‾‾                  ‾‾‾‾‾‾                  ‾‾‾‾‾‾                  ‾‾‾‾‾‾                  ‾‾‾‾‾‾                  ‾‾‾‾‾‾                  ‾‾‾‾‾‾                  ‾‾‾‾‾‾                  ‾‾‾‾‾‾                  ‾‾‾‾‾‾                  ‾‾‾‾‾‾                  ‾‾‾‾‾‾                  ‾‾‾‾‾‾                  ‾‾‾‾‾‾                  ‾‾‾‾‾‾                  ‾‾‾‾‾‾                  ‾‾‾‾‾‾                  ‾‾‾‾‾‾                  ‾‾‾‾‾‾                  ‾‾‾‾‾‾                  ‾‾‾‾‾‾                  ‾‾‾‾‾‾                  ‾‾‾‾‾‾                  ‾‾‾‾‾‾                  ‾‾‾‾‾‾                  ‾‾‾‾‾‾                  ‾‾‾‾‾‾                  
          g =  1 )   2.8365752511685670E+01 
          g =  2 )   0.0000000000000000E+00  2.9591348997562431E+01 
          g =  3 )   2.8890711809681247E-01  0.0000000000000000E+00  3.0907854181857399E+01 
          g =  4 )   1.7067950192640405E-01  3.0086228387666092E-01  0.0000000000000000E+00  3.2325197775619067E+01 
          g =  5 )   1.1513666607779094E-01  1.7681407149871681E-01  3.1356126803744211E-01  0.0000000000000000E+00  3.3854772952261229E+01 
          g =  6 )   8.2865067845067072E-02  1.1860119705771593E-01  1.8323450938370023E-01  3.2706372533402278E-01  0.0000000000000000E+00  3.5509711725590940E+01 
          g =  7 )   6.1893027304348792E-02  8.4827368275571025E-02  1.2215201677699228E-01  1.8995039699228874E-01  3.4143461022635174E-01  0.0000000000000000E+00  3.7305224097086466E+01 
          g =  8 )   4.7275584639346238E-02  6.2918400480576758E-02  8.6771720176986575E-02  1.2577889316813418E-01  1.9696962549987607E-01  3.5674452233671056E-01  0.0000000000000000E+00  3.9259018689848929E+01 
          g =  9 )   3.6583330789795629E-02  4.7679710573426369E-02  6.3867239382891322E-02  8.8679107131334381E-02  1.2946759067805319E-01  2.0429757030181170E-01  3.7306999008329605E-01  0.0000000000000000E+00  4.1391828386549193E+01 
          g = 10 )   2.8476579701530960E-02  3.6558319593695307E-02  4.7973574885554024E-02  6.4716860377174210E-02  9.0525851199546842E-02  1.3319877768973243E-01  2.1193598129054592E-01  3.9049363960557232E-01  0.0000000000000000E+00  4.3728072495954400E+01 
          g = 11 )   2.2151182823819639E-02  2.8145335617693251E-02  3.6403650848398625E-02  4.8133410790368258E-02  6.5439969613975399E-02  9.2282553817002455E-02  1.3694663730331769E-01  2.1988149179730535E-01  4.0910416853220227E-01  0.0000000000000000E+00  4.6296698154236744E+01 
          g = 12 )   1.7090890616497052E-02  2.1593878308892887E-02  2.7673215929082683E-02  3.6095711902302978E-02  4.8131178084604195E-02  6.6003742839910215E-02  9.3912788912973319E-02  1.4067709661665809E-01  2.2812361386262234E-01  4.2899600279373951E-01  0.0000000000000000E+00  4.9132259473999966E+01 
          g = 13 )   1.2944788080545992E-02  1.6358946865157979E-02  2.0888579724176567E-02  2.7037144498879076E-02  3.5606994514161862E-02  4.7933793588977786E-02  6.6368717183359918E-02  9.5371488114177519E-02  1.4434556393910963E-01  2.3664203862076191E-01  4.5026845235701124E-01  0.0000000000000000E+00  5.2276315595405627E+01 
          g = 14 )   9.4616396388300140E-03  1.2068643971861383E-02  1.5472953632904081E-02  2.0012495641761489E-02  2.6210394991070928E-02  3.4905427666545058E-02  4.7502217682195785E-02  6.6487455903703960E-02  9.6602943148788159E-02  1.4789402956163131E-01  2.4540299226816700E-01  4.7302408724136730E-01  0.0000000000000000E+00  5.5779261689641856E+01 
          g = 15 )   6.4524081686284339E-03  8.4551740621530182E-03  1.1030949187895283E-02  1.4409618176354852E-02  1.8939153295505384E-02  2.5161930532483535E-02  3.3953576186524864E-02  4.6790366189487433E-02  6.6302938682297363E-02  9.7538332354482851E-02  1.5124734123599082E-01  2.5435430204684495E-01  4.9736591079759856E-01  0.0000000000000000E+00  5.9702755501274034E+01 
          g = 16 )   3.7677154688753947E-03  5.3154498471178280E-03  7.2759595160004293E-03  9.8066333031017489E-03  1.3141527330559901E-02  1.7637607733947729E-02  2.3855568782710786E-02  3.2707662831291243E-02  4.5743806341849380E-02  6.5746619073279111E-02  9.8092655734959178E-02  1.5430840709161908E-01  2.6341869088083603E-01  5.2339268482779167E-01  0.0000000000000000E+00  6.4122974836659168E+01 
          g = 17 )   1.2837247501647948E-03  2.4874311021018231E-03  3.9887177989192842E-03  5.8954044076992007E-03  8.3655358168858475E-03  1.1636051145345848E-02  1.6071372321711228E-02  2.2248892824734634E-02  3.1116347422310214E-02  4.4298177829820415E-02  6.4736075396208403E-02  9.8160935212852685E-02  1.5695200214863420E-01  2.7248462624589304E-01  5.5119141528099402E-01  0.0000000000000000E+00  6.9135052672043784E+01 
          g = 18 )  -1.1069153784697744E-03 -1.6461483638014612E-04  9.9247466791166404E-04  2.4379194115228516E-03  4.2782196762813935E-03  6.6707991916485883E-03  9.8537902504316471E-03  1.4196924138494212E-02  2.0291777302618878E-02  2.9119154054528446E-02  4.2377248532289066E-02  6.3172157716643890E-02  9.7613501746475762E-02  1.5901675460595666E-01  2.8139377299868479E-01  5.8082546378220778E-01  0.0000000000000000E+00  7.4859209992998601E+01 
          g = 19 )  -3.5008160208493204E-03 -2.7593989431796747E-03 -1.8623068054542534E-03 -7.5969186395541009E-04  6.1974805242323789E-04  2.3800830887912598E-03  4.6765525510572177E-03  7.7463238483804165E-03  1.1961546406170406E-02  1.7924311407784312E-02  2.6644360884618790E-02  3.9890456185652276E-02  6.0935493060652296E-02  9.6290145009881839E-02  1.6029475810302796E-01  2.8992370403758599E-01  6.1231588635147383E-01  0.0000000000000000E+00  8.1449382829080506E+01 
          g = 20 )  -5.9870871112384233E-03 -5.4041697258471388E-03 -4.7072790104876038E-03 -3.8628787389020105E-03 -2.8236390472828519E-03 -1.5213759182375088E-03  1.4428108399468058E-04  2.3245246541557466E-03  5.2528738345512058E-03  9.3001182491722900E-03  1.5073747915816067E-02  2.3606027643582907E-02  3.6729675870052700E-02  5.7882134820056733E-02  9.3992835460446122E-02  1.6051808761544750E-01  2.9776395276820766E-01  6.4561220994890722E-01  0.0000000000000000E+00  8.9105591099894383E+01 
          g = 21 )  -8.6482785328230380E-03 -8.1972227105665228E-03 -7.6611902069306827E-03 -7.0176718344965496E-03 -6.2354458865505266E-03 -5.2702493979970687E-03 -4.0579075619214342E-03 -2.5031473443100009E-03 -4.6096326669002249E-04  2.2952764253347767E-03  6.1302097279527469E-03  1.1649841625437430E-02  1.9899579758597546E-02  3.2764736120210816E-02  5.3837988880266974E-02  9.0476620637836680E-02  1.5934127688579419E-01  3.0448266936825685E-01  6.8054658889544462E-01  0.0000000000000000E+00  9.8092053551585352E+01 
          g = 22 )  -1.1558572598318204E-02 -1.1227221660417810E-02 -1.0830904829003792E-02 -1.0354350350998310E-02 -9.7768835664169811E-03 -9.0698491708796972E-03 -8.1925438271097609E-03 -7.0856520338055421E-03 -5.6604384355118760E-03 -3.7804492127369118E-03 -1.2296978520658806E-03  2.3444221465805165E-03  7.5374756091653181E-03  1.5394893322243461E-02  2.7836777513902174E-02  4.8591326271962901E-02  8.5438091107257599E-02  1.5631852015645742E-01  3.0947995698332476E-01  7.1676152839829788E-01  0.0000000000000000E+00  1.0876436101015400E+02 
          g = 23 )  -1.4778063796817271E-02 -1.4568300220199146E-02 -1.4307706963952119E-02 -1.3985570693873404E-02 -1.3587854352107333E-02 -1.3095713460781325E-02 -1.2483174527876156E-02 -1.1713421452605075E-02 -1.0732719405182107E-02 -9.4602175003925849E-03 -7.7704266225711591E-03 -5.4621675356509103E-03 -2.2017703907779469E-03  2.5846619771584907E-03  9.9249419374504919E-03  2.1747691313894601E-02  4.1881995030265948E-02  7.8500362793677350E-02  1.5087393023520085E-01  3.1192225449537697E-01  7.5359505443819208E-01  0.0000000000000000E+00  1.2161135927235296E+02 
          g = 24 )  -1.8340695862762678E-02 -1.8268596455891923E-02 -1.8156700119564807E-02 -1.7997039998472790E-02 -1.7779554581968254E-02 -1.7491260150592061E-02 -1.7114976760119707E-02 -1.6627315854548720E-02 -1.5995419035021462E-02 -1.5171534525685445E-02 -1.4083757150361859E-02 -1.2619754068677106E-02 -1.0597355297296095E-02 -7.7095110676479034E-03 -3.4173997351443592E-03  3.2664218650406505E-03  1.4242154085513131E-02  3.3384412857901308E-02  6.9192463676132687E-02  1.4226244310549055E-01  3.1064966530090909E-01  7.8989644449913521E-01  0.0000000000000000E+00  1.3732174089036650E+02 
          g = 25 )  -2.2231193152599974E-02 -2.2327554537430773E-02 -2.2394668712443992E-02 -2.2426225579146513E-02 -2.2414482531411858E-02 -2.2349800456222417E-02 -2.2219955685425154E-02 -2.2009085538146435E-02 -2.1696018454845270E-02 -2.1251543049262862E-02 -2.0633798885367639E-02 -1.9780251269259218E-02 -1.8593275638025375E-02 -1.6913387184701898E-02 -1.4467840667471699E-02 -1.0767889472796154E-02 -4.8942704219346218E-03  4.9752997477017814E-03  2.2678021269001616E-02  5.6918398568294365E-02  1.2951736498936475E-01  3.0404452238569912E-01  8.2372696735450690E-01  0.0000000000000000E+00  1.5689379323546390E+02 
          g = 26 )  -2.6341901487303004E-02 -2.6652813899540384E-02 -2.6947148439082753E-02 -2.7219805770621316E-02 -2.7464573709165024E-02 -2.7673837966545212E-02 -2.7838182563550466E-02 -2.7945816980834287E-02 -2.7981720612516976E-02 -2.7926308728781386E-02 -2.7753259958662912E-02 -2.7425825273298364E-02 -2.6890297826169043E-02 -2.6064002434789672E-02 -2.4812351426991952E-02 -2.2903276206073936E-02 -1.9912987442524011E-02 -1.5021840178060065E-02 -6.5479225626307522E-03  9.1912703715586585E-03  4.0904550018991730E-02  1.1137641293999027E-01  2.8984390151570633E-01  8.5186717942237800E-01  0.0000000000000000E+00  1.8182403067288766E+02 
          g = 27 )  -3.0391162729144716E-02 -3.0978046188077916E-02 -3.1565799290372787E-02 -3.2150698227811338E-02 -3.2728074772600826E-02 -3.3292092251501683E-02 -3.3835457969282084E-02 -3.4349045453111869E-02 -3.4821382561468925E-02 -3.5237929302588331E-02 -3.5580007443861097E-02 -3.5823122013034121E-02 -3.5934167060398592E-02 -3.5866490563576423E-02 -3.5550679737274368E-02 -3.4876451895487472E-02 -3.3655322683534564E-02 -3.1539956745816104E-02 -2.7841198788693802E-02 -2.1089495964809090E-02 -7.9118695298123383E-03  2.0097079811574901E-02  8.6166037981969354E-02  2.6486873122164073E-01  8.6899331224723841E-01  0.0000000000000000E+00  2.1444798626952780E+02 
          g = 28 )  -3.3763883240205531E-02 -3.4701774490630000E-02 -3.5665457147704541E-02 -3.6653352864750285E-02 -3.7663131032446569E-02 -3.8691505953984413E-02 -3.9733981431207738E-02 -4.0784527553943975E-02 -4.1835168312731721E-02 -4.2875448218888841E-02 -4.3891727138299634E-02 -4.4866215741213744E-02 -4.5775588701055581E-02 -4.6588852073412262E-02 -4.7263785536198838E-02 -4.7740466182563043E-02 -4.7928455357599174E-02 -4.7679510052696952E-02 -4.6725620858203913E-02 -4.4529820754522970E-02 -3.9904948822648979E-02 -2.9971782291971824E-02 -7.0630482902276914E-03  5.1586715779061772E-02  2.2461800176890731E-01  8.6627699094649491E-01  0.0000000000000000E+00  2.5859412912311200E+02 
          g = 29 )  -3.5183486709297211E-02 -3.6554868459750027E-02 -3.7986962444707811E-02 -3.9481707961554022E-02 -4.1040676345716079E-02 -4.2664903726770807E-02 -4.4354671551511043E-02 -4.6109219609790572E-02 -4.7926371882046542E-02 -4.9802049694956385E-02 -5.1729638655442306E-02 -5.3699163983461154E-02 -5.5696209310875808E-02 -5.7700477197671608E-02 -5.9683811196612681E-02 -6.1607315924471606E-02 -6.3416754886517324E-02 -6.5034216959156566E-02 -6.6340832119052409E-02 -6.7136316920506173E-02 -6.7034766339593821E-02 -6.5174527095278767E-02 -5.9348891225700376E-02 -4.3173815951289010E-02  4.2244739052587771E-03  1.6259797280822852E-01  8.2895481879742750E-01  0.0000000000000000E+00  3.2093551520593184E+02 
          g = 30 )  -3.1983906315371638E-02 -3.3861529630027476E-02 -3.5846470937181581E-02 -3.7946110251692783E-02 -4.0168198338687608E-02 -4.2520794218345412E-02 -4.5012162321894901E-02 -4.7650613284516516E-02 -5.0444266609822742E-02 -5.3400705767140011E-02 -5.6526486141248930E-02 -5.9826443009987254E-02 -6.3302729653847145E-02 -6.6953493883736587E-02 -7.0771072995392148E-02 -7.4739547460278694E-02 -7.8831425463605193E-02 -8.3003074180732689E-02 -8.7188065717200419E-02 -9.1286174442750376E-02 -9.5140980151643476E-02 -9.8482566212338293E-02 -1.0075294078069787E-01 -1.0050931593267931E-01 -9.3186828850607639E-02 -6.1762772822310234E-02  6.8945737017287831E-02  7.3196675172661962E-01  0.0000000000000000E+00  4.1406062690128169E+02 
          g = 31 )  -1.8309114208533466E-02 -2.0710211777760494E-02 -2.3275848193073129E-02 -2.6021083291343918E-02 -2.8962576545832570E-02 -3.2118748412466945E-02 -3.5509944850685218E-02 -3.9158596904707320E-02 -4.3089362140721829E-02 -4.7329227110176134E-02 -5.1907538677213566E-02 -5.6855915342828259E-02 -6.2207965304420389E-02 -6.7998702812012771E-02 -7.4263504552359944E-02 -8.1036379064910014E-02 -8.8347231210144275E-02 -9.6217690647874943E-02 -1.0465494486910379E-01 -1.1364287903007488E-01 -1.2312960051555409E-01 -1.3300950965581254E-01 -1.4309314036359183E-01 -1.5303247028229638E-01 -1.6204117958142611E-01 -1.6758821982926309E-01 -1.5852673806305956E-01 -7.3439445963450145E-02  5.3147077377586860E-01  0.0000000000000000E+00  5.6437755584271144E+02 
          g = 32 )   2.0112177983614678E-02  1.7355617025198049E-02  1.4376391428852726E-02  1.1150054694896598E-02  7.6488163501523473E-03  3.8410062403375494E-03 -3.0955543196552193E-04 -4.8442986386455361E-03 -9.8107727674191930E-03 -1.5263663891392242E-02 -2.1265979090659186E-02 -2.7890413632193904E-02 -3.5220908163933425E-02 -4.3354384719067961E-02 -5.2402615062508345E-02 -6.2494110814681578E-02 -7.3775812474370317E-02 -8.6414163437502176E-02 -1.0059484012649891E-01 -1.1651991096619754E-01 -1.3440045953610502E-01 -1.5444174868875504E-01 -1.7681709693741593E-01 -2.0162654822607090E-01 -2.2883696545715271E-01 -2.5818195975507463E-01 -2.8876787764245254E-01 -3.1598776815453222E-01 -3.0305902088632752E-01  1.4408276672167158E-01  0.0000000000000000E+00  8.3633199858974308E+02 
          g = 33 )   1.2553643443456972E-01  1.2321449072314275E-01  1.2065118376340932E-01  1.1781471886672790E-01  1.1466812517882810E-01  1.1116824471465570E-01  1.0726449049605000E-01  1.0289731351580553E-01  9.7996300671707309E-02  9.2477802660343528E-02  8.6241960251103172E-02  7.9168956955362177E-02  7.1114272746963164E-02  6.1902643305194696E-02  5.1320337754796594E-02  3.9105250625738344E-02  2.4934158214002022E-02  8.4063196433857706E-03 -1.0977570400848582E-02 -3.3842186352790807E-02 -6.0971152892597483E-02 -9.3347791185291448E-02 -1.3220154908253964E-01 -1.7905419509823295E-01 -2.3575079144480354E-01 -3.0444556239789788E-01 -3.8750055370126274E-01 -4.8728319235296480E-01 -6.0572056959644072E-01 -7.3569440162695476E-01 -6.3484135370139283E-01  0.0000000000000000E+00  1.4292373860112850E+03 
          g = 34 )   2.0482068122764330E-01  2.0502941996903024E-01  2.0518074353035537E-01  2.0526164524848620E-01  2.0525635099463549E-01  2.0514566390078917E-01  2.0490613192193766E-01  2.0450898351375163E-01  2.0391875749720467E-01  2.0309152637186678E-01  2.0197257457029341E-01  2.0049333934135874E-01  1.9856734458615097E-01  1.9608474538250434E-01  1.9290493526016250E-01  1.8884642151524156E-01  1.8367280171936357E-01  1.7707310631008216E-01  1.6863389348448993E-01  1.5779910771753641E-01  1.4381153921157555E-01  1.2562625770967378E-01  1.0178086480657239E-01  7.0198664530941202E-02  2.7887468401134818E-02 -2.9522005485662445E-02 -1.0847437202274401E-01 -2.1850161690869779E-01 -3.7355196281530179E-01 -5.9352539324958231E-01 -9.0697266279935262E-01 -1.3020272112420319E+00  0.0000000000000000E+00  3.3064696180963574E+03 
          g = 35 )   5.9401811411965695E-04  5.9894719420134799E-04  6.0411140148181183E-04  6.0952384537054218E-04  6.1519780213072973E-04  6.2114642625266852E-04  6.2738232347056837E-04  6.3391692781540566E-04  6.4075960016848107E-04  6.4791632918665093E-04  6.5538786112709531E-04  6.6316700351856412E-04  6.7123472365705089E-04  6.7955447199194300E-04  6.8806386222158183E-04  6.9666236663701829E-04  7.0519292129970449E-04  7.1341407944093354E-04  7.2095724353547872E-04  7.2725989047549527E-04  7.3145934972947753E-04  7.3222022982155632E-04  7.2744730439024455E-04  7.1379491378798941E-04  6.8580328365363554E-04  6.3432701539634215E-04  5.4357161178289893E-04  3.8529606123602355E-04  1.0709704397912731E-04 -3.9157196068427145E-04 -1.3058429851623787E-03 -2.9953794135061575E-03 -6.1908605757779811E-03  0.0000000000000000E+00  2.9899864295278945E+04 
 
       ell = 5
 
          g'=         1                       2                       3                       4                       5                       6                       7                       8                       9                       10                      11                      12                      13                      14                      15                      16                      17                      18                      19                      20                      21                      22                      23                      24                      25                      26                      27                      28                      29                      30                      31                      32                      33                      34                      35                     
                     ‾‾‾‾‾‾                  ‾‾‾‾‾‾                  ‾‾‾‾‾‾                  ‾‾‾‾‾‾                  ‾‾‾‾‾‾                  ‾‾‾‾‾‾                  ‾‾‾‾‾‾                  ‾‾‾‾‾‾                  ‾‾‾‾‾‾                  ‾‾‾‾‾‾                  ‾‾‾‾‾‾                  ‾‾‾‾‾‾                  ‾‾‾‾‾‾                  ‾‾‾‾‾‾                  ‾‾‾‾‾‾                  ‾‾‾‾‾‾                  ‾‾‾‾‾‾                  ‾‾‾‾‾‾                  ‾‾‾‾‾‾                  ‾‾‾‾‾‾                  ‾‾‾‾‾‾                  ‾‾‾‾‾‾                  ‾‾‾‾‾‾                  ‾‾‾‾‾‾                  ‾‾‾‾‾‾                  ‾‾‾‾‾‾                  ‾‾‾‾‾‾                  ‾‾‾‾‾‾                  ‾‾‾‾‾‾                  ‾‾‾‾‾‾                  ‾‾‾‾‾‾                  ‾‾‾‾‾‾                  ‾‾‾‾‾‾                  ‾‾‾‾‾‾                  ‾‾‾‾‾‾                  
          g =  1 )   2.2454192656323603E+01 
          g =  2 )   0.0000000000000000E+00  2.3421234347507927E+01 
          g =  3 )   2.2878392176352591E-01  0.0000000000000000E+00  2.4459833646489404E+01 
          g =  4 )   1.3341739093951574E-01  2.3801878466894844E-01  0.0000000000000000E+00  2.5577792080289768E+01 
          g =  5 )   8.8676774346021864E-02  1.3797375983489046E-01  2.4780365590162445E-01  0.0000000000000000E+00  2.6784059257738278E+01 
          g =  6 )   6.2727020135920464E-02  9.1098591690523922E-02  1.4271479620453875E-01  2.5817905715581174E-01  0.0000000000000000E+00  2.8088948627238253E+01 
          g =  7 )   4.5897532977325448E-02  6.3956568204060024E-02  9.3548229266229660E-02  1.4764160479803304E-01  2.6918838568383913E-01  0.0000000000000000E+00  2.9504403140835421E+01 
          g =  8 )   3.4193023429172985E-02  4.6390224991177655E-02  6.5133855142857869E-02  9.6011755398130810E-02  1.5275278468132913E-01  2.8087788714977874E-01  0.0000000000000000E+00  3.1044324675894689E+01 
          g =  9 )   2.5649883591662391E-02  3.4202405356883542E-02  4.6787150586241333E-02  6.6238746295151155E-02  9.8471107089466464E-02  1.5804353369733176E-01  2.9329650067495766E-01  0.0000000000000000E+00  3.2724985595521488E+01 
          g = 10 )   1.9184583834105685E-02  2.5329436881030655E-02  3.4092240830188830E-02  4.7066015541111561E-02  6.7246660553617194E-02  1.0090304747231772E-01  1.6350447115645633E-01  3.0649551058502827E-01  0.0000000000000000E+00  3.4565547081072438E+01 
          g = 11 )   1.4146110041975137E-02  1.8631639718684201E-02  2.4876832902996096E-02  3.3840059505383324E-02  4.7200306138386119E-02  6.8127613127277165E-02  1.0327785316386236E-01  1.6912008705568152E-01  3.2052790954451099E-01  0.0000000000000000E+00  3.6588717598497588E+01 
          g = 12 )   1.0116029135893894E-02  1.3423261434406007E-02  1.7940083262464039E-02  2.4270310004839080E-02  3.3419594743477117E-02  4.7158490643451095E-02  6.8845044909363148E-02  1.0555765739868127E-01  1.7486669412906897E-01  3.3544733399441140E-01  0.0000000000000000E+00  3.8821597195488252E+01 
          g = 13 )   6.8096244657518522E-03  9.2624901832788990E-03  1.2558185873688524E-02  1.7089051967459346E-02  2.3484730973501480E-02  3.2800140835515162E-02  4.6903067965058692E-02  6.9354389773356742E-02  1.0769435341191302E-01  1.8070971500165847E-01  3.5130636812349686E-01  0.0000000000000000E+00  4.1296770989922109E+01 
          g = 14 )   4.0230685735425497E-03  5.8476337214214986E-03  8.2635172766223359E-03  1.1530607641296419E-02  1.6054589061500858E-02  2.2491045440048152E-02  3.1945800583606569E-02  4.6389435172033075E-02  6.9601320415119600E-02  1.0962693487126632E-01  1.8660007580598123E-01  3.6815391626653932E-01  0.0000000000000000E+00  4.4053740865287899E+01 
          g = 15 )   1.6034592341337087E-03  2.9616833082736875E-03  4.7354741293271167E-03  7.0987103907128833E-03  1.0317193318208920E-02  1.4809126020108287E-02  2.1255654421586875E-02  3.0814603005259445E-02  4.5564540726465319E-02  6.9519600719097435E-02  1.1127811447005644E-01  1.9246939292920501E-01  3.8603119891078747E-01  0.0000000000000000E+00  4.7140822228877752E+01 
          g = 16 )  -5.6891646804328906E-04  4.4095042292593804E-04  1.7422575527116686E-03  3.4515868079415292E-03  5.7443226216424481E-03  8.8909443980087731E-03  1.3320838075415085E-02  1.9739648060747968E-02  2.9357464504829796E-02  4.4365284384831782E-02  6.9028457934060400E-02  1.1255001603694041E-01  1.9822352125955306E-01  4.0496570806691695E-01  0.0000000000000000E+00  5.0617689440799786E+01 
          g = 17 )  -2.5912757239042431E-03 -1.8433509401678642E-03 -8.9192391627323630E-04  3.4080075020276150E-04  1.9704011003093174E-03  4.1724403748455178E-03  7.2203886296562172E-03  1.1552816235195187E-02  1.7897870755789670E-02  2.7516955606859378E-02  4.2716616683156315E-02  6.8029371099785838E-02  1.1331867735673101E-01  2.0373386639517185E-01  4.2496212164806962E-01  0.0000000000000000E+00  5.4558840203194919E+01 
          g = 18 )  -4.5445818953956827E-03 -3.9959536125448811E-03 -3.3058668194741194E-03 -2.4229624176304899E-03 -1.2717268005712889E-03  2.6118936432902896E-04  2.3498482218647504E-03  5.2684694659658237E-03  9.4619638734545156E-03  1.5677737883811473E-02  2.5225814510937930E-02  4.0529278259312025E-02  6.6402152883042131E-02  1.1342702790203645E-01  2.0882562991213388E-01  4.4598865597375303E-01  0.0000000000000000E+00  5.9058384258790731E+01 
          g = 19 )  -6.4965638878087236E-03 -6.1034264888282499E-03 -5.6121411599612779E-03 -4.9893114986908366E-03 -4.1863214485135369E-03 -3.1309464120429569E-03 -1.7135238713470941E-03  2.3642757603448659E-04  2.9909753944514037E-03  6.9974664338527167E-03  1.3017674605307870E-02  2.2405108867069774E-02  3.7697096119989344E-02  6.4000179040674968E-02  1.1267591565902073E-01  2.1326182803766519E-01  4.6795651994485521E-01  0.0000000000000000E+00  6.4236776853806390E+01 
          g = 20 )  -8.5018381067815067E-03 -8.2361926569443841E-03 -7.9021710888229346E-03 -7.4784081116268221E-03 -6.9341862972951470E-03 -6.2243669944169865E-03 -5.2811267218720670E-03 -4.0001784753402264E-03 -2.2171323154506622E-03  3.3426165991126168E-04  4.0985834690618998E-03  9.8449508719884275E-03  1.8961869705286984E-02  3.4093706992557461E-02  6.0644588800199656E-02  1.1081264864117768E-01  2.1672146127996567E-01  4.9068884044155658E-01  0.0000000000000000E+00  7.0250468418108383E+01 
          g = 21 )  -1.0598856740288456E-02 -1.0446728941406563E-02 -1.0246422725497846E-02 -9.9844230844294262E-03 -9.6416471679607978E-03 -9.1904777556238888E-03 -8.5899756348333297E-03 -7.7779110298601718E-03 -6.6572466371470958E-03 -5.0726246740011686E-03 -2.7681168346153813E-03  6.9134878098696048E-04  6.0725144959124251E-03  1.4785870114460057E-02  2.9568477314568249E-02  5.6117227188385292E-02  1.0751638842085894E-01  2.1876956358488420E-01  5.1387334907674420E-01  0.0000000000000000E+00  7.7306030296479236E+01 
          g = 22 )  -1.2802458828609361E-02 -1.2763018859779766E-02 -1.2689227470797485E-02 -1.2572469077475249E-02 -1.2400933473736053E-02 -1.2157968580877487E-02 -1.1819412334546095E-02 -1.1349166636517362E-02 -1.0691751798416686E-02 -9.7593840168081203E-03 -8.4090281980377969E-03 -6.4004295097140557E-03 -3.3164971949735007E-03  1.5941194025736287E-03  9.7449260869816954E-03  2.3941169617416790E-02  5.0151989050654530E-02  1.0237958107448325E-01  2.1881595699362616E-01  5.3698973275637485E-01  0.0000000000000000E+00  8.5681332849829658E+01 
          g = 23 )  -1.5089764909884921E-02 -1.5175043897829374E-02 -1.5236171538854910E-02 -1.5267419228793447E-02 -1.5261269509407385E-02 -1.5207557705780358E-02 -1.5092082047377850E-02 -1.4894303492336556E-02 -1.4583457465265723E-02 -1.4111809970016959E-02 -1.3402752571200291E-02 -1.2329068964101218E-02 -1.0672239643471637E-02 -8.0434139983709980E-03 -3.7234811384531975E-03  3.6775257514784256E-03  1.6994423555204280E-02  4.2423953262728825E-02  9.4884413222800890E-02  2.1605829966116058E-01  5.5919695680864068E-01  0.0000000000000000E+00  9.5758168970674461E+01 
          g = 24 )  -1.7375058871848807E-02 -1.7610006480220878E-02 -1.7829879396579030E-02 -1.8030571037238052E-02 -1.8206940326189927E-02 -1.8352396080284359E-02 -1.8458231977598862E-02 -1.8512530381801777E-02 -1.8498305709695840E-02 -1.8390278602873074E-02 -1.8149130406892752E-02 -1.7711008530233205E-02 -1.6967834621280202E-02 -1.5729237056760097E-02 -1.3646400069682735E-02 -1.0053378205213922E-02 -3.6194934069478935E-03  8.4620718327647060E-03  3.2535003193549572E-02  8.4372942250548727E-02  2.0940334845155859E-01  5.7915650811232733E-01  0.0000000000000000E+00  1.0807409069646498E+02 
          g = 25 )  -1.9465618482667521E-02 -1.9888164791949766E-02 -2.0305996360462042E-02 -2.0716002955142199E-02 -2.1114383699713819E-02 -2.1496448533043437E-02 -2.1856318670313263E-02 -2.2186451293822993E-02 -2.2476849722790508E-02 -2.2713697008496566E-02 -2.2876908688883445E-02 -2.2935614113113498E-02 -2.2839573822850463E-02 -2.2502418338045428E-02 -2.1767914651797914E-02 -2.0339785835015372E-02 -1.7629786391424450E-02 -1.2412495161632500E-02 -1.9909379116582158E-03  1.9992855372246064E-02  7.0008721878536892E-02  1.9735814697470100E-01  5.9475164172356898E-01  0.0000000000000000E+00  1.2340777860093772E+02 
          g = 26 )  -2.0983122237210404E-02 -2.1643685665520909E-02 -2.2313569718739719E-02 -2.2990618841170637E-02 -2.3672116150366337E-02 -2.4354663989706364E-02 -2.5034028130343697E-02 -2.5704922475638790E-02 -2.6360689405385253E-02 -2.6992786883049312E-02 -2.7589903198245908E-02 -2.8136332525208217E-02 -2.8608847280270553E-02 -2.8970444471548021E-02 -2.9157436956777034E-02 -2.9051992077895931E-02 -2.8421804409605053E-02 -2.6782543845167334E-02 -2.3069480527195523E-02 -1.4805942451983016E-02  4.1759298298899780E-03  5.0725258363617194E-02  1.7787982651000342E-01  6.0263553462794328E-01  0.0000000000000000E+00  1.4292565410379981E+02 
          g = 27 )  -2.1219960683597897E-02 -2.2179327696139315E-02 -2.3168102749459667E-02 -2.4185605058047691E-02 -2.5230678954817967E-02 -2.6301584332966456E-02 -2.7395866835099154E-02 -2.8510203270679893E-02 -2.9640214003686258E-02 -3.0780224996210050E-02 -3.1922940685833290E-02 -3.3058938538997176E-02 -3.4175779131912290E-02 -3.5256253403240574E-02 -3.6274649757680723E-02 -3.7188398976592353E-02 -3.7918726873995896E-02 -3.8304524814597674E-02 -3.7988786310651251E-02 -3.6127613396669152E-02 -3.0603458602191602E-02 -1.5734603818148681E-02  2.5148764213194244E-02  1.4816768014031395E-01  5.9749426093570723E-01  0.0000000000000000E+00  1.6844651170272385E+02 
          g = 28 )  -1.8865634375440157E-02 -2.0188964672728058E-02 -2.1570050603092441E-02 -2.3010757079015554E-02 -2.4512677743347602E-02 -2.6077024551023127E-02 -2.7704491596976563E-02 -2.9395089724151308E-02 -3.1147949121863014E-02 -3.2961088310313656E-02 -3.4831149104381398E-02 -3.6753096198185481E-02 -3.8719870042254814E-02 -4.0721943085805831E-02 -4.2746608647631898E-02 -4.4776484266820307E-02 -4.6785746270997922E-02 -4.8729949666978939E-02 -5.0517850153998595E-02 -5.1932256030292251E-02 -5.2402598699852934E-02 -5.0325223986257772E-02 -4.0900534748761250E-02 -8.5420119656472726E-03  1.0436835330765092E-01  5.7082849318409701E-01  0.0000000000000000E+00  2.0294875576900495E+02 
          g = 29 )  -1.1455905903855543E-02 -1.3197828524946682E-02 -1.5035667340757460E-02 -1.6975417860477425E-02 -1.9023278274778930E-02 -2.1185580606383085E-02 -2.3468691497726457E-02 -2.5878874295339322E-02 -2.8422102945200374E-02 -3.1103817765784580E-02 -3.3928614306376129E-02 -3.6899860719437530E-02 -4.0019248606843277E-02 -4.3286299737641164E-02 -4.6697876964421438E-02 -5.0247771459400452E-02 -5.3926407099450895E-02 -5.7720420458959219E-02 -6.1610677672664815E-02 -6.5562977642797060E-02 -6.9490872652479177E-02 -7.3118859959920221E-02 -7.5490175239891447E-02 -7.3150502270394296E-02 -5.2931002671629007E-02  4.1117757417097875E-02  5.0891108315845390E-01  0.0000000000000000E+00  2.5161752928334985E+02 
          g = 30 )   5.8228240032520140E-03  3.6542728216441343E-03  1.3422416792181629E-03 -1.1253458490395158E-03 -3.7616507009565038E-03 -6.5809827925781255E-03 -9.5988514681044305E-03 -1.2831992433223909E-02 -1.6298357991494580E-02 -2.0017052744964188E-02 -2.4008191360081123E-02 -2.8292649063348687E-02 -3.2891670732268494E-02 -3.7826304338542144E-02 -4.3116636606680053E-02 -4.8780847833721976E-02 -5.4834195368304334E-02 -6.1288221584019455E-02 -6.8150796635983585E-02 -7.5427951154858619E-02 -8.3128021129393659E-02 -9.1263438778162037E-02 -9.9817925632901053E-02 -1.0851865977895203E-01 -1.1565572351475999E-01 -1.1217715980917981E-01 -4.9354118513610171E-02  3.8928693112591983E-01  0.0000000000000000E+00  3.2422002060928253E+02 
          g = 31 )   4.3009347643438479E-02  4.0543270513730578E-02  3.7882688269460743E-02  3.5007623778665578E-02  3.1895646703011434E-02  2.8521543950897368E-02  2.4856949236479305E-02  2.0869930312413430E-02  1.6524534818779892E-02  1.1780299717550322E-02  6.5917357833190464E-03  9.0780872294780662E-04 -5.3285463693426537E-03 -1.2180818799397197E-02 -1.9719136618607157E-02 -2.8020178648050974E-02 -3.7166629442978452E-02 -4.7246022986333139E-02 -5.8348930188718742E-02 -7.0566845504557260E-02 -8.3991214774057299E-02 -9.8717543790385415E-02 -1.1486309577642712E-01 -1.3260963421498079E-01 -1.5224732332973540E-01 -1.7387190607084263E-01 -1.9408288393714770E-01 -1.7964067627272992E-01  1.7438843220009109E-01  0.0000000000000000E+00  4.4120740004992302E+02 
          g = 32 )   1.2336758634569708E-01  1.2112182359268488E-01  1.1864941817704661E-01  1.1592241410208687E-01  1.1290867941534580E-01  1.0957117508668814E-01  1.0586707933640158E-01  1.0174673666899685E-01  9.7152394436300943E-02  9.2016682345515105E-02  8.6260782140305053E-02  7.9792226275544331E-02  7.2502257010203186E-02  6.4262673380000773E-02  5.4922097441045425E-02  4.4301610788489446E-02  3.2189760516090966E-02  1.8337030040802886E-02  2.4500396011356198E-03 -1.5813999040354524E-02 -3.6851744479710360E-02 -6.1116217437439085E-02 -8.9117728741144597E-02 -1.2142980403156087E-01 -1.5872744688139373E-01 -2.0194062462908693E-01 -2.5267743105711798E-01 -3.1337814787758622E-01 -3.7492363118740329E-01 -2.0274809879445094E-01  0.0000000000000000E+00  6.5236168242819974E+02 
          g = 33 )   3.1111158313726156E-01  3.1084354360676247E-01  3.1041544882949645E-01  3.0979895274357383E-01  3.0896041667748769E-01  3.0785978242753587E-01  3.0644917026523527E-01  3.0467112560107923E-01  3.0245641432174719E-01  2.9972123497968128E-01  2.9636367303763367E-01  2.9225916408379526E-01  2.8725465356186408E-01  2.8116103216217825E-01  2.7374327780475038E-01  2.6470753279332682E-01  2.5368407004723514E-01  2.4020473418053875E-01  2.2367296174564680E-01  2.0332388384625014E-01  1.7817133006703051E-01  1.4693792628411989E-01  1.0796426056266364E-01  5.9093914231413455E-02 -2.4666003908226358E-03 -8.0314375736537685E-02 -1.7907829267256287E-01 -3.0496601151013358E-01 -4.6785474568392149E-01 -6.8653438796019617E-01 -8.8588388385900863E-01  0.0000000000000000E+00  1.1110598683971903E+03 
          g = 34 )   3.7894755758530585E-01  3.8228995738540272E-01  3.8574321321391614E-01  3.8930792868292363E-01  3.9298337417083529E-01  3.9676700797225711E-01  4.0065384185042352E-01  4.0463559743502836E-01  4.0869957966020209E-01  4.1282716470228076E-01  4.1699175870677685E-01  4.2115602400760954E-01  4.2526808237353331E-01  4.2925627584122827E-01  4.3302187255412450E-01  4.3642881210760043E-01  4.3928913469646591E-01  4.4134203670696837E-01  4.4222338597702693E-01  4.4142074985493512E-01  4.3820609110423370E-01  4.3153350326007789E-01  4.1988136905923346E-01  4.0100488739373974E-01  3.7154232925468555E-01  3.2638106207714901E-01  2.5763049299878671E-01  1.5296377909368253E-01 -7.0386421859395202E-03 -2.5345849803970416E-01 -6.4195041484129400E-01 -1.2995406695736045E+00  0.0000000000000000E+00  2.5533033792213650E+03 
          g = 35 )   9.0507118583043364E-04  9.1886418328311452E-04  9.3342631458694049E-04  9.4882076723865039E-04  9.6511730666125296E-04  9.8239303023132311E-04  1.0007331886246144E-03  1.0202320644235963E-03  1.0409938854838972E-03  1.0631337300589074E-03  1.0867783471038002E-03  1.1120667604075140E-03  1.1391504357672066E-03  1.1681926437054264E-03  1.1993664078140630E-03  1.2328500242815396E-03  1.2688184547291993E-03  1.3074277228933306E-03  1.3487874025753593E-03  1.3929126514095665E-03  1.4396406408185552E-03  1.4884839246907581E-03  1.5383697053834332E-03  1.5871673474968787E-03  1.6308111973795095E-03  1.6616236545440235E-03  1.6649980878750150E-03  1.6125837091509670E-03  1.4477318784430543E-03  1.0534636876145045E-03  1.8220942121742822E-04 -1.6899971630283742E-03 -6.1154468125907803E-03  0.0000000000000000E+00  2.1591229451734849E+04 
 
       ell = 6
 
          g'=         1                       2                       3                       4                       5                       6                       7                       8                       9                       10                      11                      12                      13                      14                      15                      16                      17                      18                      19                      20                      21                      22                      23                      24                      25                      26                      27                      28                      29                      30                      31                      32                      33                      34                      35                     
                     ‾‾‾‾‾‾                  ‾‾‾‾‾‾                  ‾‾‾‾‾‾                  ‾‾‾‾‾‾                  ‾‾‾‾‾‾                  ‾‾‾‾‾‾                  ‾‾‾‾‾‾                  ‾‾‾‾‾‾                  ‾‾‾‾‾‾                  ‾‾‾‾‾‾                  ‾‾‾‾‾‾                  ‾‾‾‾‾‾                  ‾‾‾‾‾‾                  ‾‾‾‾‾‾                  ‾‾‾‾‾‾                  ‾‾‾‾‾‾                  ‾‾‾‾‾‾                  ‾‾‾‾‾‾                  ‾‾‾‾‾‾                  ‾‾‾‾‾‾                  ‾‾‾‾‾‾                  ‾‾‾‾‾‾                  ‾‾‾‾‾‾                  ‾‾‾‾‾‾                  ‾‾‾‾‾‾                  ‾‾‾‾‾‾                  ‾‾‾‾‾‾                  ‾‾‾‾‾‾                  ‾‾‾‾‾‾                  ‾‾‾‾‾‾                  ‾‾‾‾‾‾                  ‾‾‾‾‾‾                  ‾‾‾‾‾‾                  ‾‾‾‾‾‾                  ‾‾‾‾‾‾                  
          g =  1 )   1.5720123951828088E+01 
          g =  2 )   0.0000000000000000E+00  1.6394930777469849E+01 
          g =  3 )   1.5957982937182846E-01  0.0000000000000000E+00  1.7119548885399499E+01 
          g =  4 )   9.1606416903919408E-02  1.6582582543860369E-01  0.0000000000000000E+00  1.7899398693128287E+01 
          g =  5 )   5.9791617692938399E-02  9.4535501159543803E-02  1.7242303801707737E-01  0.0000000000000000E+00  1.8740697080516870E+01 
          g =  6 )   4.1395497091867364E-02  6.1220276567570855E-02  9.7559639965605335E-02  1.7939423310620844E-01  0.0000000000000000E+00  1.9650606874587066E+01 
          g =  7 )   2.9509864985753885E-02  4.1996048187131575E-02  6.2636570716982115E-02  1.0067450372405626E-01  1.8676312124390654E-01  0.0000000000000000E+00  2.0637420871434419E+01 
          g =  8 )   2.1280342250171769E-02  2.9606742127566806E-02  4.2531435937219017E-02  6.4026428850578895E-02  1.0387313155148468E-01  1.9455410253819821E-01  0.0000000000000000E+00  2.1710789970717222E+01 
          g =  9 )   1.5303818894406530E-02  2.1053685615801353E-02  2.9611544282537695E-02  4.2984087778934456E-02  6.5372232783426909E-02  1.0714513322940408E-01  2.0279186239196528E-01  0.0000000000000000E+00  2.2882008126556606E+01 
          g = 10 )   1.0805949332629072E-02  1.4862226313371096E-02  2.0721875280327189E-02  2.9506010450281235E-02  4.3332879908343142E-02  6.6651982581323446E-02  1.1047565706611033E-01  2.1150075485740955E-01  0.0000000000000000E+00  2.4164371135394745E+01 
          g = 11 )   7.3215645564306802E-03  1.0217904783514840E-02  1.4310121217149125E-02  2.0267301536235467E-02  2.9268685232336208E-02  4.3552421856779287E-02  6.7838257185120474E-02  1.1384405113443771E-01  2.2070388413167036E-01  0.0000000000000000E+00  2.5573632306030852E+01 
          g = 12 )   4.5520046346318602E-03  6.6308315864098116E-03  9.5181532045794659E-03  1.3631106245640841E-02  1.9669632420351923E-02  2.8874365570963550E-02  4.3612194137984409E-02  6.8896917869445337E-02  1.1722212117337238E-01  2.3042175654862485E-01  0.0000000000000000E+00  2.7128586568810068E+01 
          g = 13 )   2.2947039851996514E-03  3.7858947228926213E-03  5.8290619112088115E-03  8.6915935160924700E-03  1.2806512433743346E-02  1.8905412142518299E-02  2.8293457077124141E-02  4.3475509938589431E-02  6.9785488077017122E-02  1.2057185563355100E-01  2.4067031990274351E-01  0.0000000000000000E+00  2.8851826765640116E+01 
          g = 14 )   4.0574437101342439E-04  1.4688842580077039E-03  2.9096810134075276E-03  4.9022147198739905E-03  7.7211960997964901E-03  1.1815108462516575E-02  1.7947610442126435E-02  2.7491229295252977E-02  4.3098267489616718E-02  7.0451125988377133E-02  1.2384244366784351E-01  2.5145812549011587E-01  0.0000000000000000E+00  3.0770733554271075E+01 
          g = 15 )  -1.2211435985709932E-03 -4.7270351341515381E-04  5.3301108926168128E-04  1.9099332220995947E-03  3.8345033260928328E-03  6.5877647354444270E-03  1.0632779519955060E-02  1.6765121118037039E-02  2.6426960320672051E-02  4.2427455818333036E-02  7.0828085136974972E-02  1.2696635085418392E-01  2.6278222769805176E-01  0.0000000000000000E+00  3.2918786445695012E+01 
          g = 16 )  -2.6666792252249662E-03 -2.1514990689583558E-03 -1.4627954849676097E-03 -5.2629591139464853E-04  7.7147873651241088E-04  2.6081473171496710E-03  5.2696622390116833E-03  9.2321720248099860E-03  1.5322209139058771E-02  2.5052963674429878E-02  4.1399373923977183E-02  7.0834533199314736E-02  1.2985413398114870E-01  2.7462225585960504E-01  0.0000000000000000E+00  3.5337322601768648E+01 
          g = 17 )  -3.9928664769380492E-03 -3.6526075645608915E-03 -3.1970507255695930E-03 -2.5783975813200586E-03 -1.7243051852262638E-03 -5.2290305037762559E-04  1.2030637336469790E-03  3.7424852131443549E-03  7.5822969019090792E-03  1.3577906467485861E-02  2.3313494714203013E-02  3.9937523521732909E-02  7.0368570124692484E-02  1.3238756208862823E-01  2.8693182129535172E-01  0.0000000000000000E+00  3.8077929729304380E+01 
          g = 18 )  -5.2463164393603589E-03 -5.0402111114322152E-03 -4.7589536754192151E-03 -4.3724499328960144E-03 -3.8354498309813899E-03 -3.0785387277658324E-03 -1.9928717474482077E-03 -4.0352912925128125E-04  1.9786634147526908E-03  5.6480765812022687E-03  1.1485355601410840E-02  2.1143540321345064E-02  3.7950140645025290E-02  6.9303255658432997E-02  1.3441045530003315E-01  2.9962600802023864E-01  0.0000000000000000E+00  4.1205752401502870E+01 
          g = 19 )  -6.4587968206145738E-03 -6.3601411036914570E-03 -6.2136240651381293E-03 -6.0008725590431754E-03 -5.6944048248562997E-03 -5.2522925867000995E-03 -4.6092042800421210E-03 -3.6610229825342587E-03 -2.2376313346619339E-03 -5.3056078371582771E-05  3.3898063207381257E-03  8.9910938115265598E-03  1.8467503416458628E-02  3.5327344834328651E-02  6.7480427211339414E-02  1.3571644219969392E-01  3.1256305679007174E-01  0.0000000000000000E+00  4.4804139180816250E+01 
          g = 20 )  -7.6450202269357503E-03 -7.6389826919258837E-03 -7.6033508801204679E-03 -7.5273271028519885E-03 -7.3948810284475905E-03 -7.1816706789337385E-03 -6.8499123997413274E-03 -6.3396532436532779E-03 -5.5534970023863213E-03 -4.3291462724504709E-03 -2.3883008573726029E-03  7.6247427053913533E-04  6.0342540831224978E-03  1.5197799794505931E-02  3.1937910298456614E-02  6.4703070654358832E-02  1.3603255500632269E-01  3.2551735639435142E-01  0.0000000000000000E+00  4.8981299368256252E+01 
          g = 21 )  -8.7971933313149304E-03 -8.8794307569694565E-03 -8.9442835620444586E-03 -8.9856655351150290E-03 -8.9946625280760990E-03 -8.9578521177478554E-03 -8.8545192935273239E-03 -8.6518735781567560E-03 -8.2967227987236145E-03 -7.7006476945124334E-03 -6.7127589788083773E-03 -5.0680243138796471E-03 -2.2851581551954457E-03  2.5456199357901041E-03  1.1233379846891996E-02  2.7625704285921857E-02  6.0726015385608831E-02  1.3499721528841416E-01  3.3813928719158398E-01  0.0000000000000000E+00  5.3880042736732413E+01 
          g = 22 )  -9.8749726362026141E-03 -1.0050762631438047E-02 -1.0217751610890922E-02 -1.0372606028059145E-02 -1.0510591147557719E-02 -1.0624738842536985E-02 -1.0704438628047560E-02 -1.0732995853399660E-02 -1.0683380582122204E-02 -1.0510574277166930E-02 -1.0137555764738623E-02 -9.4289558765951915E-03 -8.1397988432943096E-03 -5.8118735168129140E-03 -1.5536068187206077E-03  6.4581508253214528E-03  2.2205890687225088E-02  5.5244788976230308E-02  1.3213070764403653E-01  3.4989496283806454E-01  0.0000000000000000E+00  5.9692374072772047E+01 
          g = 23 )  -1.0788569892758455E-02 -1.1072143562993922E-02 -1.1353971441396755E-02 -1.1632219739759773E-02 -1.1904426776083932E-02 -1.2167146382101836E-02 -1.2415328001036612E-02 -1.2641221184016489E-02 -1.2832411286687806E-02 -1.2968218652211518E-02 -1.3013049464351358E-02 -1.2903731936585727E-02 -1.2524862882108575E-02 -1.1659434013018376E-02 -9.8859208823958745E-03 -6.3536036811138209E-03  7.3916240439508840E-04  1.5461037891678228E-02  4.7882627712505607E-02  1.2679572311108142E-01  3.5997489910311187E-01  0.0000000000000000E+00  6.6681961905932752E+01 
          g = 24 )  -1.1370906065409294E-02 -1.1784649512017889E-02 -1.2204075495209552E-02 -1.2628167517724709E-02 -1.3055635836315031E-02 -1.3484800731794068E-02 -1.3913381727240010E-02 -1.4338106486560592E-02 -1.4753972354962053E-02 -1.5152833837733522E-02 -1.5520669674956985E-02 -1.5832208133131548E-02 -1.6040238578971019E-02 -1.6053782650113733E-02 -1.5692464372179946E-02 -1.4587667161531806E-02 -1.1958758097247672E-02 -6.0758491448035939E-03  7.1372210061125749E-03  3.8175943282930572E-02  1.1814508594763362E-01  3.6715413605379510E-01  0.0000000000000000E+00  7.5219816571010227E+01 
          g = 25 )  -1.1331673592492339E-02 -1.1904698965175636E-02 -1.2492976431924364E-02 -1.3096116366306951E-02 -1.3713574455694093E-02 -1.4344628279689839E-02 -1.4988337964741683E-02 -1.5643467812627199E-02 -1.6308317915917692E-02 -1.6980355897116071E-02 -1.7655414419324871E-02 -1.8325954589728986E-02 -1.8977320496407130E-02 -1.9579635720451436E-02 -2.0070098693254431E-02 -2.0313573264636179E-02 -2.0012429451999762E-02 -1.8492074134819292E-02 -1.4162480569806506E-02 -3.0601332864407041E-03  2.5558987875645561E-02  1.0505363445515538E-01  3.6957579019913078E-01  0.0000000000000000E+00  8.5843005404769869E+01 
          g = 26 )  -1.0180458365408908E-02 -1.0945693218763534E-02 -1.1739512492947151E-02 -1.2562407677232733E-02 -1.3414748695874624E-02 -1.4296773379119252E-02 -1.5208584877114314E-02 -1.6150159532386587E-02 -1.7121363994040805E-02 -1.8121968556036885E-02 -1.9151612407007527E-02 -2.0209599244329780E-02 -2.1294216890134034E-02 -2.2400836197561964E-02 -2.3516998814201703E-02 -2.4610163811227513E-02 -2.5597441918514447E-02 -2.6270156596038739E-02 -2.6100825823100377E-02 -2.3726848481590256E-02 -1.5471976364735976E-02  9.3487921695508402E-03  8.6031993824669806E-02  3.6441300528691739E-01  0.0000000000000000E+00  9.9355406588878125E+01 
          g = 27 )  -7.0950531716092759E-03 -8.0832612205532228E-03 -9.1184904671333892E-03 -1.0202775168125369E-02 -1.1338107392995966E-02 -1.2526411682134206E-02 -1.3769523768437705E-02 -1.5069180448481111E-02 -1.6427031809940415E-02 -1.7844692173291064E-02 -1.9323850863276742E-02 -2.0866463267304236E-02 -2.2475021885964230E-02 -2.4152826221381402E-02 -2.5903922959230358E-02 -2.7731691088919624E-02 -2.9633136400709453E-02 -3.1580709288352077E-02 -3.3468694744336738E-02 -3.4957904967540580E-02 -3.5017047164269795E-02 -3.0496620398496765E-02 -1.1269361613631776E-02  5.9122612275962938E-02  3.4733746325092563E-01  0.0000000000000000E+00  1.1700939680981729E+02 
          g = 28 )  -6.8878526894461563E-04 -1.9163654561262389E-03 -3.2152109140001668E-03 -4.5899117703348622E-03 -6.0452596453107587E-03 -7.5862245740623176E-03 -9.2179249781623330E-03 -1.0945592912677441E-02 -1.2774540433734096E-02 -1.4710139354210460E-02 -1.6757837546521100E-02 -1.8923252554622780E-02 -2.1212409889747381E-02 -2.3632228931102978E-02 -2.6191393015803612E-02 -2.8901724171210029E-02 -3.1779951380042970E-02 -3.4848783313573946E-02 -3.8132796434670033E-02 -4.1633455758526505E-02 -4.5230597366074571E-02 -4.8330687854636657E-02 -4.8612162802926615E-02 -3.7260551568542716E-02  2.1783524277819211E-02  3.1168261577434075E-01  0.0000000000000000E+00  1.4085372265188869E+02 
          g = 29 )   1.1416661879247031E-02  9.9727804565830341E-03  8.4283529133371924E-03  6.7749973916760298E-03  5.0036227803690412E-03  3.1043934692694172E-03  1.0667020934476742E-03 -1.1208465593194120E-03 -3.4704375940988585E-03 -5.9950327716277139E-03 -8.7083452109186620E-03 -1.1624815215650995E-02 -1.4759620737560151E-02 -1.8128795197473124E-02 -2.1749597616095566E-02 -2.5641406465753816E-02 -2.9827613114196908E-02 -3.4339268007766918E-02 -3.9221411680120929E-02 -4.4542233813546134E-02 -5.0399849874174091E-02 -5.6897307347148360E-02 -6.3955482670721958E-02 -7.0403262317986673E-02 -6.9780730597376855E-02 -2.9231307228183873E-02  2.4713707116626540E-01  0.0000000000000000E+00  1.7445070836610580E+02 
          g = 30 )   3.3411204959993258E-02  3.1866901763255927E-02  3.0191912330855192E-02  2.8372927585992254E-02  2.6395099656710049E-02  2.4241861428199091E-02  2.1894730867660757E-02  1.9333102024931714E-02  1.6534026285187520E-02  1.3471989580360529E-02  1.0118693632250611E-02  6.4428511545366988E-03  2.4100043512463518E-03 -2.0176314670072512E-03 -6.8813216048785666E-03 -1.2226047353960497E-02 -1.8101049557756047E-02 -2.4561214530412993E-02 -3.1670468800664327E-02 -3.9509567161819609E-02 -4.8192720529698349E-02 -5.7899760468573036E-02 -6.8926340225524185E-02 -8.1705241782829369E-02 -9.6445892818413870E-02 -1.1025488887676825E-01 -9.8007777171841712E-02  1.3775140240418088E-01  0.0000000000000000E+00  2.2450060144036721E+02 
          g = 31 )   7.2940274864988372E-02  7.1624891040420552E-02  7.0160165479578124E-02  6.8527657720511517E-02  6.6706293062029950E-02  6.4671939339919535E-02  6.2396911518476247E-02  5.9849392543860937E-02  5.6992757917697118E-02  5.3784790970409994E-02  5.0176776285923382E-02  4.6112460789430522E-02  4.1526876478211489E-02  3.6345026467662953E-02  3.0480447065504825E-02  2.3833670411910080E-02  1.6290614274411350E-02  7.7208858559420918E-03 -2.0241817537557244E-03 -1.3114460472044322E-02 -2.5747040515643412E-02 -4.0161038447173752E-02 -5.6675465925012040E-02 -7.5782453551315687E-02 -9.8352786315178325E-02 -1.2594428146653380E-01 -1.6014215586294456E-01 -1.8970493063507077E-01 -4.0991616291378707E-02  0.0000000000000000E+00  3.0500602267164567E+02 
          g = 32 )   1.4441478407811884E-01  1.4417461479664870E-01  1.4381160880086441E-01  1.4330519968900673E-01  1.4263120929182904E-01  1.4176113337800456E-01  1.4066126857403022E-01  1.3929164161176674E-01  1.3760469187504903E-01  1.3554364543249428E-01  1.3304050274062004E-01  1.3001354239743143E-01  1.2636421926240468E-01  1.2197330685763888E-01  1.1669610201321125E-01  1.1035647667081024E-01  1.0273953288966296E-01  9.3582601576310168E-02  8.2564335100364580E-02  6.9291681301554109E-02  5.3284533799532560E-02  3.3957531478200971E-02  1.0596683004256577E-02 -1.7678705294578635E-02 -5.2003558291324976E-02 -9.4019666066689211E-02 -1.4663232876216198E-01 -2.1588350465430564E-01 -3.0994916027115921E-01 -3.2639831283241499E-01  0.0000000000000000E+00  4.4996396114841997E+02 
          g = 33 )   2.7351810377104424E-01  2.7662872192369559E-01  2.7978747983900959E-01  2.8298513823649279E-01  2.8620945120145203E-01  2.8944436695247000E-01  2.9266900537268270E-01  2.9585634381661385E-01  2.9897151945485945E-01  3.0196962447170428E-01  3.0479282623402082E-01  3.0736658299181963E-01  3.0959463936100717E-01  3.1135236405479960E-01  3.1247781949530251E-01  3.1275970646067341E-01  3.1192097425963117E-01  3.0959638185768379E-01  3.0530157408100772E-01  2.9839021580631209E-01  2.8799430665854681E-01  2.7294088450371817E-01  2.5163587060820047E-01  2.2190281872899825E-01  1.8076033538243819E-01  1.2411205968489400E-01  4.6275743342975476E-02 -6.0979646036823293E-02 -2.1152370134628370E-01 -4.3650200870860412E-01 -7.6963296917396040E-01  0.0000000000000000E+00  7.6371247529271693E+02 
          g = 34 )   2.2973509341600540E-01  2.3568871451454110E-01  2.4193740636589572E-01  2.4850149312369008E-01  2.5540278102588337E-01  2.6266458142541471E-01  2.7031168555528484E-01  2.7837026423262884E-01  2.8686765305534995E-01  2.9583196490430158E-01  3.0529144360209082E-01  3.1527343051622120E-01  3.2580275203773124E-01  3.3689923793782406E-01  3.4857392874617632E-01  3.6082329193433671E-01  3.7362038760608374E-01  3.8690131292531527E-01  4.0054425314748204E-01  4.1433680074324553E-01  4.2792438416327844E-01  4.4072779301758913E-01  4.5180928524661285E-01  4.5965163918947638E-01  4.6178726965770234E-01  4.5416512584615443E-01  4.3005381330610482E-01  3.7811966275887104E-01  2.7901719070800229E-01  9.8927119071356706E-02 -2.2812247449106240E-01 -8.9170205383276813E-01  0.0000000000000000E+00  1.7432634133250017E+03 
          g = 35 )   2.5177286143308571E-04  2.6847411917086869E-04  2.8619463728173040E-04  3.0502973215817541E-04  3.2508666467459107E-04  3.4648649667580944E-04  3.6936628521152496E-04  3.9388168214113227E-04  4.2021002007956167E-04  4.4855398068806773E-04  4.7914595723353885E-04  5.1225323821544938E-04  5.4818414851224369E-04  5.8729528042303564E-04  6.2999991242167729E-04  6.7677761576002537E-04  7.2818482481595349E-04  7.8486567241597451E-04  8.4756142159297628E-04  9.1711486984817267E-04  9.9446215732696634E-04  1.0805963734755455E-03  1.1764706962484406E-03  1.2827734313674540E-03  1.3994299924457317E-03  1.5245117835643255E-03  1.6518195443425434E-03  1.7653953651122472E-03  1.8266267857432704E-03  1.7428332095037380E-03  1.2891320611964567E-03 -8.4789582046485273E-05 -4.2159819065711590E-03  0.0000000000000000E+00  1.3844470062745291E+04 
 
       ell = 7
 
          g'=         1                       2                       3                       4                       5                       6                       7                       8                       9                       10                      11                      12                      13                      14                      15                      16                      17                      18                      19                      20                      21                      22                      23                      24                      25                      26                      27                      28                      29                      30                      31                      32                      33                      34                      35                     
                     ‾‾‾‾‾‾                  ‾‾‾‾‾‾                  ‾‾‾‾‾‾                  ‾‾‾‾‾‾                  ‾‾‾‾‾‾                  ‾‾‾‾‾‾                  ‾‾‾‾‾‾                  ‾‾‾‾‾‾                  ‾‾‾‾‾‾                  ‾‾‾‾‾‾                  ‾‾‾‾‾‾                  ‾‾‾‾‾‾                  ‾‾‾‾‾‾                  ‾‾‾‾‾‾                  ‾‾‾‾‾‾                  ‾‾‾‾‾‾                  ‾‾‾‾‾‾                  ‾‾‾‾‾‾                  ‾‾‾‾‾‾                  ‾‾‾‾‾‾                  ‾‾‾‾‾‾                  ‾‾‾‾‾‾                  ‾‾‾‾‾‾                  ‾‾‾‾‾‾                  ‾‾‾‾‾‾                  ‾‾‾‾‾‾                  ‾‾‾‾‾‾                  ‾‾‾‾‾‾                  ‾‾‾‾‾‾                  ‾‾‾‾‾‾                  ‾‾‾‾‾‾                  ‾‾‾‾‾‾                  ‾‾‾‾‾‾                  ‾‾‾‾‾‾                  ‾‾‾‾‾‾                  
          g =  1 )   8.2195536648162637E+00 
          g =  2 )   0.0000000000000000E+00  8.5712273883947105E+00 
          g =  3 )   8.2775666293341321E-02  0.0000000000000000E+00  8.9487962533903200E+00 
          g =  4 )   4.6640690789187894E-02  8.5896567527146361E-02  0.0000000000000000E+00  9.3550727975585009E+00 
          g =  5 )   2.9788543590661264E-02  4.8011741702501540E-02  8.9180200386180908E-02  0.0000000000000000E+00  9.7932821928113185E+00 
          g =  6 )   2.0091003725570464E-02  3.0378048197025803E-02  4.9412495494527933E-02  9.2635136420868014E-02  0.0000000000000000E+00  1.0267139589971961E+01 
          g =  7 )   1.3863490282710708E-02  2.0256987313475163E-02  3.0943403226344077E-02  5.0837848640276184E-02  9.6269826746805232E-02  0.0000000000000000E+00  1.0780945312592291E+01 
          g =  8 )   9.5835295679030912E-03  1.3778400543459331E-02  2.0373933374106805E-02  3.1475033942627920E-02  5.2280862575481105E-02  1.0009233797448908E-01  0.0000000000000000E+00  1.1339702843224968E+01 
          g =  9 )   6.5027764441307097E-03  9.3428442992344492E-03  1.3633018041692669E-02  2.0431069330046472E-02  3.1961216023967273E-02  5.3732264447066302E-02  1.0410997834330654E-01  0.0000000000000000E+00  1.1949266158940484E+01 
          g = 10 )   4.2084046645542942E-03  6.1638452219945107E-03  9.0378179013012750E-03  1.3416817065760568E-02  2.0415625028322518E-02  3.2387603754545011E-02  5.5179810296386120E-02  1.0832877245704225E-01  0.0000000000000000E+00  1.2616525198559637E+01 
          g = 11 )   2.4527405375348484E-03  3.8072719311865438E-03  5.7604897612861163E-03  8.6588342965932194E-03  1.3117600078202923E-02  2.0312464248564796E-02  3.2736650677594965E-02  5.6607470302685488E-02  1.1275272662973634E-01  0.0000000000000000E+00  1.3349641349494918E+01 
          g = 12 )   1.0772817989447361E-03  2.0124443621728268E-03  3.3437428863485330E-03  5.2842614936668524E-03  8.1949765364403813E-03  1.2721248492885836E-02  2.0103650560522116E-02  3.2986897725078936E-02  5.7994383050250432E-02  1.1738280351685587E-01  0.0000000000000000E+00  1.4158349228191629E+01 
          g = 13 )  -2.4712237880737328E-05  6.1239030019817793E-04  1.5127407025987433E-03  2.8105602756510802E-03  4.7257599504239717E-03  7.6338861107364923E-03  1.2211446520133798E-02  1.9767938546075926E-02  3.3112098454624948E-02  5.9313508952363640E-02  1.2221549123060133E-01  0.0000000000000000E+00  1.5054347304960970E+01 
          g = 14 )  -9.2799989259413629E-04 -5.0535918902781113E-04  9.1311615324593531E-05  9.4745180234362056E-04  2.1998065194171346E-03  4.0745769983005810E-03  6.9616244587702367E-03  1.1569381294001407E-02  1.9280182168511344E-02  3.3080144972088478E-02  6.0529890599844066E-02  1.2724080372650504E-01  0.0000000000000000E+00  1.6051809034689477E+01 
          g = 15 )  -1.6863012621539473E-03 -1.4194131859431424E-03 -1.0391582464098562E-03 -4.9122227584020087E-04  3.0996304914889666E-04  1.5029058833791915E-03  3.3192608979646411E-03  6.1625467985936093E-03  1.0773426876692818E-02  1.8610654545317427E-02  3.2851751779387671E-02  6.1598398146054209E-02  1.3243947865009148E-01  0.0000000000000000E+00  1.7168059583356932E+01 
          g = 16 )  -2.3384146319241489E-03 -2.1858186789756508E-03 -1.9612430992909198E-03 -1.6306107556892362E-03 -1.1407433694691077E-03 -4.0673673932339720E-04  7.1065505083674554E-04  2.4473125271417089E-03  5.2192037522832205E-03  9.7988266456337098E-03  1.7724278805427152E-02  3.2378849059589328E-02  6.2460798727317295E-02  1.3777903498398403E-01  0.0000000000000000E+00  1.8424483365281002E+01 
          g = 17 )  -2.9114209470570362E-03 -2.8441887699780398E-03 -2.7330652456201273E-03 -2.5572265142938004E-03 -2.2843021022983002E-03 -1.8629665931217242E-03 -1.2099783704686770E-03 -1.8670464469014089E-04  1.4452310621972699E-03  4.1122937800934130E-03  8.6173992001508867E-03  1.6579780085360450E-02  3.1602633656235592E-02  6.3041937865315589E-02  1.4320819871571727E-01  0.0000000000000000E+00  1.9847758319850964E+01 
          g = 18 )  -3.4218823969780418E-03 -3.4206247094065892E-03 -3.3942943791110338E-03 -3.3307051025499718E-03 -3.2108776830914532E-03 -3.0047305362231672E-03 -2.6636453572511983E-03 -2.1072779870887730E-03 -1.1993535813512937E-03  2.9863343077165747E-04  2.8206999394606372E-03  7.1973089435912012E-03  1.5128787198717943E-02  3.0451228839842772E-02  6.3244755401321781E-02  1.4864897396457324E-01  0.0000000000000000E+00  2.1471560671938970E+01 
          g = 19 )  -3.8753999325827795E-03 -3.9283110121162545E-03 -3.9685471251280002E-03 -3.9894427888652745E-03 -3.9805282582654018E-03 -3.9250913451320474E-03 -3.7959917611020055E-03 -3.5483137092775143E-03 -3.1061078660948888E-03 -2.3376671470666348E-03 -1.0075174866337987E-03  1.3216591519084227E-03  5.5029661971927740E-03  1.3314944009652753E-02  2.8836919647049389E-02  6.2943777526107456E-02  1.5398528844233689E-01  0.0000000000000000E+00  2.3338960005229247E+01 
          g = 20 )  -4.2645006402649704E-03 -4.3660469407954816E-03 -4.4629970643204082E-03 -4.5520877291357472E-03 -4.6280988467311528E-03 -4.6825415324775578E-03 -4.7014029046015720E-03 -4.6611897391539920E-03 -4.5218157170344702E-03 -4.2134991364749311E-03 -3.6118401397627203E-03 -2.4885227813932348E-03 -4.0886682230181423E-04  3.4951562423011645E-03  1.1073142542833078E-02  2.6652971449150450E-02  6.1976632419853753E-02  1.5904661117923974E-01  0.0000000000000000E+00  2.5505848507497518E+01 
          g = 21 )  -4.5645941503040920E-03 -4.7145390987378168E-03 -4.8652841496245967E-03 -5.0155480957272194E-03 -5.1631795518059060E-03 -5.3045183514535419E-03 -5.4332877905244950E-03 -5.5385955027095167E-03 -5.6013157371399089E-03 -5.5874190263945564E-03 -5.4353258286677659E-03 -5.0312535325550880E-03 -4.1593069707417801E-03 -2.3955171449787718E-03  1.1315466577137487E-03  8.3290735452290487E-03  2.3770127435853702E-02  6.0133042110989451E-02  1.6358412663734398E-01  0.0000000000000000E+00  2.8045955938210572E+01 
          g = 22 )  -4.7272949511110596E-03 -4.9298643720547325E-03 -5.1372814689748551E-03 -5.3493264755032632E-03 -5.5655032776751479E-03 -5.7847879378724858E-03 -6.0051598472585441E-03 -6.2227181560941822E-03 -6.4300444814702753E-03 -6.6130738861063226E-03 -6.7450885183297556E-03 -6.7749475462224778E-03 -6.6033531417596346E-03 -6.0333596639196435E-03 -4.6623957501473294E-03 -1.6322043457493926E-03  4.9994219256635011E-03  2.0033054330028582E-02  5.7140682229995007E-02  1.6723579558934670E-01  0.0000000000000000E+00  3.1058360260185914E+01 
          g = 23 )  -4.6700605618158770E-03 -4.9330089145332443E-03 -5.2046275397042985E-03 -5.4852294950428204E-03 -5.7751305232851503E-03 -6.0745945497888091E-03 -6.3837041347480370E-03 -6.7020775384084930E-03 -7.0282779972817896E-03 -7.3585934444224642E-03 -7.6845792480831369E-03 -7.9880174612430785E-03 -8.2304983011308157E-03 -8.3315203597598367E-03 -8.1209009469990108E-03 -7.2311939390823365E-03 -4.8404008416201155E-03  9.9323828793338592E-04  1.5257330692485069E-02  5.2647359528582210E-02  1.6947470254534658E-01  0.0000000000000000E+00  3.4679043602798913E+01 
          g = 24 )  -4.2603875833857174E-03 -4.5936850535557329E-03 -4.9402124086011263E-03 -5.3006022282212906E-03 -5.6755841370337732E-03 -6.0660124665569051E-03 -6.4728879125518952E-03 -6.8973516710377708E-03 -7.3406022453278335E-03 -7.8036244402360806E-03 -8.2864914345783993E-03 -8.7867047962358700E-03 -9.2954574153817863E-03 -9.7892106187847210E-03 -1.0210710684580990E-02 -1.0425421318293616E-02 -1.0117991641242087E-02 -8.5337740884160185E-03 -3.7846671036630697E-03  9.2281586005336508E-03  4.6199328152715199E-02  1.6953214092106322E-01  0.0000000000000000E+00  3.9099229872404287E+01 
          g = 25 )  -3.2918726190354526E-03 -3.7055881079490188E-03 -4.1386237132772490E-03 -4.5919827656369962E-03 -5.0667768870373085E-03 -5.5642703459172502E-03 -6.0859430692841790E-03 -6.6335756928222658E-03 -7.2093551033887600E-03 -7.8159842611603553E-03 -8.4567422250736001E-03 -9.1353480434377202E-03 -9.8552641381372645E-03 -1.0617535539533445E-02 -1.1415049538704227E-02 -1.2217884491121520E-02 -1.2936443468469278E-02 -1.3327322449369955E-02 -1.2743416992457304E-02 -9.4269486067843355E-03  1.7030074772174247E-03  3.7216672657783167E-02  1.6628249405685805E-01  0.0000000000000000E+00  4.4595540647990312E+01 
          g = 26 )  -1.4480507943071212E-03 -1.9487326857066112E-03 -2.4769095521514923E-03 -3.0342289862276706E-03 -3.6224574504592089E-03 -4.2435126475073226E-03 -4.8995151894955669E-03 -5.5928697324540691E-03 -6.3263896955181708E-03 -7.1034836368756467E-03 -7.9284225435840468E-03 -8.8066977040274219E-03 -9.7454369626583659E-03 -1.0753716757417863E-02 -1.1842243802405162E-02 -1.3020871577597681E-02 -1.4289798611378498E-02 -1.5612797742690195E-02 -1.6839625614522697E-02 -1.7479716519200515E-02 -1.6011216625952944E-02 -7.5778283108054179E-03  2.4969424208218099E-02  1.5807081640148621E-01  0.0000000000000000E+00  5.1581698947231864E+01 
          g = 27 )   1.7518319118382496E-03  1.1675003936664589E-03  5.4527440155707589E-04 -1.1758338036324013E-04 -8.2400704522133522E-04 -1.5771480987908371E-03 -2.3804067396133530E-03 -3.2374817277856585E-03 -4.1524519276703222E-03 -5.1299106230749975E-03 -6.1751857643152185E-03 -7.2946963803809401E-03 -8.4965166127873235E-03 -9.7912364020280411E-03 -1.1193191863708573E-02 -1.2721992298277297E-02 -1.4403701747502544E-02 -1.6269127507227227E-02 -1.8340742742357842E-02 -2.0580670660530920E-02 -2.2709088414576750E-02 -2.3576830638940956E-02 -1.8865632424090284E-02  8.5642957211639892E-03  1.4245671226789428E-01  0.0000000000000000E+00  6.0701677074038123E+01 
          g = 28 )   7.0320387407919356E-03  6.3885667334683087E-03  5.6952093343382634E-03  4.9476052678363927E-03  4.1409988326945486E-03  3.2702075959031764E-03  2.3295861439624494E-03  1.3129827483921407E-03  2.1368278350877151E-04 -9.7567271886236581E-04 -2.2632146579577538E-03 -3.6580577095267838E-03 -5.1706632902972539E-03 -6.8134682618709915E-03 -8.6019696727095991E-03 -1.0556564640830728E-02 -1.2705563884811207E-02 -1.5089788515373806E-02 -1.7768455137109975E-02 -2.0822533735851377E-02 -2.4337700817156069E-02 -2.8294606932999213E-02 -3.2076758160663674E-02 -3.2348912371144484E-02 -1.3034588825159871E-02  1.1584401867304245E-01  0.0000000000000000E+00  7.3007846627331901E+01 
          g = 29 )   1.5466255618096388E-02  1.4830051866381483E-02  1.4132506060442513E-02  1.3367171186409409E-02  1.2526861122174831E-02  1.1603566291656852E-02  1.0588361476663919E-02  9.4713052468024372E-03  8.2413298453039366E-03  6.8861187990886391E-03  5.3919659871578193E-03  3.7436024242890886E-03  1.9239617988415468E-03 -8.6174365795367580E-05 -2.3087696703556967E-03 -4.7695933898787672E-03 -7.5001859885049926E-03 -1.0541538601738624E-02 -1.3950905865628254E-02 -1.7813960835346393E-02 -2.2264563739404324E-02 -2.7508784323757710E-02 -3.3814766299021602E-02 -4.1251435348450452E-02 -4.8036082850240372E-02 -4.0898339102471370E-02  7.2982289895806907E-02  0.0000000000000000E+00  9.0327789526161666E+01 
          g = 30 )   2.8573195437334040E-02  2.8091794941157395E-02  2.7543223276144353E-02  2.6918891469732503E-02  2.6209003091472626E-02  2.5402370906650491E-02  2.4486205567992528E-02  2.3445872776969068E-02  2.2264615221064689E-02  2.0923235522122129E-02  1.9399736270014643E-02  1.7668912518256644E-02  1.5701889722767620E-02  1.3465593236002302E-02  1.0922117775114686E-02  8.0279226021600682E-03  4.7326794201521458E-03  9.7737796526764509E-04 -3.3091940804446315E-03 -8.2175294689951391E-03 -1.3872141479720553E-02 -2.0462194027567542E-02 -2.8302212807391543E-02 -3.7934551798541445E-02 -5.0194749393527617E-02 -6.5444349181400213E-02 -7.5813053607255668E-02  6.4232845620666446E-03  0.0000000000000000E+00  1.1609373114749809E+02 
          g = 31 )   4.8154119624364708E-02  4.8134512884407774E-02  4.8058800082992362E-02  4.7917321038635940E-02  4.7698751948712738E-02  4.7389791877703515E-02  4.6974784979451012E-02  4.6435264651849190E-02  4.5749402961120164E-02  4.4891345366278979E-02  4.3830407054290102E-02  4.2530103158982820E-02  4.0946980944750376E-02  3.9029217841074673E-02  3.6714944826692589E-02  3.3930248504761076E-02  3.0586791330732756E-02  2.6578949433700948E-02  2.1780249013123469E-02  1.6038543267188163E-02  9.1684352635786615E-03  9.3693628374290350E-04 -8.9682367246306724E-03 -2.1014883532269525E-02 -3.6011731045287758E-02 -5.5520923345598411E-02 -8.2391204337442792E-02 -1.1731850588125289E-01 -9.3596204722035448E-02  0.0000000000000000E+00  1.5746471590314840E+02 
          g = 32 )   7.4411912753633333E-02  7.5489093950016614E-02  7.6563188708006352E-02  7.7627336327559110E-02  7.8672973918337358E-02  7.9689432045784339E-02  8.0663427250725506E-02  8.1578422729366357E-02  8.2413819803561161E-02  8.3143931390237041E-02  8.3736673598795580E-02  8.4151891685194977E-02  8.4339210396870201E-02  8.4235264442454799E-02  8.3760120305733682E-02  8.2812643648032591E-02  8.1264495055094824E-02  7.8952349411063633E-02  7.5667829342195542E-02  7.1144514248569268E-02  6.5041195758464967E-02  5.6920129534222076E-02  4.6217721627959910E-02  3.2200463812347133E-02  1.3882432884103221E-02 -1.0177098307500784E-02 -4.2469972992389429E-02 -8.8331462591132101E-02 -1.5940344549631782E-01 -2.3668536319661787E-01  0.0000000000000000E+00  2.3177681239866195E+02 
          g = 33 )   9.2029415921748708E-02  9.5564114746871751E-02  9.9249946808482814E-02  1.0309385109720735E-01  1.0710257254506557E-01  1.1128242795460541E-01  1.1563897938015708E-01  1.2017658075837355E-01  1.2489775035591674E-01  1.2980230286132269E-01  1.3488614820676209E-01  1.4013962575966432E-01  1.4554518681989201E-01  1.5107415700510704E-01  1.5668219034549191E-01  1.6230284922288921E-01  1.6783847870780139E-01  1.7314714427923422E-01  1.7802379766128335E-01  1.8217291909066474E-01  1.8516849518533951E-01  1.8639509667846865E-01  1.8496069205230770E-01  1.7956719800273105E-01  1.6831768630742516E-01  1.4842610782931789E-01  1.1575734224502589E-01  6.3953551518169505E-02 -1.8011865094231999E-02 -1.5557811551047945E-01 -4.1070216993475200E-01  0.0000000000000000E+00  3.9202677513254167E+02 
          g = 34 )   4.3132010366644935E-04  4.6307749361886585E-03  9.0803419224001758E-03  1.3802069820374907E-02  1.8820504809749644E-02  2.4163017706081175E-02  2.9860173778846200E-02  3.5946147895422137E-02  4.2459185704031566E-02  4.9442107742040803E-02  5.6942846486787962E-02  6.5014994421221411E-02  7.3718320771030493E-02  8.3119179964999998E-02  9.3290676344864445E-02  1.0431235044892434E-01  1.1626898307580383E-01  1.2924782251952632E-01  1.4333303466021707E-01  1.5859528432890316E-01  1.7507276118203602E-01  1.9273705890494924E-01  2.1143192970136715E-01  2.3076275112622449E-01  2.4989491877497905E-01  2.6718092544190664E-01  2.7945957091029838E-01  2.8071781655259614E-01  2.5948820423355018E-01  1.9351646281220169E-01  3.5530474283660352E-02 -3.6287772070385238E-01  0.0000000000000000E+00  8.8879617463175771E+02 
          g = 35 )  -3.0894902980423432E-04 -3.0063077623883024E-04 -2.9172813864178289E-04 -2.8217878519942236E-04 -2.7191150670894336E-04 -2.6084463694724130E-04 -2.4888413608977389E-04 -2.3592125360268133E-04 -2.2182966355237867E-04 -2.0646193456728295E-04 -1.8964515638038445E-04 -1.7117549191550434E-04 -1.5081135432670458E-04 -1.2826481743566381E-04 -1.0319075021654982E-04 -7.5173016444159992E-05 -4.3706898102774568E-05 -8.1766960156548713E-06  3.2172725460403789E-05  7.8271733289961396E-05  1.3126995498348958E-04  1.9258785677883237E-04  2.6397056110651773E-04  3.4752631588466637E-04  4.4570036713153881E-04  5.6105312187916772E-04  6.9549516167797512E-04  8.4803995219767106E-04  1.0084476090541795E-03  1.1391299057544354E-03  1.1226868413396272E-03  6.0855517657933773E-04 -1.7264022806043105E-03  0.0000000000000000E+00  6.6565852739791244E+03 
 
       delta-down
 
          g'=         1                       2                       3                       4                       5                       6                       7                       8                       9                       10                      11                      12                      13                      14                      15                      16                      17                      18                      19                      20                      21                      22                      23                      24                      25                      26                      27                      28                      29                      30                      31                      32                      33                      34                      35                     
                     ‾‾‾‾‾‾                  ‾‾‾‾‾‾                  ‾‾‾‾‾‾                  ‾‾‾‾‾‾                  ‾‾‾‾‾‾                  ‾‾‾‾‾‾                  ‾‾‾‾‾‾                  ‾‾‾‾‾‾                  ‾‾‾‾‾‾                  ‾‾‾‾‾‾                  ‾‾‾‾‾‾                  ‾‾‾‾‾‾                  ‾‾‾‾‾‾                  ‾‾‾‾‾‾                  ‾‾‾‾‾‾                  ‾‾‾‾‾‾                  ‾‾‾‾‾‾                  ‾‾‾‾‾‾                  ‾‾‾‾‾‾                  ‾‾‾‾‾‾                  ‾‾‾‾‾‾                  ‾‾‾‾‾‾                  ‾‾‾‾‾‾                  ‾‾‾‾‾‾                  ‾‾‾‾‾‾                  ‾‾‾‾‾‾                  ‾‾‾‾‾‾                  ‾‾‾‾‾‾                  ‾‾‾‾‾‾                  ‾‾‾‾‾‾                  ‾‾‾‾‾‾                  ‾‾‾‾‾‾                  ‾‾‾‾‾‾                  ‾‾‾‾‾‾                  ‾‾‾‾‾‾                  
          g =  1 )   0.0000000000000000E+00 
          g =  2 )   1.1584401439177556E+02  0.0000000000000000E+00 
          g =  3 )  -2.8430659139300765E+01  1.1619581042850072E+02  0.0000000000000000E+00 
          g =  4 )   1.3003794515264397E-01 -2.8532922714709844E+01  1.1655734400363926E+02  0.0000000000000000E+00 
          g =  5 )   3.2107080419945887E-02  1.2135294259027722E-01 -2.8638581041723814E+01  1.1694021382275554E+02  0.0000000000000000E+00 
          g =  6 )  -2.0008611477301781E-04  2.6485008851006825E-02  1.1218072773962053E-01 -2.8750620563458529E+01  1.1740232973833480E+02  0.0000000000000000E+00 
          g =  7 )  -1.1721623805888112E-02 -3.9572579936548577E-03  2.0616822806935949E-02  1.0248964873428554E-01 -2.8883615143298496E+01  1.1789068135294701E+02  0.0000000000000000E+00 
          g =  8 )  -1.5365582812863038E-02 -1.4253460500765799E-02 -7.8229253887666696E-03  1.4496482429570006E-02  9.2246619324709941E-02 -2.9024419410717233E+01  1.1839508178240051E+02  0.0000000000000000E+00 
          g =  9 )  -1.5745566246496666E-02 -1.7051130026216096E-02 -1.6810246991600199E-02 -1.1790132031707258E-02  8.1198365349570457E-03  8.1417399301891874E-02 -2.9170606034085150E+01  1.1899904180340708E+02  0.0000000000000000E+00 
          g = 10 )  -1.4739642309936515E-02 -1.6826349028334367E-02 -1.8709454476241696E-02 -1.9378422650490421E-02 -1.5848704121729194E-02  1.4853814527536033E-03  6.9967045749859583E-02 -2.9343185728186750E+01  1.1971100800170473E+02  0.0000000000000000E+00 
          g = 11 )  -1.3175247577192567E-02 -1.5377322264838112E-02 -1.7847099156844039E-02 -2.0323931087125463E-02 -2.1940836873933115E-02 -1.9984397750531707E-02 -5.4047451064600602E-03  5.7860604897896815E-02 -2.9544418391683720E+01  1.2045062457325963E+02  0.0000000000000000E+00 
          g = 12 )  -1.1431376016060752E-02 -1.3481384465068387E-02 -1.5934419559083746E-02 -1.8790127343968299E-02 -2.1874446535075708E-02 -2.4475968163866650E-02 -2.4177833024603464E-02 -1.2543463241608830E-02  4.5064141991036387E-02 -2.9754380261013658E+01  1.2124157159239191E+02  0.0000000000000000E+00 
          g = 13 )  -9.6803307827883281E-03 -1.1483934757452432E-02 -1.3694027456447860E-02 -1.6393229786733035E-02 -1.9634560348277288E-02 -2.3336750114744322E-02 -2.6956980456067443E-02 -2.8403161722293648E-02 -1.9917048551626453E-02  3.1546245628595503E-02 -2.9979175227366547E+01  1.2220254312510468E+02  0.0000000000000000E+00 
          g = 14 )  -7.9934682744441602E-03 -9.5333438399799013E-03 -1.1434450601258120E-02 -1.3795845908703669E-02 -1.6733192500598196E-02 -2.0355820908005414E-02 -2.4681692503916781E-02 -2.9350585234397618E-02 -3.2626402606423896E-02 -2.7502903868703795E-02  1.7280198382909933E-02 -3.0248681054568387E+01  1.2323171741241283E+02  0.0000000000000000E+00 
          g = 15 )  -6.3905676362500767E-03 -7.6829345816850376E-03 -9.2776216386381821E-03 -1.1265851980306878E-02 -1.3766871984485073E-02 -1.6930453576951804E-02 -2.0925028215356842E-02 -2.5874336134101769E-02 -3.1615673424052505E-02 -3.6803363339070180E-02 -3.5266641186050676E-02  2.2470844100610206E-03 -3.0537668365392982E+01  1.2431055228676877E+02  0.0000000000000000E+00 
          g = 16 )  -4.8641112522111452E-03 -5.9382005397814637E-03 -7.2568005311749477E-03 -8.8958304046271863E-03 -1.0958435770287966E-02 -1.3584065913782970E-02 -1.6957350019731483E-02 -2.1308305200437853E-02 -2.6872919106841277E-02 -3.3701676640359723E-02 -4.0877050295300067E-02 -4.3158258273458761E-02 -1.3559782273443260E-02 -3.0841750364364831E+01  1.2556751589835359E+02  0.0000000000000000E+00 
          g = 17 )  -3.3918284235941337E-03 -4.2798634750914662E-03 -5.3615093501749892E-03 -6.6966227260560627E-03 -8.3677194866735635E-03 -1.0489333381335996E-02 -1.3220766723542643E-02 -1.6781789707816467E-02 -2.1465972368883150E-02 -2.7627651799813857E-02 -3.5546613380914673E-02 -4.4774447803895251E-02 -5.1107127257954590E-02 -3.0128562758804538E-02 -3.1193315274171940E+01  1.2703154008976286E+02  0.0000000000000000E+00 
          g = 18 )  -1.9436448627193458E-03 -2.6758056652121964E-03 -3.5593540867595104E-03 -4.6398667261795500E-03 -5.9804242053431286E-03 -7.6693790820860225E-03 -9.8317850880210739E-03 -1.2645970258822531E-02 -1.6366479214767648E-02 -2.1351594890622098E-02 -2.8079319565790180E-02 -3.7074772233503195E-02 -4.8402527429470273E-02 -5.9015426092129827E-02 -4.7419951026571122E-02 -3.1599887417980501E+01  1.2870697006636641E+02  0.0000000000000000E+00 
          g = 19 )  -4.8611989144829162E-04 -1.0879032696657789E-03 -1.8074530887006940E-03 -2.6786299339339637E-03 -3.7481880757406077E-03 -5.0816551532479959E-03 -6.7721996216100816E-03 -8.9541219191319500E-03 -1.1823338185235750E-02 -1.5667917910151766E-02 -2.0910823564198034E-02 -2.8157651736915847E-02 -3.8193980115987951E-02 -5.1643327664398206E-02 -6.6749535087462689E-02 -6.5354465200920517E-02 -3.2062858862005008E+01  1.3056925049633711E+02  0.0000000000000000E+00 
          g = 20 )   1.0138594821877908E-03  5.2313555033868260E-04 -5.9427266444226808E-05 -7.5856590854946255E-04 -1.6081917146605483E-03 -2.6555788118623712E-03 -3.9677537008692186E-03 -5.6413939622724117E-03 -7.8182992283393916E-03 -1.0709779000840957E-02 -1.4635014259985896E-02 -2.0079918729935229E-02 -2.7779386468597601E-02 -3.8792394796888278E-02 -5.4347927327123249E-02 -7.4128787976024818E-02 -8.3794362600609573E-02 -3.2576399163324048E+01  1.3272424101660118E+02  0.0000000000000000E+00 
          g = 21 )   2.5848178445823443E-03  2.1929957475906132E-03  1.7288596465160140E-03  1.1744591308991254E-03  5.0550564351015538E-04 -3.1148375512479921E-04 -1.3235640043320954E-03 -2.5981719857270540E-03 -4.2338914920170088E-03 -6.3777466844434916E-03 -9.2533417526331069E-03 -1.3207070847527013E-02 -1.8783745807419826E-02 -2.6845891190395842E-02 -3.8734735008951152E-02 -5.6329123662664946E-02 -8.0910812845929672E-02 -1.0251786135209077E-01 -3.3167262312962485E+01  1.3515953404340553E+02  0.0000000000000000E+00 
          g = 22 )   4.2445606531611698E-03  3.9474024317204728E-03  3.5925180054159891E-03  3.1667910064467624E-03  2.6528150458285335E-03  2.0270209097442830E-03  1.2568119764519764E-03  2.9610493373199802E-04 -9.2174413481204808E-04 -2.4953679075007565E-03 -4.5741968046410075E-03 -7.3900098321889379E-03 -1.1310697150997182E-02 -1.6932839207809500E-02 -2.5240044341792417E-02 -3.7857785492081179E-02 -5.7352613080071647E-02 -8.6772533112601330E-02 -1.2118233781826640E-01 -3.3832577114507643E+01  1.3803384839208331E+02  0.0000000000000000E+00 
          g = 23 )   5.9903802358744727E-03  5.7922299188380520E-03  5.5475747193976434E-03  5.2465930163386118E-03  4.8765733840088260E-03  4.4207290672285777E-03  3.8563970107894068E-03  3.1522460735560905E-03  2.2638594722987778E-03  1.1265965706127937E-03 -3.5619298352178628E-04 -2.3330555353568167E-03 -5.0387692968599691E-03 -8.8549010786929724E-03 -1.4418773460875705E-02 -2.2821753465961322E-02 -3.5964807095453202E-02 -5.7126426464080157E-02 -9.1285743131878025E-02 -1.3927173873644141E-01 -3.4612127524580764E+01  1.4137029794299406E+02  0.0000000000000000E+00 
          g = 24 )   7.7827988312271969E-03  7.6971272612213629E-03  7.5744599793370190E-03  7.4071529601496483E-03  7.1855690003133597E-03  6.8973422243064691E-03  6.5262791380659895E-03  6.0506770216163918E-03  5.4406881391442464E-03  4.6540870439453885E-03  3.6293051381810935E-03  2.2736773781050095E-03  4.4310280356939084E-04 -2.0940970465647270E-03 -5.7231449408108393E-03 -1.1106438277721802E-02 -1.9420796477976673E-02 -3.2817951605367476E-02 -5.5288177215466000E-02 -9.3886048309088130E-02 -1.5602148140329705E-01 -3.5511552448319279E+01  1.4526692509147045E+02  0.0000000000000000E+00 
          g = 25 )   9.5180188956737032E-03  9.5676820213916308E-03  9.5898850568413678E-03  9.5784692839292768E-03  9.5258152329957459E-03  9.4223780570714018E-03  9.2560160727756368E-03  9.0109927112083828E-03  8.6664493283424692E-03  8.1939983893610339E-03  7.5538162590481654E-03  6.6881092791619967E-03  5.5098576643474208E-03  3.8828295549584355E-03  1.5849986881595769E-03 -1.7605841930976669E-03 -6.8207432401321422E-03 -1.4824293965582670E-02 -2.8126490132547755E-02 -5.1388987986482476E-02 -9.3833820663623030E-02 -1.7031153273350283E-01 -3.6554777203163916E+01  1.4998290316277371E+02  0.0000000000000000E+00 
          g = 26 )   1.0980343690484368E-02  1.1197145207985352E-02  1.1397861710646356E-02  1.1577558260362594E-02  1.1730141251450157E-02  1.1848038854334110E-02  1.1921762037848947E-02  1.1939284267206618E-02  1.1885136771422793E-02  1.1739042658263895E-02  1.1473778317472628E-02  1.1051697243959055E-02  1.0418862892549396E-02  9.4947686851237171E-03  8.1536467565579071E-03  6.1891938235745531E-03  3.2454784749795314E-03 -1.3237805509034542E-03 -8.7535285298115835E-03 -2.1525667169995058E-02 -4.4870782633986771E-02 -9.0165277682884945E-02 -1.8051518935595740E-01 -3.7805215967486205E+01  1.5554845801184112E+02  0.0000000000000000E+00 
          g = 27 )   1.1758006008543960E-02  1.2180699777404646E-02  1.2602353060346690E-02  1.3019432553514969E-02  1.3427448552409228E-02  1.3820703747684343E-02  1.4191963715655977E-02  1.4532016348817565E-02  1.4829068425881928E-02  1.5067894141728686E-02  1.5228589923703892E-02  1.5284676621256326E-02  1.5200071397833139E-02  1.4924015646897383E-02  1.4382148264822557E-02  1.3460006401184617E-02  1.1971036807134338E-02  9.5915857135601065E-03  5.7224513877753274E-03 -8.2060870914248802E-04 -1.2534444099162399E-02 -3.5027332576968981E-02 -8.1629098388978041E-02 -1.8428742871708476E-01 -3.9267648579466162E+01  1.6251578332824064E+02  0.0000000000000000E+00 
          g = 28 )   1.1089412987646732E-02  1.1758327284212691E-02  1.2446587615310619E-02  1.3152680900147314E-02  1.3874369271367159E-02  1.4608476692345619E-02  1.5350612387861137E-02  1.6094809592804495E-02  1.6833048656922166E-02  1.7554618239466222E-02  1.8245242349928591E-02  1.8885854634983320E-02  1.9450814439811493E-02  1.9905188626027328E-02  2.0200373386766449E-02  2.0266582817365306E-02  1.9999067868799899E-02  1.9231075348286816E-02  1.7677236785879600E-02  1.4807464121704387E-02  9.5484835237249488E-03 -4.6768381549838512E-04 -2.0922543140620562E-02 -6.6592640300059361E-02 -1.7827154196137124E-01 -4.1074896033918975E+01  1.7103318746877960E+02  0.0000000000000000E+00 
          g = 29 )   7.5701808563355061E-03  8.5144906516060170E-03  9.5049440675355149E-03  1.0543074091541618E-02  1.1630076123944304E-02  1.2766646192732349E-02  1.3952763633208373E-02  1.5187399402297809E-02  1.6468124283361182E-02  1.7790581301693024E-02  1.9147771929683789E-02  2.0529082823238200E-02  2.1918942426261950E-02  2.3294931293196111E-02  2.4625046617791316E-02  2.5863571297334839E-02  2.6944454284658206E-02  2.7769851804836262E-02  2.8188402237694737E-02  2.7949863454494711E-02  2.6601093923970982E-02  2.3225856601217849E-02  1.5738361167613426E-02 -1.1986083320697540E-03 -4.2859934773945590E-02 -1.5768607432655388E-01 -4.3254507782638441E+01  1.8204975319159234E+02  0.0000000000000000E+00 
          g = 30 )  -1.4363128322577429E-03 -2.2796518438348404E-04  1.0590992956429704E-03  2.4307545577696111E-03  3.8931914185864852E-03  5.4528627399077056E-03  7.1163904626685313E-03  8.8904180031976442E-03  1.0781384791610957E-02  1.2795190198905857E-02  1.4936700509400005E-02  1.7209033051837550E-02  1.9612523113117244E-02  2.2143236809465807E-02  2.4790827559167238E-02  2.7535426844313340E-02  3.0343070593022735E-02  3.3158790026051647E-02  3.5895671827675717E-02  3.8416152851426688E-02  4.0496251379014331E-02  4.1746965609211067E-02  4.1414538011700107E-02  3.7800625433368984E-02  2.6367172889258536E-02 -7.2064496420887799E-03 -1.1566613740471339E-01 -4.6026659200117514E+01  1.9618990945551926E+02  0.0000000000000000E+00 
          g = 31 )  -2.1068577562369014E-02 -1.9718183815106601E-02 -1.8255890970456053E-02 -1.6670351585198761E-02 -1.4948922126313784E-02 -1.3077522754931644E-02 -1.1040493086209070E-02 -8.8204510720970280E-03 -6.3981670328308350E-03 -3.7524723956926199E-03 -8.6023428181894891E-04  2.3035551486125776E-03  5.7654984408959655E-03  9.5532037470175170E-03  1.3694204759083055E-02  1.8214108560815134E-02  2.3133536455668458E-02  2.8463179871294202E-02  3.4195896212047522E-02  4.0294072858263072E-02  4.6669101177617231E-02  5.3146488443116355E-02  5.9400453913879395E-02  6.4808344387599984E-02  6.8043212197562888E-02  6.5642354847491827E-02  4.5919205624357258E-02 -4.1781984867341602E-02 -4.9516904930730192E+01  2.1574668541677516E+02  0.0000000000000000E+00 
          g = 32 )  -6.1920793328751639E-02 -6.0843987285636524E-02 -5.9639243252541538E-02 -5.8290073878981656E-02 -5.6777515038830592E-02 -5.5079701589058339E-02 -5.3171364121732088E-02 -5.1023232170438811E-02 -4.8601327477788836E-02 -4.5866129575485200E-02 -4.2771595822262178E-02 -3.9264020556973069E-02 -3.5280725607678191E-02 -3.0748591399879989E-02 -2.5582471981684885E-02 -1.9683601858622720E-02 -1.2938221121037707E-02 -5.2168590807643656E-03  3.6249026280592870E-03  1.3742693220858922E-02  2.5293961273382067E-02  3.8418147487653091E-02  5.3197824704696972E-02  6.9584623189998182E-02  8.7254871580799323E-02  1.0529230463511280E-01  1.2125592574478745E-01  1.2705104137325568E-01  8.2719048159663633E-02 -5.4242686640045029E+01  2.4398632397268770E+02  0.0000000000000000E+00 
          g = 33 )  -1.4711391777840568E-01 -1.4758715662780739E-01 -1.4799171783632059E-01 -1.4831216149323198E-01 -1.4852995574595862E-01 -1.4862279851524243E-01 -1.4856377175343297E-01 -1.4832028189299173E-01 -1.4785272594282142E-01 -1.4711280379982616E-01 -1.4604137212776780E-01 -1.4456570145031269E-01 -1.4259595307833445E-01 -1.4002063256064332E-01 -1.3670069726656711E-01 -1.3246189312569007E-01 -1.2708476672639876E-01 -1.2029164724231599E-01 -1.1172973813384700E-01 -1.0094936304887185E-01 -8.7376533972540263E-02 -7.0279738777107345E-02 -4.8733078023356212E-02 -2.1583658528290913E-02  1.2554960448941763E-02  5.5229283403231973E-02  1.0786322869810989E-01  1.7093049885118794E-01  2.4124552113771713E-01  2.9600844044688873E-01 -6.0906064605564175E+01  2.8809346054976743E+02  0.0000000000000000E+00 
          g = 34 )  -1.5122386449411171E-01 -1.5385223346131216E-01 -1.5658311951682896E-01 -1.5942004143460900E-01 -1.6236607819498478E-01 -1.6542363015296249E-01 -1.6859409379918044E-01 -1.7187741882405982E-01 -1.7527150401808828E-01 -1.7877137116966682E-01 -1.8236803111731620E-01 -1.8604691977640592E-01 -1.8978572862195695E-01 -1.9355137497557598E-01 -1.9729573872352366E-01 -2.0094961189145957E-01 -2.0441403066312153E-01 -2.0754772887047429E-01 -2.1014877409851127E-01 -2.1192736774409471E-01 -2.1246505272669700E-01 -2.1115275650407184E-01 -2.0709552998663974E-01 -1.9896452633693873E-01 -1.8476551536737412E-01 -1.6147787450673326E-01 -1.2450472962903972E-01 -6.6896974563046427E-02  2.1494646957560707E-02  1.5392799663215428E-01  3.4046212658761799E-01 -7.1538188665660272E+01  3.6413858399572865E+02  0.0000000000000000E+00 
          g = 35 )  -2.5123624222809067E-04 -2.6022456206963441E-04 -2.6973092057839919E-04 -2.7980008404323995E-04 -2.9048183790144895E-04 -3.0183164237005642E-04 -3.1391137355951020E-04 -3.2679015546253172E-04 -3.4054528398687177E-04 -3.5526323612886470E-04 -3.7104074278446566E-04 -3.8798587810364040E-04 -4.0621907415621267E-04 -4.2587389406809577E-04 -4.4709726736980618E-04 -4.7004866889339389E-04 -4.9489733733285740E-04 -5.2181595491286982E-04 -5.5096801106813283E-04 -5.8248390724903074E-04 -6.1641686740307065E-04 -6.5266218847737849E-04 -6.9080879254532082E-04 -7.2986302269538146E-04 -7.6772501129538371E-04 -8.0017142050928551E-04 -8.1882113885387096E-04 -8.0693827486901795E-04 -7.3053357882796484E-04 -5.1940228844163340E-04 -3.0031865784626044E-05  9.9265117414782679E-04 -9.1032068920893892E+01  5.2928234622140292E+02  0.0000000000000000E+00 
 
       Total attenuation (cm⁻¹) : 
 
          g =  1 )   1.3095569739401222E+02 
          g =  2 )   1.3305502549068208E+02 
          g =  3 )   1.3529893164932079E+02 
          g =  4 )   1.3771120405733004E+02 
          g =  5 )   1.4035259946432856E+02 
          g =  6 )   1.4320334204710727E+02 
          g =  7 )   1.4627895183786671E+02 
          g =  8 )   1.4966904651199343E+02 
          g =  9 )   1.5341157811723485E+02 
          g = 10 )   1.5748354827881542E+02 
          g = 11 )   1.6194693265283792E+02 
          g = 12 )   1.6694357789784993E+02 
          g = 13 )   1.7246071130514912E+02 
          g = 14 )   1.7856161518162878E+02 
          g = 15 )   1.8543717646672306E+02 
          g = 16 )   1.9322601872833619E+02 
          g = 17 )   2.0207758739287141E+02 
          g = 18 )   2.1215843049626756E+02 
          g = 19 )   2.2378509022492608E+02 
          g = 20 )   2.3725683904444369E+02 
          g = 21 )   2.5310096015249547E+02 
          g = 22 )   2.7188512800600279E+02 
          g = 23 )   2.9444083225502800E+02 
          g = 24 )   3.2203243259839951E+02 
          g = 25 )   3.5623707478333989E+02 
          g = 26 )   3.9980511963543557E+02 
          g = 27 )   4.5650441051367227E+02 
          g = 28 )   5.3306101104025709E+02 
          g = 29 )   6.4046803531742205E+02 
          g = 30 )   8.0039619573411983E+02 
          g = 31 )   1.0574022521950269E+03 
          g = 32 )   1.5204394406620672E+03 
          g = 33 )   2.5268026378507584E+03 
          g = 34 )   5.7324680358149180E+03 
          g = 35 )   6.5694282554605539E+04 
 
       Energy deposition (MeV cm⁻¹) : 
 
          g =  1 )   1.6603236657933536E+00 
          g =  2 )   1.6653738947705503E+00 
          g =  3 )   1.6705651235247065E+00 
          g =  4 )   1.6760630782816572E+00 
          g =  5 )   1.6826944361726262E+00 
          g =  6 )   1.6897029129352041E+00 
          g =  7 )   1.6969434103740217E+00 
          g =  8 )   1.7056080692464359E+00 
          g =  9 )   1.7158178029377895E+00 
          g = 10 )   1.7264262425605075E+00 
          g = 11 )   1.7377718241766447E+00 
          g = 12 )   1.7515490464357604E+00 
          g = 13 )   1.7663054245612839E+00 
          g = 14 )   1.7817771041580943E+00 
          g = 15 )   1.7997984137500154E+00 
          g = 16 )   1.8207833226135057E+00 
          g = 17 )   1.8447951183197184E+00 
          g = 18 )   1.8714848909445103E+00 
          g = 19 )   1.9023652573700394E+00 
          g = 20 )   1.9372613955925329E+00 
          g = 21 )   1.9784412167152676E+00 
          g = 22 )   2.0262380200153807E+00 
          g = 23 )   2.0820553084085018E+00 
          g = 24 )   2.1495972987274783E+00 
          g = 25 )   2.2293023380094383E+00 
          g = 26 )   2.3290601121289551E+00 
          g = 27 )   2.4509993073511191E+00 
          g = 28 )   2.6086815111857966E+00 
          g = 29 )   2.8110438729167218E+00 
          g = 30 )   3.0908602141237620E+00 
          g = 31 )   3.4948903192359149E+00 
          g = 32 )   4.1264599605504326E+00 
          g = 33 )   5.1969682623059663E+00 
          g = 34 )   9.3096984112157539E+00 
          g = 35 )   1.9550335239631242E+01 
 
       Dose deposition (MeV cm⁻¹ g⁻¹) : 
 
          g =  1 )   1.6603236657933536E+00 
          g =  2 )   1.6653738947705503E+00 
          g =  3 )   1.6705651235247065E+00 
          g =  4 )   1.6760630782816572E+00 
          g =  5 )   1.6826944361726262E+00 
          g =  6 )   1.6897029129352041E+00 
          g =  7 )   1.6969434103740217E+00 
          g =  8 )   1.7056080692464359E+00 
          g =  9 )   1.7158178029377895E+00 
          g = 10 )   1.7264262425605075E+00 
          g = 11 )   1.7377718241766447E+00 
          g = 12 )   1.7515490464357604E+00 
          g = 13 )   1.7663054245612839E+00 
          g = 14 )   1.7817771041580943E+00 
          g = 15 )   1.7997984137500154E+00 
          g = 16 )   1.8207833226135057E+00 
          g = 17 )   1.8447951183197184E+00 
          g = 18 )   1.8714848909445103E+00 
          g = 19 )   1.9023652573700394E+00 
          g = 20 )   1.9372613955925329E+00 
          g = 21 )   1.9784412167152676E+00 
          g = 22 )   2.0262380200153807E+00 
          g = 23 )   2.0820553084085018E+00 
          g = 24 )   2.1495972987274783E+00 
          g = 25 )   2.2293023380094383E+00 
          g = 26 )   2.3290601121289551E+00 
          g = 27 )   2.4509993073511191E+00 
          g = 28 )   2.6086815111857966E+00 
          g = 29 )   2.8110438729167218E+00 
          g = 30 )   3.0908602141237620E+00 
          g = 31 )   3.4948903192359149E+00 
          g = 32 )   4.1264599605504326E+00 
          g = 33 )   5.1969682623059663E+00 
          g = 34 )   9.3096984112157539E+00 
          g = 35 )   1.9550335239631242E+01 
 
       Charge deposition (e cm⁻¹) : 
 
          g =  1 )  -2.0879153448312935E+00 
          g =  2 )  -2.0896128796359941E+00 
          g =  3 )  -2.0914323038672462E+00 
          g =  4 )  -2.0933835921105430E+00 
          g =  5 )  -2.0954775680477535E+00 
          g =  6 )  -2.0977259487437143E+00 
          g =  7 )  -2.1001413750334481E+00 
          g =  8 )  -2.1027374183066136E+00 
          g =  9 )  -2.1055285491639317E+00 
          g = 10 )  -2.1085300462266234E+00 
          g = 11 )  -2.1117578125675198E+00 
          g = 12 )  -2.1152280508454777E+00 
          g = 13 )  -2.1189567231420554E+00 
          g = 14 )  -2.1229586826663169E+00 
          g = 15 )  -2.1272463035930937E+00 
          g = 16 )  -2.1318273383819024E+00 
          g = 17 )  -2.1367015751206524E+00 
          g = 18 )  -2.1418556089795602E+00 
          g = 19 )  -2.1472546067741880E+00 
          g = 20 )  -2.1528291935349424E+00 
          g = 21 )  -2.1584542611123845E+00 
          g = 22 )  -2.1639140700099397E+00 
          g = 23 )  -2.1688434129737773E+00 
          g = 24 )  -2.1726255099046430E+00 
          g = 25 )  -2.1742083896227924E+00 
          g = 26 )  -2.1717597390765468E+00 
          g = 27 )  -2.1619807641812359E+00 
          g = 28 )  -2.1386393849978367E+00 
          g = 29 )  -2.0891121481851274E+00 
          g = 30 )  -1.9850194340731726E+00 
          g = 31 )  -1.7509386097729420E+00 
          g = 32 )  -1.1161847874780875E+00 
          g = 33 )  -4.5551587580886510E-03 
          g = 34 )  -1.3232058655535070E+02 
          g = 35 )   1.2801903337457336E+03 
 
    ------------------------------------------------------------
       COUPLING CROSS SECTIONS                                  
    ------------------------------------------------------------
       ------------------------------------------------------------
          INCIDENT PARTICLE : PHOTONS
       ------------------------------------------------------------
 
          Scattering coefficients (cm⁻¹) : 
 
          ell = 0
 
             g'=         1                       2                       3                       4                       5                       6                       7                       8                       9                       10                      11                      12                      13                      14                      15                      16                      17                      18                      19                      20                      21                      22                      23                      24                      25                     
                        ‾‾‾‾‾‾                  ‾‾‾‾‾‾                  ‾‾‾‾‾‾                  ‾‾‾‾‾‾                  ‾‾‾‾‾‾                  ‾‾‾‾‾‾                  ‾‾‾‾‾‾                  ‾‾‾‾‾‾                  ‾‾‾‾‾‾                  ‾‾‾‾‾‾                  ‾‾‾‾‾‾                  ‾‾‾‾‾‾                  ‾‾‾‾‾‾                  ‾‾‾‾‾‾                  ‾‾‾‾‾‾                  ‾‾‾‾‾‾                  ‾‾‾‾‾‾                  ‾‾‾‾‾‾                  ‾‾‾‾‾‾                  ‾‾‾‾‾‾                  ‾‾‾‾‾‾                  ‾‾‾‾‾‾                  ‾‾‾‾‾‾                  ‾‾‾‾‾‾                  ‾‾‾‾‾‾                  
             g =  1 )   2.6601526256753359E-06  0.0000000000000000E+00  0.0000000000000000E+00  0.0000000000000000E+00  0.0000000000000000E+00  0.0000000000000000E+00  0.0000000000000000E+00  0.0000000000000000E+00  0.0000000000000000E+00  0.0000000000000000E+00  0.0000000000000000E+00  0.0000000000000000E+00  0.0000000000000000E+00  0.0000000000000000E+00  0.0000000000000000E+00  0.0000000000000000E+00  0.0000000000000000E+00  0.0000000000000000E+00  0.0000000000000000E+00  0.0000000000000000E+00  0.0000000000000000E+00  0.0000000000000000E+00  0.0000000000000000E+00  0.0000000000000000E+00  0.0000000000000000E+00 
             g =  2 )   1.1803436651531652E-06  1.6953973249604178E-06  0.0000000000000000E+00  0.0000000000000000E+00  0.0000000000000000E+00  0.0000000000000000E+00  0.0000000000000000E+00  0.0000000000000000E+00  0.0000000000000000E+00  0.0000000000000000E+00  0.0000000000000000E+00  0.0000000000000000E+00  0.0000000000000000E+00  0.0000000000000000E+00  0.0000000000000000E+00  0.0000000000000000E+00  0.0000000000000000E+00  0.0000000000000000E+00  0.0000000000000000E+00  0.0000000000000000E+00  0.0000000000000000E+00  0.0000000000000000E+00  0.0000000000000000E+00  0.0000000000000000E+00  0.0000000000000000E+00 
             g =  3 )   0.0000000000000000E+00  2.4892417288420820E-06  5.7259417524575059E-07  0.0000000000000000E+00  0.0000000000000000E+00  0.0000000000000000E+00  0.0000000000000000E+00  0.0000000000000000E+00  0.0000000000000000E+00  0.0000000000000000E+00  0.0000000000000000E+00  0.0000000000000000E+00  0.0000000000000000E+00  0.0000000000000000E+00  0.0000000000000000E+00  0.0000000000000000E+00  0.0000000000000000E+00  0.0000000000000000E+00  0.0000000000000000E+00  0.0000000000000000E+00  0.0000000000000000E+00  0.0000000000000000E+00  0.0000000000000000E+00  0.0000000000000000E+00  0.0000000000000000E+00 
             g =  4 )   0.0000000000000000E+00  0.0000000000000000E+00  3.2717871217404418E-06  0.0000000000000000E+00  0.0000000000000000E+00  0.0000000000000000E+00  0.0000000000000000E+00  0.0000000000000000E+00  0.0000000000000000E+00  0.0000000000000000E+00  0.0000000000000000E+00  0.0000000000000000E+00  0.0000000000000000E+00  0.0000000000000000E+00  0.0000000000000000E+00  0.0000000000000000E+00  0.0000000000000000E+00  0.0000000000000000E+00  0.0000000000000000E+00  0.0000000000000000E+00  0.0000000000000000E+00  0.0000000000000000E+00  0.0000000000000000E+00  0.0000000000000000E+00  0.0000000000000000E+00 
             g =  5 )   0.0000000000000000E+00  0.0000000000000000E+00  7.4292224098912782E-07  2.7615391529316298E-06  0.0000000000000000E+00  0.0000000000000000E+00  0.0000000000000000E+00  0.0000000000000000E+00  0.0000000000000000E+00  0.0000000000000000E+00  0.0000000000000000E+00  0.0000000000000000E+00  0.0000000000000000E+00  0.0000000000000000E+00  0.0000000000000000E+00  0.0000000000000000E+00  0.0000000000000000E+00  0.0000000000000000E+00  0.0000000000000000E+00  0.0000000000000000E+00  0.0000000000000000E+00  0.0000000000000000E+00  0.0000000000000000E+00  0.0000000000000000E+00  0.0000000000000000E+00 
             g =  6 )   0.0000000000000000E+00  0.0000000000000000E+00  0.0000000000000000E+00  2.2931910474561630E-06  1.4719790566748461E-06  0.0000000000000000E+00  0.0000000000000000E+00  0.0000000000000000E+00  0.0000000000000000E+00  0.0000000000000000E+00  0.0000000000000000E+00  0.0000000000000000E+00  0.0000000000000000E+00  0.0000000000000000E+00  0.0000000000000000E+00  0.0000000000000000E+00  0.0000000000000000E+00  0.0000000000000000E+00  0.0000000000000000E+00  0.0000000000000000E+00  0.0000000000000000E+00  0.0000000000000000E+00  0.0000000000000000E+00  0.0000000000000000E+00  0.0000000000000000E+00 
             g =  7 )   0.0000000000000000E+00  0.0000000000000000E+00  0.0000000000000000E+00  0.0000000000000000E+00  4.0624901971150885E-06  0.0000000000000000E+00  0.0000000000000000E+00  0.0000000000000000E+00  0.0000000000000000E+00  0.0000000000000000E+00  0.0000000000000000E+00  0.0000000000000000E+00  0.0000000000000000E+00  0.0000000000000000E+00  0.0000000000000000E+00  0.0000000000000000E+00  0.0000000000000000E+00  0.0000000000000000E+00  0.0000000000000000E+00  0.0000000000000000E+00  0.0000000000000000E+00  0.0000000000000000E+00  0.0000000000000000E+00  0.0000000000000000E+00  0.0000000000000000E+00 
             g =  8 )   1.6518501715584080E-03  0.0000000000000000E+00  0.0000000000000000E+00  0.0000000000000000E+00  7.5577113527621206E-08  4.3217479804018320E-06  0.0000000000000000E+00  0.0000000000000000E+00  0.0000000000000000E+00  0.0000000000000000E+00  0.0000000000000000E+00  0.0000000000000000E+00  0.0000000000000000E+00  0.0000000000000000E+00  0.0000000000000000E+00  0.0000000000000000E+00  0.0000000000000000E+00  0.0000000000000000E+00  0.0000000000000000E+00  0.0000000000000000E+00  0.0000000000000000E+00  0.0000000000000000E+00  0.0000000000000000E+00  0.0000000000000000E+00  0.0000000000000000E+00 
             g =  9 )   4.8687211633679792E-03  6.6195194276270431E-04  0.0000000000000000E+00  0.0000000000000000E+00  0.0000000000000000E+00  1.9491988100876701E-06  2.8350792515095534E-06  0.0000000000000000E+00  0.0000000000000000E+00  0.0000000000000000E+00  0.0000000000000000E+00  0.0000000000000000E+00  0.0000000000000000E+00  0.0000000000000000E+00  0.0000000000000000E+00  0.0000000000000000E+00  0.0000000000000000E+00  0.0000000000000000E+00  0.0000000000000000E+00  0.0000000000000000E+00  0.0000000000000000E+00  0.0000000000000000E+00  0.0000000000000000E+00  0.0000000000000000E+00  0.0000000000000000E+00 
             g = 10 )   4.3779833023508061E-03  4.4105376008602660E-03  9.6272769460266719E-05  0.0000000000000000E+00  0.0000000000000000E+00  0.0000000000000000E+00  4.2382062459644038E-06  9.8767282186982096E-07  0.0000000000000000E+00  0.0000000000000000E+00  0.0000000000000000E+00  0.0000000000000000E+00  0.0000000000000000E+00  0.0000000000000000E+00  0.0000000000000000E+00  0.0000000000000000E+00  0.0000000000000000E+00  0.0000000000000000E+00  0.0000000000000000E+00  0.0000000000000000E+00  0.0000000000000000E+00  0.0000000000000000E+00  0.0000000000000000E+00  0.0000000000000000E+00  0.0000000000000000E+00 
             g = 11 )   3.6784782172644605E-03  4.9054143831414676E-03  3.3023966597349932E-03  0.0000000000000000E+00  0.0000000000000000E+00  0.0000000000000000E+00  0.0000000000000000E+00  5.7408070100661143E-06  0.0000000000000000E+00  0.0000000000000000E+00  0.0000000000000000E+00  0.0000000000000000E+00  0.0000000000000000E+00  0.0000000000000000E+00  0.0000000000000000E+00  0.0000000000000000E+00  0.0000000000000000E+00  0.0000000000000000E+00  0.0000000000000000E+00  0.0000000000000000E+00  0.0000000000000000E+00  0.0000000000000000E+00  0.0000000000000000E+00  0.0000000000000000E+00  0.0000000000000000E+00 
             g = 12 )   3.1999572513720371E-03  4.0541202404279896E-03  5.4963594642045890E-03  1.9239294179946111E-03  0.0000000000000000E+00  0.0000000000000000E+00  0.0000000000000000E+00  1.3269012982932172E-06  5.0107009225621215E-06  0.0000000000000000E+00  0.0000000000000000E+00  0.0000000000000000E+00  0.0000000000000000E+00  0.0000000000000000E+00  0.0000000000000000E+00  0.0000000000000000E+00  0.0000000000000000E+00  0.0000000000000000E+00  0.0000000000000000E+00  0.0000000000000000E+00  0.0000000000000000E+00  0.0000000000000000E+00  0.0000000000000000E+00  0.0000000000000000E+00  0.0000000000000000E+00 
             g = 13 )   2.8660574900534696E-03  3.4833104475181279E-03  4.5002882361054250E-03  5.6867197759707024E-03  8.1035961904213664E-04  0.0000000000000000E+00  0.0000000000000000E+00  0.0000000000000000E+00  4.2614477526011105E-06  2.7825483214027657E-06  0.0000000000000000E+00  0.0000000000000000E+00  0.0000000000000000E+00  0.0000000000000000E+00  0.0000000000000000E+00  0.0000000000000000E+00  0.0000000000000000E+00  0.0000000000000000E+00  0.0000000000000000E+00  0.0000000000000000E+00  0.0000000000000000E+00  0.0000000000000000E+00  0.0000000000000000E+00  0.0000000000000000E+00  0.0000000000000000E+00 
             g = 14 )   2.6302518349706669E-03  3.0923683581861364E-03  3.8120885003086161E-03  5.0367392691190354E-03  5.2620913759516509E-03  1.4309027143776453E-04  0.0000000000000000E+00  0.0000000000000000E+00  0.0000000000000000E+00  7.8777963540705954E-06  0.0000000000000000E+00  0.0000000000000000E+00  0.0000000000000000E+00  0.0000000000000000E+00  0.0000000000000000E+00  0.0000000000000000E+00  0.0000000000000000E+00  0.0000000000000000E+00  0.0000000000000000E+00  0.0000000000000000E+00  0.0000000000000000E+00  0.0000000000000000E+00  0.0000000000000000E+00  0.0000000000000000E+00  0.0000000000000000E+00 
             g = 15 )   2.4629739828425268E-03  2.8213159226885449E-03  3.3500886551275826E-03  4.1972979902166543E-03  5.6905480361138369E-03  4.1005610051201629E-03  0.0000000000000000E+00  0.0000000000000000E+00  0.0000000000000000E+00  1.4950758520885921E-07  8.7331946587783635E-06  0.0000000000000000E+00  0.0000000000000000E+00  0.0000000000000000E+00  0.0000000000000000E+00  0.0000000000000000E+00  0.0000000000000000E+00  0.0000000000000000E+00  0.0000000000000000E+00  0.0000000000000000E+00  0.0000000000000000E+00  0.0000000000000000E+00  0.0000000000000000E+00  0.0000000000000000E+00  0.0000000000000000E+00 
             g = 16 )   2.3447668234118546E-03  2.6327382753302563E-03  3.0360536429749042E-03  3.6457708571855174E-03  4.6535273792190201E-03  6.4654068255063637E-03  2.5575156357004283E-03  0.0000000000000000E+00  0.0000000000000000E+00  0.0000000000000000E+00  4.0547111886289929E-06  6.0356613587176430E-06  0.0000000000000000E+00  0.0000000000000000E+00  0.0000000000000000E+00  0.0000000000000000E+00  0.0000000000000000E+00  0.0000000000000000E+00  0.0000000000000000E+00  0.0000000000000000E+00  0.0000000000000000E+00  0.0000000000000000E+00  0.0000000000000000E+00  0.0000000000000000E+00  0.0000000000000000E+00 
             g = 17 )   2.2624419571289681E-03  2.5024044070416237E-03  2.8221416596796865E-03  3.2787955762406205E-03  3.9878126876926358E-03  5.2004094045587724E-03  6.8839674069610139E-03  1.2244143018356399E-03  0.0000000000000000E+00  0.0000000000000000E+00  0.0000000000000000E+00  9.3425713012320871E-06  2.2322059323606229E-06  0.0000000000000000E+00  0.0000000000000000E+00  0.0000000000000000E+00  0.0000000000000000E+00  0.0000000000000000E+00  0.0000000000000000E+00  0.0000000000000000E+00  0.0000000000000000E+00  0.0000000000000000E+00  0.0000000000000000E+00  0.0000000000000000E+00  0.0000000000000000E+00 
             g = 18 )   2.2068310886010412E-03  2.4141202624514044E-03  2.6778948723847856E-03  3.0345075409802043E-03  3.5549324293504023E-03  4.3871114193220762E-03  5.8648051736013623E-03  6.6761190383645514E-03  3.3260283646334811E-04  0.0000000000000000E+00  0.0000000000000000E+00  0.0000000000000000E+00  1.3409207122578032E-05  0.0000000000000000E+00  0.0000000000000000E+00  0.0000000000000000E+00  0.0000000000000000E+00  0.0000000000000000E+00  0.0000000000000000E+00  0.0000000000000000E+00  0.0000000000000000E+00  0.0000000000000000E+00  0.0000000000000000E+00  0.0000000000000000E+00  0.0000000000000000E+00 
             g = 19 )   2.1714196159915689E-03  2.3567695599833304E-03  2.5832613981044620E-03  2.8742377196989397E-03  3.2739123753240734E-03  3.8712393071639200E-03  4.8579980730213967E-03  6.6841317272315895E-03  5.6711139082956845E-03  0.0000000000000000E+00  0.0000000000000000E+00  0.0000000000000000E+00  3.2093430105591162E-06  1.2505230869480432E-05  0.0000000000000000E+00  0.0000000000000000E+00  0.0000000000000000E+00  0.0000000000000000E+00  0.0000000000000000E+00  0.0000000000000000E+00  0.0000000000000000E+00  0.0000000000000000E+00  0.0000000000000000E+00  0.0000000000000000E+00  0.0000000000000000E+00 
             g = 20 )   2.1514892367725594E-03  2.3225438537024068E-03  2.5246604581168762E-03  2.7729334993310635E-03  3.0951274256917952E-03  3.5454012763414611E-03  4.2363180900658109E-03  5.4195921431077704E-03  7.7115433358651139E-03  4.0223197106398342E-03  0.0000000000000000E+00  0.0000000000000000E+00  0.0000000000000000E+00  1.1135034954903700E-05  7.5277891613065380E-06  0.0000000000000000E+00  0.0000000000000000E+00  0.0000000000000000E+00  0.0000000000000000E+00  0.0000000000000000E+00  0.0000000000000000E+00  0.0000000000000000E+00  0.0000000000000000E+00  0.0000000000000000E+00  0.0000000000000000E+00 
             g = 21 )   2.1435646830829090E-03  2.3058473560633643E-03  2.4926681337967332E-03  2.7138680537527153E-03  2.9869737462585558E-03  3.3451669380034823E-03  3.8552790884102284E-03  4.6612072662565798E-03  6.0977989605280900E-03  8.6366320557792406E-03  2.3459479158127045E-03  0.0000000000000000E+00  0.0000000000000000E+00  0.0000000000000000E+00  2.2489864257898460E-05  0.0000000000000000E+00  0.0000000000000000E+00  0.0000000000000000E+00  0.0000000000000000E+00  0.0000000000000000E+00  0.0000000000000000E+00  0.0000000000000000E+00  0.0000000000000000E+00  0.0000000000000000E+00  0.0000000000000000E+00 
             g = 22 )   2.1450478043301942E-03  2.3025990050891875E-03  2.4806064138905006E-03  2.6855838939744978E-03  2.9286697405063360E-03  3.2302517256979630E-03  3.6301667890511150E-03  4.2115089353407823E-03  5.1602313862407056E-03  6.9283069424507142E-03  9.0168220966080122E-03  1.0485613974562720E-03  0.0000000000000000E+00  0.0000000000000000E+00  4.4411369089504427E-07  2.7118666015224704E-05  0.0000000000000000E+00  0.0000000000000000E+00  0.0000000000000000E+00  0.0000000000000000E+00  0.0000000000000000E+00  0.0000000000000000E+00  0.0000000000000000E+00  0.0000000000000000E+00  0.0000000000000000E+00 
             g = 23 )   2.1539702102526324E-03  2.3097760382689851E-03  2.4836557876191244E-03  2.6800583795907060E-03  2.9061757057128432E-03  3.1745940964696385E-03  3.5090520252888764E-03  3.9575744738832358E-03  4.6242670159167172E-03  5.7521962458813181E-03  7.9611703263128084E-03  8.7052828065924334E-03  2.2758273605625633E-04  0.0000000000000000E+00  0.0000000000000000E+00  1.3432682388972932E-05  2.1023582700015103E-05  0.0000000000000000E+00  0.0000000000000000E+00  0.0000000000000000E+00  0.0000000000000000E+00  0.0000000000000000E+00  0.0000000000000000E+00  0.0000000000000000E+00  0.0000000000000000E+00 
             g = 24 )   2.1688227635291647E-03  2.3251086023462243E-03  2.4982817479698885E-03  2.6915658695112082E-03  2.9097852069694501E-03  3.1608449298169425E-03  3.4589216331882252E-03  3.8316452931178380E-03  4.3371087900767975E-03  5.1067305193609712E-03  6.4620861322376233E-03  9.2679561278745555E-03  7.5161825409837775E-03  0.0000000000000000E+00  0.0000000000000000E+00  0.0000000000000000E+00  3.5168131455319347E-05  8.9062835071493236E-06  0.0000000000000000E+00  0.0000000000000000E+00  0.0000000000000000E+00  0.0000000000000000E+00  0.0000000000000000E+00  0.0000000000000000E+00  0.0000000000000000E+00 
             g = 25 )   2.1884359658940530E-03  2.3468712171151570E-03  2.5218551849555252E-03  2.7159515039305538E-03  2.9326529437944228E-03  3.1771716932970004E-03  3.4581428391881387E-03  3.7914462255082045E-03  4.2091670861630747E-03  4.7817295346085972E-03  5.6762253376100276E-03  7.3234927059843205E-03  1.0939645695771870E-02  5.7311309926409357E-03  0.0000000000000000E+00  0.0000000000000000E+00  0.0000000000000000E+00  5.7895621344645840E-05  0.0000000000000000E+00  0.0000000000000000E+00  0.0000000000000000E+00  0.0000000000000000E+00  0.0000000000000000E+00  0.0000000000000000E+00  0.0000000000000000E+00 
             g = 26 )   2.2118947061768391E-03  2.3737377540219854E-03  2.5523957216542778E-03  2.7501559300901744E-03  2.9698674894838004E-03  3.2153354175603363E-03  3.4921747627247122E-03  3.8097406900439220E-03  4.1856670596812379E-03  4.6570179653717195E-03  5.3091813180679579E-03  6.3559549088886913E-03  8.3821085354351468E-03  1.2588718104372844E-02  3.9801229400043712E-03  0.0000000000000000E+00  0.0000000000000000E+00  1.5049231940719355E-05  6.3479984885197397E-05  0.0000000000000000E+00  0.0000000000000000E+00  0.0000000000000000E+00  0.0000000000000000E+00  0.0000000000000000E+00  0.0000000000000000E+00 
             g = 27 )   2.2384766181949042E-03  2.4046789124106548E-03  2.5883948491504140E-03  2.7918972780190620E-03  3.0178516550343096E-03  3.2694962080850338E-03  3.5510303417029582E-03  3.8685053595985618E-03  4.2319575036445980E-03  4.6607156684710044E-03  5.1971826735977026E-03  5.9445726473838709E-03  7.1777272860402202E-03  9.7007556281778692E-03  1.3980115496417599E-02  2.5291529086505105E-03  0.0000000000000000E+00  0.0000000000000000E+00  6.3598173037886872E-05  4.7191911923323390E-05  0.0000000000000000E+00  0.0000000000000000E+00  0.0000000000000000E+00  0.0000000000000000E+00  0.0000000000000000E+00 
             g = 28 )   2.2676069211804047E-03  2.4388886521027188E-03  2.6286919524758558E-03  2.8394541092954901E-03  3.0739656179587268E-03  3.3354504882731725E-03  3.6277229412826845E-03  3.9555428992970971E-03  4.3254927550572643E-03  4.7482404551412389E-03  5.2445851673699308E-03  5.8622441825814274E-03  6.7249352295286266E-03  8.1865434022221090E-03  1.1366582675769499E-02  1.5142533995291405E-02  1.4133045588846228E-03  0.0000000000000000E+00  0.0000000000000000E+00  1.6419112898890259E-04  0.0000000000000000E+00  0.0000000000000000E+00  0.0000000000000000E+00  0.0000000000000000E+00  0.0000000000000000E+00 
             g = 29 )   2.2988249356354416E-03  2.4757306838184552E-03  2.6723860604832123E-03  2.8915146318797000E-03  3.1362387855692585E-03  3.4101319633778895E-03  3.7172875757178320E-03  4.0624411511212336E-03  4.4512575515053164E-03  4.8911122178757213E-03  5.3933300453276756E-03  5.9797626241692280E-03  6.7026831523323230E-03  7.7078302725263215E-03  9.4490367411791763E-03  1.3501240388129354E-02  1.6188495205807112E-02  6.5301328188406864E-04  0.0000000000000000E+00  3.6276571379775089E-06  2.5540711071198697E-04  0.0000000000000000E+00  0.0000000000000000E+00  0.0000000000000000E+00  0.0000000000000000E+00 
             g = 30 )   2.3317589805915639E-03  2.5146990640284288E-03  2.7187721404055864E-03  2.9470702645691192E-03  3.2031852707961237E-03  3.4912780393543991E-03  3.8161483137094847E-03  4.1833053267740635E-03  4.5990562651605817E-03  5.0706924099928937E-03  5.6070637865903343E-03  6.2205228575845052E-03  6.9335035881237499E-03  7.8009112428210747E-03  8.9888591023551054E-03  1.1070930027161547E-02  1.6275204845709639E-02  1.7418453385759439E-02  2.3331416891813847E-04  0.0000000000000000E+00  1.5483524093936514E-04  2.8937055459931835E-04  0.0000000000000000E+00  0.0000000000000000E+00  0.0000000000000000E+00 
             g = 31 )   2.3661073619595436E-03  2.5553888453595376E-03  2.7672945204816838E-03  3.0053394135520915E-03  3.2736747920988031E-03  3.5772025379264202E-03  3.9217001687209012E-03  4.3139491547753619E-03  4.7618541034484419E-03  5.2745404530402436E-03  5.8624491898088271E-03  6.5376056955708008E-03  7.3148828436442274E-03  8.2175473133257789E-03  9.3000003641301211E-03  1.0740442263458976E-02  1.3238671512519617E-02  1.9929967577151479E-02  1.9548701259272012E-02  8.1151881724519660E-05  0.0000000000000000E+00  6.5035683562558147E-04  2.0685034800664218E-04  0.0000000000000000E+00  0.0000000000000000E+00 
             g = 32 )   2.4016238380044474E-03  2.5974739872326015E-03  2.8175124361092181E-03  3.0657121638532517E-03  3.3468409932754257E-03  3.6666381646596187E-03  4.0320272107086143E-03  4.4513666414245749E-03  4.9347332870696928E-03  5.4942197146312707E-03  6.1442045847463203E-03  6.9015305037812844E-03  7.7855577094389774E-03  8.8184531130847572E-03  1.0028188177949256E-02  1.1466858931136003E-02  1.3306303232602340E-02  1.6335807265164561E-02  2.4832558570804124E-02  2.4203474222742116E-02  1.3434836718257019E-04  0.0000000000000000E+00  1.9756916206809362E-03  0.0000000000000000E+00  0.0000000000000000E+00 
             g = 33 )   2.4381064103872569E-03  2.6406905699651768E-03  2.8690742697697492E-03  3.1277096633476873E-03  3.4220154513134628E-03  3.7586256303897493E-03  4.1457091235711178E-03  4.5933799040034405E-03  5.1142200017881816E-03  5.7239370562740316E-03  6.4421677566875481E-03  7.2934059047397928E-03  8.3079562658849512E-03  9.5226697346091904E-03  1.0981081785976132E-02  1.2733299287680893E-02  1.4843099962040062E-02  1.7458064784439568E-02  2.1327508072767419E-02  3.1749303614304072E-02  3.4920477190096597E-02  1.1739407168558401E-03  7.6622886974524510E-04  5.3897828677886657E-03  0.0000000000000000E+00 
             g = 34 )   2.4753886096229700E-03  2.6848239249611513E-03  2.9216981004456079E-03  3.1909539676362448E-03  3.4986795874468193E-03  3.8524345177915003E-03  4.2616863352346757E-03  4.7384000490582169E-03  5.2978410260590657E-03  5.9596775151503807E-03  6.7495038872437104E-03  7.7009506652473041E-03  8.8585956384151406E-03  1.0281912929207999E-02  1.2050403700142952E-02  1.4269611367254837E-02  1.7076540215082155E-02  2.0641993855393483E-02  2.5186084458427439E-02  3.1281240197889817E-02  4.3885524269479753E-02  5.9416631838923942E-02  1.1550348924014549E-02  1.3146177719961230E-02  2.4212147426031300E-02 
             g = 35 )   2.5133326686033073E-03  2.7296986856032339E-03  2.9751568830989018E-03  3.2551454252273274E-03  3.5764292294022879E-03  3.9475060887809617E-03  4.3791646340232459E-03  4.8852621346717976E-03  5.4838260781162390E-03  6.1986415422445700E-03  7.0615823234831815E-03  8.1161060557023885E-03  9.4226149360592936E-03  1.1066884416418819E-02  1.3173676927460430E-02  1.5929369878062274E-02  1.9620692501233956E-02  2.4702924088610245E-02  3.1922649241295613E-02  4.2542046996811300E-02  5.8790757842702351E-02  8.6134928493216051E-02  1.4451361025650042E-01  1.5862904544461709E-01  2.7793784821466271E+01 
 
          ell = 1
 
             g'=         1                       2                       3                       4                       5                       6                       7                       8                       9                       10                      11                      12                      13                      14                      15                      16                      17                      18                      19                      20                      21                      22                      23                      24                      25                     
                        ‾‾‾‾‾‾                  ‾‾‾‾‾‾                  ‾‾‾‾‾‾                  ‾‾‾‾‾‾                  ‾‾‾‾‾‾                  ‾‾‾‾‾‾                  ‾‾‾‾‾‾                  ‾‾‾‾‾‾                  ‾‾‾‾‾‾                  ‾‾‾‾‾‾                  ‾‾‾‾‾‾                  ‾‾‾‾‾‾                  ‾‾‾‾‾‾                  ‾‾‾‾‾‾                  ‾‾‾‾‾‾                  ‾‾‾‾‾‾                  ‾‾‾‾‾‾                  ‾‾‾‾‾‾                  ‾‾‾‾‾‾                  ‾‾‾‾‾‾                  ‾‾‾‾‾‾                  ‾‾‾‾‾‾                  ‾‾‾‾‾‾                  ‾‾‾‾‾‾                  ‾‾‾‾‾‾                  
             g =  1 )   1.9303127238577315E-06  0.0000000000000000E+00  0.0000000000000000E+00  0.0000000000000000E+00  0.0000000000000000E+00  0.0000000000000000E+00  0.0000000000000000E+00  0.0000000000000000E+00  0.0000000000000000E+00  0.0000000000000000E+00  0.0000000000000000E+00  0.0000000000000000E+00  0.0000000000000000E+00  0.0000000000000000E+00  0.0000000000000000E+00  0.0000000000000000E+00  0.0000000000000000E+00  0.0000000000000000E+00  0.0000000000000000E+00  0.0000000000000000E+00  0.0000000000000000E+00  0.0000000000000000E+00  0.0000000000000000E+00  0.0000000000000000E+00  0.0000000000000000E+00 
             g =  2 )   8.5083455049940718E-07  1.2221039206521353E-06  0.0000000000000000E+00  0.0000000000000000E+00  0.0000000000000000E+00  0.0000000000000000E+00  0.0000000000000000E+00  0.0000000000000000E+00  0.0000000000000000E+00  0.0000000000000000E+00  0.0000000000000000E+00  0.0000000000000000E+00  0.0000000000000000E+00  0.0000000000000000E+00  0.0000000000000000E+00  0.0000000000000000E+00  0.0000000000000000E+00  0.0000000000000000E+00  0.0000000000000000E+00  0.0000000000000000E+00  0.0000000000000000E+00  0.0000000000000000E+00  0.0000000000000000E+00  0.0000000000000000E+00  0.0000000000000000E+00 
             g =  3 )   0.0000000000000000E+00  1.7819107280299682E-06  4.0988855837335331E-07  0.0000000000000000E+00  0.0000000000000000E+00  0.0000000000000000E+00  0.0000000000000000E+00  0.0000000000000000E+00  0.0000000000000000E+00  0.0000000000000000E+00  0.0000000000000000E+00  0.0000000000000000E+00  0.0000000000000000E+00  0.0000000000000000E+00  0.0000000000000000E+00  0.0000000000000000E+00  0.0000000000000000E+00  0.0000000000000000E+00  0.0000000000000000E+00  0.0000000000000000E+00  0.0000000000000000E+00  0.0000000000000000E+00  0.0000000000000000E+00  0.0000000000000000E+00  0.0000000000000000E+00 
             g =  4 )   0.0000000000000000E+00  0.0000000000000000E+00  2.3251064713218542E-06  0.0000000000000000E+00  0.0000000000000000E+00  0.0000000000000000E+00  0.0000000000000000E+00  0.0000000000000000E+00  0.0000000000000000E+00  0.0000000000000000E+00  0.0000000000000000E+00  0.0000000000000000E+00  0.0000000000000000E+00  0.0000000000000000E+00  0.0000000000000000E+00  0.0000000000000000E+00  0.0000000000000000E+00  0.0000000000000000E+00  0.0000000000000000E+00  0.0000000000000000E+00  0.0000000000000000E+00  0.0000000000000000E+00  0.0000000000000000E+00  0.0000000000000000E+00  0.0000000000000000E+00 
             g =  5 )   0.0000000000000000E+00  0.0000000000000000E+00  5.2394507555071203E-07  1.9475723841469788E-06  0.0000000000000000E+00  0.0000000000000000E+00  0.0000000000000000E+00  0.0000000000000000E+00  0.0000000000000000E+00  0.0000000000000000E+00  0.0000000000000000E+00  0.0000000000000000E+00  0.0000000000000000E+00  0.0000000000000000E+00  0.0000000000000000E+00  0.0000000000000000E+00  0.0000000000000000E+00  0.0000000000000000E+00  0.0000000000000000E+00  0.0000000000000000E+00  0.0000000000000000E+00  0.0000000000000000E+00  0.0000000000000000E+00  0.0000000000000000E+00  0.0000000000000000E+00 
             g =  6 )   0.0000000000000000E+00  0.0000000000000000E+00  0.0000000000000000E+00  1.6043556117260320E-06  1.0298216812503165E-06  0.0000000000000000E+00  0.0000000000000000E+00  0.0000000000000000E+00  0.0000000000000000E+00  0.0000000000000000E+00  0.0000000000000000E+00  0.0000000000000000E+00  0.0000000000000000E+00  0.0000000000000000E+00  0.0000000000000000E+00  0.0000000000000000E+00  0.0000000000000000E+00  0.0000000000000000E+00  0.0000000000000000E+00  0.0000000000000000E+00  0.0000000000000000E+00  0.0000000000000000E+00  0.0000000000000000E+00  0.0000000000000000E+00  0.0000000000000000E+00 
             g =  7 )   0.0000000000000000E+00  0.0000000000000000E+00  0.0000000000000000E+00  0.0000000000000000E+00  2.8183211623126340E-06  0.0000000000000000E+00  0.0000000000000000E+00  0.0000000000000000E+00  0.0000000000000000E+00  0.0000000000000000E+00  0.0000000000000000E+00  0.0000000000000000E+00  0.0000000000000000E+00  0.0000000000000000E+00  0.0000000000000000E+00  0.0000000000000000E+00  0.0000000000000000E+00  0.0000000000000000E+00  0.0000000000000000E+00  0.0000000000000000E+00  0.0000000000000000E+00  0.0000000000000000E+00  0.0000000000000000E+00  0.0000000000000000E+00  0.0000000000000000E+00 
             g =  8 )   1.6471148141627703E-03  0.0000000000000000E+00  0.0000000000000000E+00  0.0000000000000000E+00  5.1967370039971422E-08  2.9716651779107722E-06  0.0000000000000000E+00  0.0000000000000000E+00  0.0000000000000000E+00  0.0000000000000000E+00  0.0000000000000000E+00  0.0000000000000000E+00  0.0000000000000000E+00  0.0000000000000000E+00  0.0000000000000000E+00  0.0000000000000000E+00  0.0000000000000000E+00  0.0000000000000000E+00  0.0000000000000000E+00  0.0000000000000000E+00  0.0000000000000000E+00  0.0000000000000000E+00  0.0000000000000000E+00  0.0000000000000000E+00  0.0000000000000000E+00 
             g =  9 )   4.8311451941087146E-03  6.6070344367447748E-04  0.0000000000000000E+00  0.0000000000000000E+00  0.0000000000000000E+00  1.3277805905196642E-06  1.9312361485435606E-06  0.0000000000000000E+00  0.0000000000000000E+00  0.0000000000000000E+00  0.0000000000000000E+00  0.0000000000000000E+00  0.0000000000000000E+00  0.0000000000000000E+00  0.0000000000000000E+00  0.0000000000000000E+00  0.0000000000000000E+00  0.0000000000000000E+00  0.0000000000000000E+00  0.0000000000000000E+00  0.0000000000000000E+00  0.0000000000000000E+00  0.0000000000000000E+00  0.0000000000000000E+00  0.0000000000000000E+00 
             g = 10 )   4.2999113973851812E-03  4.3842192346610891E-03  9.6200710778075334E-05  0.0000000000000000E+00  0.0000000000000000E+00  0.0000000000000000E+00  2.8585794619620685E-06  6.6616419302943566E-07  0.0000000000000000E+00  0.0000000000000000E+00  0.0000000000000000E+00  0.0000000000000000E+00  0.0000000000000000E+00  0.0000000000000000E+00  0.0000000000000000E+00  0.0000000000000000E+00  0.0000000000000000E+00  0.0000000000000000E+00  0.0000000000000000E+00  0.0000000000000000E+00  0.0000000000000000E+00  0.0000000000000000E+00  0.0000000000000000E+00  0.0000000000000000E+00  0.0000000000000000E+00 
             g = 11 )   3.5703324846052690E-03  4.8314410546358658E-03  3.2871326914439116E-03  0.0000000000000000E+00  0.0000000000000000E+00  0.0000000000000000E+00  0.0000000000000000E+00  3.8316489926285354E-06  0.0000000000000000E+00  0.0000000000000000E+00  0.0000000000000000E+00  0.0000000000000000E+00  0.0000000000000000E+00  0.0000000000000000E+00  0.0000000000000000E+00  0.0000000000000000E+00  0.0000000000000000E+00  0.0000000000000000E+00  0.0000000000000000E+00  0.0000000000000000E+00  0.0000000000000000E+00  0.0000000000000000E+00  0.0000000000000000E+00  0.0000000000000000E+00  0.0000000000000000E+00 
             g = 12 )   3.0672158752153567E-03  3.9431536579382885E-03  5.4300274212207376E-03  1.9171230557381066E-03  0.0000000000000000E+00  0.0000000000000000E+00  0.0000000000000000E+00  8.7582628252749685E-07  3.3073323294728701E-06  0.0000000000000000E+00  0.0000000000000000E+00  0.0000000000000000E+00  0.0000000000000000E+00  0.0000000000000000E+00  0.0000000000000000E+00  0.0000000000000000E+00  0.0000000000000000E+00  0.0000000000000000E+00  0.0000000000000000E+00  0.0000000000000000E+00  0.0000000000000000E+00  0.0000000000000000E+00  0.0000000000000000E+00  0.0000000000000000E+00  0.0000000000000000E+00 
             g = 13 )   2.7109357967372485E-03  3.3431946990599313E-03  4.3875915850588882E-03  5.6321551443933027E-03  8.0841808924353475E-04  0.0000000000000000E+00  0.0000000000000000E+00  0.0000000000000000E+00  2.7796945869917006E-06  1.8150250703707509E-06  0.0000000000000000E+00  0.0000000000000000E+00  0.0000000000000000E+00  0.0000000000000000E+00  0.0000000000000000E+00  0.0000000000000000E+00  0.0000000000000000E+00  0.0000000000000000E+00  0.0000000000000000E+00  0.0000000000000000E+00  0.0000000000000000E+00  0.0000000000000000E+00  0.0000000000000000E+00  0.0000000000000000E+00  0.0000000000000000E+00 
             g = 14 )   2.4530484188236678E-03  2.9263418424624976E-03  3.6643670372454281E-03  4.9241017836223477E-03  5.2222865254662439E-03  1.4293971601995036E-04  0.0000000000000000E+00  0.0000000000000000E+00  0.0000000000000000E+00  5.0741943476131964E-06  0.0000000000000000E+00  0.0000000000000000E+00  0.0000000000000000E+00  0.0000000000000000E+00  0.0000000000000000E+00  0.0000000000000000E+00  0.0000000000000000E+00  0.0000000000000000E+00  0.0000000000000000E+00  0.0000000000000000E+00  0.0000000000000000E+00  0.0000000000000000E+00  0.0000000000000000E+00  0.0000000000000000E+00  0.0000000000000000E+00 
             g = 15 )   2.2627898921336051E-03  2.6299811721864838E-03  3.1721009495991855E-03  4.0418935014915050E-03  5.5808583748300101E-03  4.0760080774553849E-03  0.0000000000000000E+00  0.0000000000000000E+00  0.0000000000000000E+00  9.5010785976069858E-08  5.5498701785157313E-06  0.0000000000000000E+00  0.0000000000000000E+00  0.0000000000000000E+00  0.0000000000000000E+00  0.0000000000000000E+00  0.0000000000000000E+00  0.0000000000000000E+00  0.0000000000000000E+00  0.0000000000000000E+00  0.0000000000000000E+00  0.0000000000000000E+00  0.0000000000000000E+00  0.0000000000000000E+00  0.0000000000000000E+00 
             g = 16 )   2.1199018887156675E-03  2.4150896059546970E-03  2.8288781246821621E-03  3.4546441749323973E-03  4.4906304041313688E-03  6.3632917041367108E-03  2.5454158252597309E-03  0.0000000000000000E+00  0.0000000000000000E+00  0.0000000000000000E+00  2.5397969641090456E-06  3.7806279367691817E-06  0.0000000000000000E+00  0.0000000000000000E+00  0.0000000000000000E+00  0.0000000000000000E+00  0.0000000000000000E+00  0.0000000000000000E+00  0.0000000000000000E+00  0.0000000000000000E+00  0.0000000000000000E+00  0.0000000000000000E+00  0.0000000000000000E+00  0.0000000000000000E+00  0.0000000000000000E+00 
             g = 17 )   2.0106153869651811E-03  2.2563829386329920E-03  2.5846670764697864E-03  3.0537690584431843E-03  3.7822389036124941E-03  5.0306658787620147E-03  6.7954257852626300E-03  1.2202106801368451E-03  0.0000000000000000E+00  0.0000000000000000E+00  0.0000000000000000E+00  5.7619163686519095E-06  1.3766856559258344E-06  0.0000000000000000E+00  0.0000000000000000E+00  0.0000000000000000E+00  0.0000000000000000E+00  0.0000000000000000E+00  0.0000000000000000E+00  0.0000000000000000E+00  0.0000000000000000E+00  0.0000000000000000E+00  0.0000000000000000E+00  0.0000000000000000E+00  0.0000000000000000E+00 
             g = 18 )   1.9253012462935740E-03  2.1369173720204274E-03  2.4076080246679342E-03  2.7743778096937068E-03  3.3096700251472847E-03  4.1656486779320535E-03  5.6896291329217490E-03  6.6063707147922639E-03  3.3197746776197364E-04  0.0000000000000000E+00  0.0000000000000000E+00  0.0000000000000000E+00  8.1327682609558334E-06  0.0000000000000000E+00  0.0000000000000000E+00  0.0000000000000000E+00  0.0000000000000000E+00  0.0000000000000000E+00  0.0000000000000000E+00  0.0000000000000000E+00  0.0000000000000000E+00  0.0000000000000000E+00  0.0000000000000000E+00  0.0000000000000000E+00  0.0000000000000000E+00 
             g = 19 )   1.8570425701288937E-03  2.0449887390916110E-03  2.2766696610723616E-03  2.5759098708270107E-03  2.9877016820006267E-03  3.6028833815543080E-03  4.6190792215484401E-03  6.5062346253883943E-03  5.6229363865139374E-03  0.0000000000000000E+00  0.0000000000000000E+00  0.0000000000000000E+00  1.9115686721265792E-06  7.4484427152722692E-06  0.0000000000000000E+00  0.0000000000000000E+00  0.0000000000000000E+00  0.0000000000000000E+00  0.0000000000000000E+00  0.0000000000000000E+00  0.0000000000000000E+00  0.0000000000000000E+00  0.0000000000000000E+00  0.0000000000000000E+00  0.0000000000000000E+00 
             g = 20 )   1.8007374027144191E-03  1.9722778951863896E-03  2.1775128554032725E-03  2.4320170758320050E-03  2.7641194637014373E-03  3.2289118306202034E-03  3.9414056458208953E-03  5.1615566343660713E-03  7.5358465155711592E-03  3.9941349865650006E-03  0.0000000000000000E+00  0.0000000000000000E+00  0.0000000000000000E+00  6.5031577000403824E-06  4.3964298492904486E-06  0.0000000000000000E+00  0.0000000000000000E+00  0.0000000000000000E+00  0.0000000000000000E+00  0.0000000000000000E+00  0.0000000000000000E+00  0.0000000000000000E+00  0.0000000000000000E+00  0.0000000000000000E+00  0.0000000000000000E+00 
             g = 21 )   1.7525168418930123E-03  1.9127008932232244E-03  2.1000578685987890E-03  2.3249824273133038E-03  2.6055825766734338E-03  2.9757034412342333E-03  3.5032974617898488E-03  4.3354869868180634E-03  5.8189697134094550E-03  8.4709995871478962E-03  2.3326958641826765E-03  0.0000000000000000E+00  0.0000000000000000E+00  0.0000000000000000E+00  1.2855778555504090E-05  0.0000000000000000E+00  0.0000000000000000E+00  0.0000000000000000E+00  0.0000000000000000E+00  0.0000000000000000E+00  0.0000000000000000E+00  0.0000000000000000E+00  0.0000000000000000E+00  0.0000000000000000E+00  0.0000000000000000E+00 
             g = 22 )   1.7093558381795068E-03  1.8616718763352633E-03  2.0369976124566505E-03  2.2424954676775440E-03  2.4899993574116009E-03  2.8006107237118602E-03  3.2149497546304848E-03  3.8174602714698544E-03  4.7984052465233221E-03  6.6271519599682867E-03  8.8698125907994592E-03  1.0443702592674950E-03  0.0000000000000000E+00  0.0000000000000000E+00  2.4795998600388302E-07  1.5141041997663239E-05  0.0000000000000000E+00  0.0000000000000000E+00  0.0000000000000000E+00  0.0000000000000000E+00  0.0000000000000000E+00  0.0000000000000000E+00  0.0000000000000000E+00  0.0000000000000000E+00  0.0000000000000000E+00 
             g = 23 )   1.6688039149352686E-03  1.8156143649017936E-03  1.9828558128615844E-03  2.1757112042321957E-03  2.4022048823086786E-03  2.6758134910991964E-03  3.0211677031430576E-03  3.4872234864805696E-03  4.1797123540672429E-03  5.3475445042797578E-03  7.6366233509609230E-03  8.5843839315502841E-03  2.2713291501126170E-04  0.0000000000000000E+00  0.0000000000000000E+00  7.3075364350984930E-06  1.1437075047853744E-05  0.0000000000000000E+00  0.0000000000000000E+00  0.0000000000000000E+00  0.0000000000000000E+00  0.0000000000000000E+00  0.0000000000000000E+00  0.0000000000000000E+00  0.0000000000000000E+00 
             g = 24 )   1.6287908809284452E-03  1.7716246326720125E-03  1.9333678415413278E-03  2.1180353209092322E-03  2.3314000910241400E-03  2.5824544153099189E-03  2.8865391928674421E-03  3.2724264554831804E-03  3.7993277442690105E-03  4.6006157631760481E-03  6.0059053753885351E-03  8.9200363829188434E-03  7.4255644275378063E-03  0.0000000000000000E+00  0.0000000000000000E+00  0.0000000000000000E+00  1.8587971487950795E-05  4.7073795804257290E-06  0.0000000000000000E+00  0.0000000000000000E+00  0.0000000000000000E+00  0.0000000000000000E+00  0.0000000000000000E+00  0.0000000000000000E+00  0.0000000000000000E+00 
             g = 25 )   1.5874782574757222E-03  1.7272280394830914E-03  1.8850554208974008E-03  2.0643318172696478E-03  2.2695686940895970E-03  2.5072218638391309E-03  2.7873729720557195E-03  3.1274626901224688E-03  3.5610831302507698E-03  4.1600277291730355E-03  5.0937233063901872E-03  6.8042213872247020E-03  1.0570636901952899E-02  5.6693760999436517E-03  0.0000000000000000E+00  0.0000000000000000E+00  0.0000000000000000E+00  2.9628648364346388E-05  0.0000000000000000E+00  0.0000000000000000E+00  0.0000000000000000E+00  0.0000000000000000E+00  0.0000000000000000E+00  0.0000000000000000E+00  0.0000000000000000E+00 
             g = 26 )   1.5431355782180660E-03  1.6801894766034109E-03  1.8349163255778215E-03  2.0103787644238039E-03  2.2104513719025795E-03  2.4402629877310375E-03  2.7070818426730165E-03  3.0222268773172057E-03  3.4054836222514365E-03  3.8959814694208665E-03  4.5808392931468538E-03  5.6766135175581123E-03  7.7839043406229234E-03  1.2203359988346787E-02  3.9419147452530202E-03  0.0000000000000000E+00  0.0000000000000000E+00  7.4259693421417176E-06  3.1323885727457441E-05  0.0000000000000000E+00  0.0000000000000000E+00  0.0000000000000000E+00  0.0000000000000000E+00  0.0000000000000000E+00  0.0000000000000000E+00 
             g = 27 )   1.4940242160702498E-03  1.6283491768990450E-03  1.7801763111512203E-03  1.9524651303784427E-03  2.1488379889630180E-03  2.3738372458938662E-03  2.6333953607522984E-03  2.9357907923596247E-03  3.2937811212839351E-03  3.7297534620992930E-03  4.2890743102000656E-03  5.0772677819877592E-03  6.3723775789747200E-03  9.0010568998663675E-03  1.3581994029795796E-02  2.5083725518976231E-03  0.0000000000000000E+00  0.0000000000000000E+00  3.0103518777585048E-05  2.2337789575930059E-05  0.0000000000000000E+00  0.0000000000000000E+00  0.0000000000000000E+00  0.0000000000000000E+00  0.0000000000000000E+00 
             g = 28 )   1.4382703453879788E-03  1.5694576215271204E-03  1.7180616082314239E-03  1.8870544466537628E-03  2.0800290141295553E-03  2.3013759825138659E-03  2.5565616423060479E-03  2.8526228715202175E-03  3.1991761706848050E-03  3.6107366669791033E-03  4.1125917874769774E-03  4.7569410790690349E-03  5.6708556001102989E-03  7.2118623480963593E-03  1.0531665568784534E-02  1.4731291538551390E-02  1.4039370748321076E-03  0.0000000000000000E+00  0.0000000000000000E+00  7.4067221510990507E-05  0.0000000000000000E+00  0.0000000000000000E+00  0.0000000000000000E+00  0.0000000000000000E+00  0.0000000000000000E+00 
             g = 29 )   1.3737012398548245E-03  1.5009772589397532E-03  1.6455484540383123E-03  1.8104502984785220E-03  1.9993559435108887E-03  2.2167335710225971E-03  2.4680593532820840E-03  2.7601307273199729E-03  3.1015922742752876E-03  3.5039785399026166E-03  3.9841472754036924E-03  4.5707474927958328E-03  5.3232216655331082E-03  6.3927618992861207E-03  8.2373560652922832E-03  1.2477530605557214E-02  1.5755235645823040E-02  6.4981905974284570E-04  0.0000000000000000E+00  1.5464236809178797E-06  1.0887677342628735E-04  0.0000000000000000E+00  0.0000000000000000E+00  0.0000000000000000E+00  0.0000000000000000E+00 
             g = 30 )   1.2975989548959707E-03  1.4197978027684225E-03  1.5590257083320761E-03  1.7183822400573842E-03  1.9016475295786043E-03  2.1134517797402473E-03  2.3594919038232133E-03  2.6468143250416524E-03  2.9842032037168818E-03  3.3827728345038723E-03  3.8570480756931029E-03  4.4274180216011842E-03  5.1268938926708855E-03  6.0224867627499271E-03  7.2903755736089971E-03  9.5095238436622761E-03  1.4970822389404441E-02  1.6936000724853979E-02  2.3256798429480529E-04  0.0000000000000000E+00  6.1665713217472684E-05  1.1524664233571058E-04  0.0000000000000000E+00  0.0000000000000000E+00  0.0000000000000000E+00 
             g = 31 )   1.2062730746367780E-03  1.3217548225333286E-03  1.4537449536741445E-03  1.6053656513808781E-03  1.7804641634263552E-03  1.9838073552671527E-03  2.2213329277716736E-03  2.5004742863685898E-03  2.8305825173656255E-03  3.2234834054372021E-03  3.6942506904931918E-03  4.2624266246089450E-03  4.9544735055387455E-03  5.8103670124193827E-03  6.9058802226175274E-03  8.4400092827332015E-03  1.1122935211610979E-02  1.8171394967775697E-02  1.8947446203670903E-02  8.0982849634429819E-05  0.0000000000000000E+00  2.3811842343862680E-04  7.5735159618479952E-05  0.0000000000000000E+00  0.0000000000000000E+00 
             g = 32 )   1.0942035485583517E-03  1.2006754037368027E-03  1.3227492888715374E-03  1.4634867849985039E-03  1.6267005896735312E-03  1.8171734130043901E-03  2.0409490147920671E-03  2.3057206380648178E-03  2.6213505751044000E-03  3.0005654902742428E-03  3.4598872368549116E-03  4.0208879737614186E-03  4.7119503805890042E-03  5.5711021082148655E-03  6.6522855091789689E-03  8.0460812624755448E-03  9.9706421455356010E-03  1.3246909521127651E-02  2.2248361208414183E-02  2.3295288992492971E-02  1.3394548228003295E-04  0.0000000000000000E+00  6.4895960696016578E-04  0.0000000000000000E+00  0.0000000000000000E+00 
             g = 33 )   9.5197856231368143E-04  1.0460939060272100E-03  1.1543280768985184E-03  1.2795470020468161E-03  1.4253548931308915E-03  1.5963253582183293E-03  1.7983173961372534E-03  2.0389115904830271E-03  2.3280177266946020E-03  2.6787281194993462E-03  3.1085237700680703E-03  3.6409858143498807E-03  4.3082255921950462E-03  5.1543351007681051E-03  6.2403692157383282E-03  7.6523609501096563E-03  9.5200103120384409E-03  1.2094825883230423E-02  1.6240477714505239E-02  2.7384551006825974E-02  3.3082865689079081E-02  1.1620891870966624E-03  2.1668505929311717E-04  1.5241991869506450E-03  0.0000000000000000E+00 
             g = 34 )   7.5968121200409094E-04  8.3594214010677731E-04  9.2389578746491130E-04  1.0259884335747547E-03  1.1453232433895862E-03  1.2858780301215737E-03  1.4528097120105694E-03  1.6528860141208879E-03  1.8951068155551422E-03  2.1916126676231468E-03  2.5590352510899308E-03  3.0205388906018346E-03  3.6089588321307118E-03  4.3717016179451000E-03  5.3784977497950094E-03  6.7337767890612741E-03  8.5965710284521858E-03  1.1213915197281061E-02  1.4994676680091712E-02  2.0876567024087363E-02  3.4296726316204736E-02  5.3761149913318443E-02  1.1120721232240236E-02  2.9427529728471460E-03  5.4198543740040898E-03 
             g = 35 )   4.4144547728960655E-04  4.8638292744088694E-04  5.3834406083352947E-04  5.9883626939806684E-04  6.6978540534938145E-04  7.5368062136944457E-04  8.5378020186695702E-04  9.7440909478685054E-04  1.1213971098284054E-03  1.3027376980929658E-03  1.5296011142454467E-03  1.8179323686689053E-03  2.1910432187344053E-03  2.6839503840889829E-03  3.3508955654370119E-03  4.2789028327062922E-03  5.6133145756846565E-03  7.6082752418523301E-03  1.0731965581793771E-02  1.5899895544423968E-02  2.5059594795013535E-02  4.3885649278443101E-02  9.5394898739459277E-02  1.1398894622706372E-01  3.7860418932217756E+00 
 
          ell = 2
 
             g'=         1                       2                       3                       4                       5                       6                       7                       8                       9                       10                      11                      12                      13                      14                      15                      16                      17                      18                      19                      20                      21                      22                      23                      24                      25                     
                        ‾‾‾‾‾‾                  ‾‾‾‾‾‾                  ‾‾‾‾‾‾                  ‾‾‾‾‾‾                  ‾‾‾‾‾‾                  ‾‾‾‾‾‾                  ‾‾‾‾‾‾                  ‾‾‾‾‾‾                  ‾‾‾‾‾‾                  ‾‾‾‾‾‾                  ‾‾‾‾‾‾                  ‾‾‾‾‾‾                  ‾‾‾‾‾‾                  ‾‾‾‾‾‾                  ‾‾‾‾‾‾                  ‾‾‾‾‾‾                  ‾‾‾‾‾‾                  ‾‾‾‾‾‾                  ‾‾‾‾‾‾                  ‾‾‾‾‾‾                  ‾‾‾‾‾‾                  ‾‾‾‾‾‾                  ‾‾‾‾‾‾                  ‾‾‾‾‾‾                  ‾‾‾‾‾‾                  
             g =  1 )   1.0837818276912764E-06  0.0000000000000000E+00  0.0000000000000000E+00  0.0000000000000000E+00  0.0000000000000000E+00  0.0000000000000000E+00  0.0000000000000000E+00  0.0000000000000000E+00  0.0000000000000000E+00  0.0000000000000000E+00  0.0000000000000000E+00  0.0000000000000000E+00  0.0000000000000000E+00  0.0000000000000000E+00  0.0000000000000000E+00  0.0000000000000000E+00  0.0000000000000000E+00  0.0000000000000000E+00  0.0000000000000000E+00  0.0000000000000000E+00  0.0000000000000000E+00  0.0000000000000000E+00  0.0000000000000000E+00  0.0000000000000000E+00  0.0000000000000000E+00 
             g =  2 )   4.7060244843861863E-07  6.7595409350472871E-07  0.0000000000000000E+00  0.0000000000000000E+00  0.0000000000000000E+00  0.0000000000000000E+00  0.0000000000000000E+00  0.0000000000000000E+00  0.0000000000000000E+00  0.0000000000000000E+00  0.0000000000000000E+00  0.0000000000000000E+00  0.0000000000000000E+00  0.0000000000000000E+00  0.0000000000000000E+00  0.0000000000000000E+00  0.0000000000000000E+00  0.0000000000000000E+00  0.0000000000000000E+00  0.0000000000000000E+00  0.0000000000000000E+00  0.0000000000000000E+00  0.0000000000000000E+00  0.0000000000000000E+00  0.0000000000000000E+00 
             g =  3 )   0.0000000000000000E+00  9.7007217022839448E-07  2.2314332425206635E-07  0.0000000000000000E+00  0.0000000000000000E+00  0.0000000000000000E+00  0.0000000000000000E+00  0.0000000000000000E+00  0.0000000000000000E+00  0.0000000000000000E+00  0.0000000000000000E+00  0.0000000000000000E+00  0.0000000000000000E+00  0.0000000000000000E+00  0.0000000000000000E+00  0.0000000000000000E+00  0.0000000000000000E+00  0.0000000000000000E+00  0.0000000000000000E+00  0.0000000000000000E+00  0.0000000000000000E+00  0.0000000000000000E+00  0.0000000000000000E+00  0.0000000000000000E+00  0.0000000000000000E+00 
             g =  4 )   0.0000000000000000E+00  0.0000000000000000E+00  1.2446475409203919E-06  0.0000000000000000E+00  0.0000000000000000E+00  0.0000000000000000E+00  0.0000000000000000E+00  0.0000000000000000E+00  0.0000000000000000E+00  0.0000000000000000E+00  0.0000000000000000E+00  0.0000000000000000E+00  0.0000000000000000E+00  0.0000000000000000E+00  0.0000000000000000E+00  0.0000000000000000E+00  0.0000000000000000E+00  0.0000000000000000E+00  0.0000000000000000E+00  0.0000000000000000E+00  0.0000000000000000E+00  0.0000000000000000E+00  0.0000000000000000E+00  0.0000000000000000E+00  0.0000000000000000E+00 
             g =  5 )   0.0000000000000000E+00  0.0000000000000000E+00  2.7549140404489481E-07  1.0240375864278609E-06  0.0000000000000000E+00  0.0000000000000000E+00  0.0000000000000000E+00  0.0000000000000000E+00  0.0000000000000000E+00  0.0000000000000000E+00  0.0000000000000000E+00  0.0000000000000000E+00  0.0000000000000000E+00  0.0000000000000000E+00  0.0000000000000000E+00  0.0000000000000000E+00  0.0000000000000000E+00  0.0000000000000000E+00  0.0000000000000000E+00  0.0000000000000000E+00  0.0000000000000000E+00  0.0000000000000000E+00  0.0000000000000000E+00  0.0000000000000000E+00  0.0000000000000000E+00 
             g =  6 )   0.0000000000000000E+00  0.0000000000000000E+00  0.0000000000000000E+00  8.2760970000512080E-07  5.3123534860292874E-07  0.0000000000000000E+00  0.0000000000000000E+00  0.0000000000000000E+00  0.0000000000000000E+00  0.0000000000000000E+00  0.0000000000000000E+00  0.0000000000000000E+00  0.0000000000000000E+00  0.0000000000000000E+00  0.0000000000000000E+00  0.0000000000000000E+00  0.0000000000000000E+00  0.0000000000000000E+00  0.0000000000000000E+00  0.0000000000000000E+00  0.0000000000000000E+00  0.0000000000000000E+00  0.0000000000000000E+00  0.0000000000000000E+00  0.0000000000000000E+00 
             g =  7 )   0.0000000000000000E+00  0.0000000000000000E+00  0.0000000000000000E+00  0.0000000000000000E+00  1.4244426399148043E-06  0.0000000000000000E+00  0.0000000000000000E+00  0.0000000000000000E+00  0.0000000000000000E+00  0.0000000000000000E+00  0.0000000000000000E+00  0.0000000000000000E+00  0.0000000000000000E+00  0.0000000000000000E+00  0.0000000000000000E+00  0.0000000000000000E+00  0.0000000000000000E+00  0.0000000000000000E+00  0.0000000000000000E+00  0.0000000000000000E+00  0.0000000000000000E+00  0.0000000000000000E+00  0.0000000000000000E+00  0.0000000000000000E+00  0.0000000000000000E+00 
             g =  8 )   1.6376751056339242E-03  0.0000000000000000E+00  0.0000000000000000E+00  0.0000000000000000E+00  2.5696592983980385E-08  1.4694157218790589E-06  0.0000000000000000E+00  0.0000000000000000E+00  0.0000000000000000E+00  0.0000000000000000E+00  0.0000000000000000E+00  0.0000000000000000E+00  0.0000000000000000E+00  0.0000000000000000E+00  0.0000000000000000E+00  0.0000000000000000E+00  0.0000000000000000E+00  0.0000000000000000E+00  0.0000000000000000E+00  0.0000000000000000E+00  0.0000000000000000E+00  0.0000000000000000E+00  0.0000000000000000E+00  0.0000000000000000E+00  0.0000000000000000E+00 
             g =  9 )   4.7565698862039865E-03  6.5821179463773768E-04  0.0000000000000000E+00  0.0000000000000000E+00  0.0000000000000000E+00  6.4127597631534009E-07  9.3272590026944490E-07  0.0000000000000000E+00  0.0000000000000000E+00  0.0000000000000000E+00  0.0000000000000000E+00  0.0000000000000000E+00  0.0000000000000000E+00  0.0000000000000000E+00  0.0000000000000000E+00  0.0000000000000000E+00  0.0000000000000000E+00  0.0000000000000000E+00  0.0000000000000000E+00  0.0000000000000000E+00  0.0000000000000000E+00  0.0000000000000000E+00  0.0000000000000000E+00  0.0000000000000000E+00  0.0000000000000000E+00 
             g = 10 )   4.1460287034991135E-03  4.3319184030375726E-03  9.6056715211885352E-05  0.0000000000000000E+00  0.0000000000000000E+00  0.0000000000000000E+00  1.3459700480800259E-06  3.1366525326729529E-07  0.0000000000000000E+00  0.0000000000000000E+00  0.0000000000000000E+00  0.0000000000000000E+00  0.0000000000000000E+00  0.0000000000000000E+00  0.0000000000000000E+00  0.0000000000000000E+00  0.0000000000000000E+00  0.0000000000000000E+00  0.0000000000000000E+00  0.0000000000000000E+00  0.0000000000000000E+00  0.0000000000000000E+00  0.0000000000000000E+00  0.0000000000000000E+00  0.0000000000000000E+00 
             g = 11 )   3.3589586886819344E-03  4.6853888782593103E-03  3.2567636540165993E-03  0.0000000000000000E+00  0.0000000000000000E+00  0.0000000000000000E+00  0.0000000000000000E+00  1.7551818052719377E-06  0.0000000000000000E+00  0.0000000000000000E+00  0.0000000000000000E+00  0.0000000000000000E+00  0.0000000000000000E+00  0.0000000000000000E+00  0.0000000000000000E+00  0.0000000000000000E+00  0.0000000000000000E+00  0.0000000000000000E+00  0.0000000000000000E+00  0.0000000000000000E+00  0.0000000000000000E+00  0.0000000000000000E+00  0.0000000000000000E+00  0.0000000000000000E+00  0.0000000000000000E+00 
             g = 12 )   2.8101253594070143E-03  3.7259634366353859E-03  5.2988391302129399E-03  1.9035653904916807E-03  0.0000000000000000E+00  0.0000000000000000E+00  0.0000000000000000E+00  3.8936898235141069E-07  1.4703516543354499E-06  0.0000000000000000E+00  0.0000000000000000E+00  0.0000000000000000E+00  0.0000000000000000E+00  0.0000000000000000E+00  0.0000000000000000E+00  0.0000000000000000E+00  0.0000000000000000E+00  0.0000000000000000E+00  0.0000000000000000E+00  0.0000000000000000E+00  0.0000000000000000E+00  0.0000000000000000E+00  0.0000000000000000E+00  0.0000000000000000E+00  0.0000000000000000E+00 
             g = 13 )   2.4134084608316304E-03  3.0715823070659484E-03  4.1666699620231456E-03  5.5240673254902534E-03  8.0454560658848315E-04  0.0000000000000000E+00  0.0000000000000000E+00  0.0000000000000000E+00  1.1960439298990527E-06  7.8096699119053945E-07  0.0000000000000000E+00  0.0000000000000000E+00  0.0000000000000000E+00  0.0000000000000000E+00  0.0000000000000000E+00  0.0000000000000000E+00  0.0000000000000000E+00  0.0000000000000000E+00  0.0000000000000000E+00  0.0000000000000000E+00  0.0000000000000000E+00  0.0000000000000000E+00  0.0000000000000000E+00  0.0000000000000000E+00  0.0000000000000000E+00 
             g = 14 )   2.1166654760050850E-03  2.6078103822413864E-03  3.3777178383549546E-03  4.7029135789070104E-03  5.1433197387552795E-03  1.4263896319138863E-04  0.0000000000000000E+00  0.0000000000000000E+00  0.0000000000000000E+00  2.1063606123304734E-06  0.0000000000000000E+00  0.0000000000000000E+00  0.0000000000000000E+00  0.0000000000000000E+00  0.0000000000000000E+00  0.0000000000000000E+00  0.0000000000000000E+00  0.0000000000000000E+00  0.0000000000000000E+00  0.0000000000000000E+00  0.0000000000000000E+00  0.0000000000000000E+00  0.0000000000000000E+00  0.0000000000000000E+00  0.0000000000000000E+00 
             g = 15 )   1.8869405842201162E-03  2.2669179194792521E-03  2.8304977262309378E-03  3.7399788707315178E-03  5.3650557813394936E-03  4.0272331931937768E-03  0.0000000000000000E+00  0.0000000000000000E+00  0.0000000000000000E+00  3.7907644027298241E-08  2.2143012602577674E-06  0.0000000000000000E+00  0.0000000000000000E+00  0.0000000000000000E+00  0.0000000000000000E+00  0.0000000000000000E+00  0.0000000000000000E+00  0.0000000000000000E+00  0.0000000000000000E+00  0.0000000000000000E+00  0.0000000000000000E+00  0.0000000000000000E+00  0.0000000000000000E+00  0.0000000000000000E+00  0.0000000000000000E+00 
             g = 16 )   1.7026317839251355E-03  2.0069201475530775E-03  2.4359091718607526E-03  3.0876562011812954E-03  4.1737295679598460E-03  6.1620091912004144E-03  2.5213474107840606E-03  0.0000000000000000E+00  0.0000000000000000E+00  0.0000000000000000E+00  9.6965453833290666E-07  1.4433842895478847E-06  0.0000000000000000E+00  0.0000000000000000E+00  0.0000000000000000E+00  0.0000000000000000E+00  0.0000000000000000E+00  0.0000000000000000E+00  0.0000000000000000E+00  0.0000000000000000E+00  0.0000000000000000E+00  0.0000000000000000E+00  0.0000000000000000E+00  0.0000000000000000E+00  0.0000000000000000E+00 
             g = 17 )   1.5491218435650322E-03  1.8007586538939546E-03  2.1398624696832447E-03  2.6271013672677385E-03  3.3872874418769232E-03  4.6999341996403661E-03  6.6205847843313972E-03  1.2118363283670161E-03  0.0000000000000000E+00  0.0000000000000000E+00  0.0000000000000000E+00  2.0938516339739593E-06  5.0028069234251021E-07  0.0000000000000000E+00  0.0000000000000000E+00  0.0000000000000000E+00  0.0000000000000000E+00  0.0000000000000000E+00  0.0000000000000000E+00  0.0000000000000000E+00  0.0000000000000000E+00  0.0000000000000000E+00  0.0000000000000000E+00  0.0000000000000000E+00  0.0000000000000000E+00 
             g = 18 )   1.4162326126597844E-03  1.6303964173974067E-03  1.9081248823761890E-03  2.2877791832014486E-03  2.8448039619445383E-03  3.7398787929214332E-03  5.3477172873163436E-03  6.4684089612440905E-03  3.3072939386476788E-04  0.0000000000000000E+00  0.0000000000000000E+00  0.0000000000000000E+00  2.7949960564410213E-06  0.0000000000000000E+00  0.0000000000000000E+00  0.0000000000000000E+00  0.0000000000000000E+00  0.0000000000000000E+00  0.0000000000000000E+00  0.0000000000000000E+00  0.0000000000000000E+00  0.0000000000000000E+00  0.0000000000000000E+00  0.0000000000000000E+00  0.0000000000000000E+00 
             g = 19 )   1.2966853501546033E-03  1.4834408797381766E-03  1.7182399242606089E-03  2.0259115026347199E-03  2.4530777390024982E-03  3.0944285432103111E-03  4.1593715125978776E-03  6.1583452113183603E-03  5.5274966616686129E-03  0.0000000000000000E+00  0.0000000000000000E+00  0.0000000000000000E+00  6.1636968119693756E-07  2.4016894233355674E-06  0.0000000000000000E+00  0.0000000000000000E+00  0.0000000000000000E+00  0.0000000000000000E+00  0.0000000000000000E+00  0.0000000000000000E+00  0.0000000000000000E+00  0.0000000000000000E+00  0.0000000000000000E+00  0.0000000000000000E+00  0.0000000000000000E+00 
             g = 20 )   1.1851388384118684E-03  1.3511346603739154E-03  1.5549974564915588E-03  1.8132695084206233E-03  2.1554670398840517E-03  2.6386488149983591E-03  3.3828325068264338E-03  4.6645840320372542E-03  7.1915703755251886E-03  3.9382202717852767E-03  0.0000000000000000E+00  0.0000000000000000E+00  0.0000000000000000E+00  1.9477226008813058E-06  1.3167489050125643E-06  0.0000000000000000E+00  0.0000000000000000E+00  0.0000000000000000E+00  0.0000000000000000E+00  0.0000000000000000E+00  0.0000000000000000E+00  0.0000000000000000E+00  0.0000000000000000E+00  0.0000000000000000E+00  0.0000000000000000E+00 
             g = 21 )   1.0775710288852230E-03  1.2271183698165183E-03  1.4077848488889769E-03  1.6310236613456968E-03  1.9161170481909789E-03  2.2983206346309532E-03  2.8479708367261324E-03  3.7187853682571050E-03  5.2813420407657801E-03  8.1458244298328927E-03  2.3063632066871848E-03  0.0000000000000000E+00  0.0000000000000000E+00  0.0000000000000000E+00  3.5303482342410704E-06  0.0000000000000000E+00  0.0000000000000000E+00  0.0000000000000000E+00  0.0000000000000000E+00  0.0000000000000000E+00  0.0000000000000000E+00  0.0000000000000000E+00  0.0000000000000000E+00  0.0000000000000000E+00  0.0000000000000000E+00 
             g = 22 )   9.7087118339182006E-04  1.1066455563745134E-03  1.2689808932722028E-03  1.4662135327988006E-03  1.7115010701192867E-03  2.0273891936030027E-03  2.4561843899404568E-03  3.0852307666148714E-03  4.1136038975367753E-03  6.0457281851787024E-03  8.5806861282939004E-03  1.0360261269116830E-03  0.0000000000000000E+00  0.0000000000000000E+00  6.1361020793158564E-08  3.7468537074129061E-06  0.0000000000000000E+00  0.0000000000000000E+00  0.0000000000000000E+00  0.0000000000000000E+00  0.0000000000000000E+00  0.0000000000000000E+00  0.0000000000000000E+00  0.0000000000000000E+00  0.0000000000000000E+00 
             g = 23 )   8.6256442902487402E-04  9.8607094143231700E-04  1.1329505926565631E-03  1.3096420237001870E-03  1.5256603343165966E-03  1.7961647242000474E-03  2.1475921882137083E-03  2.6309320769866851E-03  3.3554545628544340E-03  4.5820172578089399E-03  7.0091422874530886E-03  8.3462286920513162E-03  2.2623528453742721E-04  0.0000000000000000E+00  0.0000000000000000E+00  1.5907371451068801E-06  2.4896735406767465E-06  0.0000000000000000E+00  0.0000000000000000E+00  0.0000000000000000E+00  0.0000000000000000E+00  0.0000000000000000E+00  0.0000000000000000E+00  0.0000000000000000E+00  0.0000000000000000E+00 
             g = 24 )   7.5062153838508048E-04  8.6250845494954484E-04  9.9539795589539200E-04  1.1545764851365464E-03  1.3474134449714004E-03  1.5848218841713890E-03  1.8843220052264559E-03  2.2769931700846713E-03  2.8245293611789926E-03  3.6646276656880127E-03  5.1433375310574259E-03  8.2463532756917382E-03  7.2468138586343975E-03  0.0000000000000000E+00  0.0000000000000000E+00  0.0000000000000000E+00  3.4350854829291680E-06  8.6993092655858623E-07  0.0000000000000000E+00  0.0000000000000000E+00  0.0000000000000000E+00  0.0000000000000000E+00  0.0000000000000000E+00  0.0000000000000000E+00  0.0000000000000000E+00 
             g = 25 )   6.3332465721601891E-04  7.3359732327197202E-04  8.5293834819194384E-04  9.9592333555086131E-04  1.1686615773736299E-03  1.3796590213160556E-03  1.6415103003020587E-03  1.9745393491436012E-03  2.4153643980088834E-03  3.0388670298221922E-03  4.0197573734961235E-03  5.8230125563269062E-03  9.8551071167754002E-03  5.5474053848301712E-03  0.0000000000000000E+00  0.0000000000000000E+00  0.0000000000000000E+00  4.3910834382702463E-06  0.0000000000000000E+00  0.0000000000000000E+00  0.0000000000000000E+00  0.0000000000000000E+00  0.0000000000000000E+00  0.0000000000000000E+00  0.0000000000000000E+00 
             g = 26 )   5.0917037265334880E-04  5.9733833929416394E-04  7.0280889238696258E-04  8.2968909293419722E-04  9.8332638005916998E-04  1.1708634315020343E-03  1.4022250590217595E-03  1.6920692557452998E-03  2.0640863515507552E-03  2.5615051640168252E-03  3.2754001054883619E-03  4.4287674461431755E-03  6.6545914718467939E-03  1.1455315130124336E-02  3.8663429399199683E-03  0.0000000000000000E+00  0.0000000000000000E+00  7.9521240405629669E-07  3.3543287517171625E-06  0.0000000000000000E+00  0.0000000000000000E+00  0.0000000000000000E+00  0.0000000000000000E+00  0.0000000000000000E+00  0.0000000000000000E+00 
             g = 27 )   3.7679802948259754E-04  4.5197650001821768E-04  5.4266753818496083E-04  6.5261923530119173E-04  7.8666506607355947E-04  9.5113144851275886E-04  1.1544855776558737E-03  1.4084703227117091E-03  1.7303451033823147E-03  2.1479176105113208E-03  2.7123249335839427E-03  3.5343909285148055E-03  4.8999817844067690E-03  7.6819395204039582E-03  1.2808660252912024E-02  2.4672031974138291E-03  0.0000000000000000E+00  0.0000000000000000E+00  1.8167299502383946E-06  1.3480726836137215E-06  0.0000000000000000E+00  0.0000000000000000E+00  0.0000000000000000E+00  0.0000000000000000E+00  0.0000000000000000E+00 
             g = 28 )   2.3493526458605857E-04  2.9591468130519183E-04  3.7045008522780439E-04  4.6194993374389966E-04  5.7481658292573418E-04  7.1479033786694208E-04  8.8945101274553974E-04  1.1089955006260287E-03  1.3875631780565860E-03  1.7458102228259111E-03  2.2167350275524309E-03  2.8610177415921219E-03  3.8133130647518016E-03  5.4406583284377389E-03  8.9609258835191222E-03  1.3932407486172386E-02  1.3853437720993990E-03  0.0000000000000000E+00  0.0000000000000000E+00  4.7794613096768650E-07  0.0000000000000000E+00  0.0000000000000000E+00  0.0000000000000000E+00  0.0000000000000000E+00  0.0000000000000000E+00 
             g = 29 )   8.2355311175912749E-05  1.2764825679775706E-04  1.8426558509713437E-04  2.5523272332836502E-04  3.4449262740700673E-04  4.5722328705026852E-04  6.0028385353025533E-04  7.8285868151284517E-04  1.0174318144731105E-03  1.3213870139665014E-03  1.7200016337877528E-03  2.2531281243404985E-03  2.9932407449807892E-03  4.1033695082076417E-03  6.0533507511576264E-03  1.0558037622279526E-02  1.4914259693419139E-02  6.4346610907306230E-04  0.0000000000000000E+00 -8.7953531861287943E-08 -6.1924147170452681E-06  0.0000000000000000E+00  0.0000000000000000E+00  0.0000000000000000E+00  0.0000000000000000E+00 
             g = 30 )  -8.2157710060606375E-05 -5.4286137000034244E-05 -1.7682651373609989E-05  3.0206924763894877E-05  9.2761129826153871E-05  1.7448186884252688E-04  2.8141495978081625E-04  4.2174865147838307E-04  6.0668043796893061E-04  8.5171116467043821E-04  1.1786929187251128E-03  1.6194489224097882E-03  2.2234627744853169E-03  3.0785912791095444E-03  4.3814068377953314E-03  6.7271633979644422E-03  1.2538439494270581E-02  1.6001597129548843E-02  2.3108101565906029E-04  0.0000000000000000E+00 -8.2122306697661439E-06 -1.5347783417977636E-05  0.0000000000000000E+00  0.0000000000000000E+00  0.0000000000000000E+00 
             g = 31 )  -2.5983820917238761E-04 -2.5135238199351987E-04 -2.3715898002459553E-04 -2.1529646778614635E-04 -1.8311046643938102E-04 -1.3698335417732622E-04 -7.1946525543018465E-05  1.8880830498952197E-05  1.4511223845880219E-04  3.2030797792504295E-04  5.6380321999008776E-04  9.0355260441358760E-04  1.3808827425715584E-03  2.0597346429170179E-03  3.0500585163917705E-03  4.5892804801343128E-03  7.4160042242216269E-03  1.4922510087355222E-02  1.7788172596172123E-02  8.0645580374038837E-05  0.0000000000000000E+00 -5.4383378235504797E-05 -1.7296997736589235E-05  0.0000000000000000E+00  0.0000000000000000E+00 
             g = 32 )  -4.5196523844734892E-04 -4.6505053869806793E-04 -4.7594614237166972E-04 -4.8343023397852056E-04 -4.8577305326663508E-04 -4.8051684266155881E-04 -4.6415108500100102E-04 -4.3162799936885115E-04 -3.7563163054247215E-04 -2.8546263327949124E-04 -1.4531679081792603E-04  6.8406272674235332E-05  3.9138299506150901E-04  8.7839916588510251E-04  1.6159053926034235E-03  2.7496278149634593E-03  4.5739813963418833E-03  7.9777359576529254E-03  1.7553424469779574E-02  2.1559497619844676E-02  1.3314244252444717E-04  0.0000000000000000E+00 -2.2950222776493338E-04  0.0000000000000000E+00  0.0000000000000000E+00 
             g = 33 )  -6.5988681686623008E-04 -6.9694883663198013E-04 -7.3588892592788089E-04 -7.7639308000918938E-04 -8.1788860201606950E-04 -8.5940381939770888E-04 -8.9935103935612768E-04 -9.3518724614122337E-04 -9.6287737130223159E-04 -9.7603406091007221E-04 -9.6451926176488434E-04 -9.1213666187812557E-04 -7.9276484700986193E-04 -5.6377457449248512E-04 -1.5462068405314801E-04  5.5353092602742932E-04  1.7674402349601367E-03  3.8834563312972132E-03  7.9571296100191414E-03  1.9712583681132666E-02  2.9635232374056814E-02  1.1386590214790063E-03 -1.1559121585286329E-04 -8.1308807259867697E-04  0.0000000000000000E+00 
             g = 34 )  -8.8504369233122627E-04 -9.4871388043269226E-04 -1.0189338188812719E-03 -1.0964837003673369E-03 -1.1822071463846442E-03 -1.2769854283295114E-03 -1.3816825022848595E-03 -1.4970377070848287E-03 -1.6234646351033673E-03 -1.7606807555418684E-03 -1.9070283200674253E-03 -2.0582234599275696E-03 -2.2050260327282373E-03 -2.3288276295186342E-03 -2.3931264669529531E-03 -2.3266686427491912E-03 -1.9892536639914047E-03 -1.1001619636590439E-03  9.2316696038830209E-04  5.4667581375744852E-03  1.8723560536970250E-02  4.3685679029169762E-02  1.0299036042436904E-02 -2.4704435126885376E-03 -4.5499721524435554E-03 
             g = 35 )  -1.1289935921202242E-03 -1.2221406066431171E-03 -1.3271670214252290E-03 -1.4461505853474940E-03 -1.5816345871588859E-03 -1.7367552574926017E-03 -1.9154100196148523E-03 -2.1224811914709926E-03 -2.3641350513493370E-03 -2.6482228899928711E-03 -2.9848180518028374E-03 -3.3869277982252273E-03 -3.8714106524852751E-03 -4.4600775775992694E-03 -5.1807681431225629E-03 -6.0676033199214049E-03 -7.1578125773333464E-03 -8.4769377092285495E-03 -9.9861966947019896E-03 -1.1404378001305754E-02 -1.1581506773165559E-02 -5.4476528460564418E-03  3.3551271700256090E-02  5.3875661628955893E-02 -6.2720979577847942E+00 
 
          ell = 3
 
             g'=         1                       2                       3                       4                       5                       6                       7                       8                       9                       10                      11                      12                      13                      14                      15                      16                      17                      18                      19                      20                      21                      22                      23                      24                      25                     
                        ‾‾‾‾‾‾                  ‾‾‾‾‾‾                  ‾‾‾‾‾‾                  ‾‾‾‾‾‾                  ‾‾‾‾‾‾                  ‾‾‾‾‾‾                  ‾‾‾‾‾‾                  ‾‾‾‾‾‾                  ‾‾‾‾‾‾                  ‾‾‾‾‾‾                  ‾‾‾‾‾‾                  ‾‾‾‾‾‾                  ‾‾‾‾‾‾                  ‾‾‾‾‾‾                  ‾‾‾‾‾‾                  ‾‾‾‾‾‾                  ‾‾‾‾‾‾                  ‾‾‾‾‾‾                  ‾‾‾‾‾‾                  ‾‾‾‾‾‾                  ‾‾‾‾‾‾                  ‾‾‾‾‾‾                  ‾‾‾‾‾‾                  ‾‾‾‾‾‾                  ‾‾‾‾‾‾                  
             g =  1 )   4.9684021117853889E-07  0.0000000000000000E+00  0.0000000000000000E+00  0.0000000000000000E+00  0.0000000000000000E+00  0.0000000000000000E+00  0.0000000000000000E+00  0.0000000000000000E+00  0.0000000000000000E+00  0.0000000000000000E+00  0.0000000000000000E+00  0.0000000000000000E+00  0.0000000000000000E+00  0.0000000000000000E+00  0.0000000000000000E+00  0.0000000000000000E+00  0.0000000000000000E+00  0.0000000000000000E+00  0.0000000000000000E+00  0.0000000000000000E+00  0.0000000000000000E+00  0.0000000000000000E+00  0.0000000000000000E+00  0.0000000000000000E+00  0.0000000000000000E+00 
             g =  2 )   2.0967010401365629E-07  3.0116155486190367E-07  0.0000000000000000E+00  0.0000000000000000E+00  0.0000000000000000E+00  0.0000000000000000E+00  0.0000000000000000E+00  0.0000000000000000E+00  0.0000000000000000E+00  0.0000000000000000E+00  0.0000000000000000E+00  0.0000000000000000E+00  0.0000000000000000E+00  0.0000000000000000E+00  0.0000000000000000E+00  0.0000000000000000E+00  0.0000000000000000E+00  0.0000000000000000E+00  0.0000000000000000E+00  0.0000000000000000E+00  0.0000000000000000E+00  0.0000000000000000E+00  0.0000000000000000E+00  0.0000000000000000E+00  0.0000000000000000E+00 
             g =  3 )   0.0000000000000000E+00  4.1895772798508778E-07  9.6371819554079842E-08  0.0000000000000000E+00  0.0000000000000000E+00  0.0000000000000000E+00  0.0000000000000000E+00  0.0000000000000000E+00  0.0000000000000000E+00  0.0000000000000000E+00  0.0000000000000000E+00  0.0000000000000000E+00  0.0000000000000000E+00  0.0000000000000000E+00  0.0000000000000000E+00  0.0000000000000000E+00  0.0000000000000000E+00  0.0000000000000000E+00  0.0000000000000000E+00  0.0000000000000000E+00  0.0000000000000000E+00  0.0000000000000000E+00  0.0000000000000000E+00  0.0000000000000000E+00  0.0000000000000000E+00 
             g =  4 )   0.0000000000000000E+00  0.0000000000000000E+00  5.1951180605897140E-07  0.0000000000000000E+00  0.0000000000000000E+00  0.0000000000000000E+00  0.0000000000000000E+00  0.0000000000000000E+00  0.0000000000000000E+00  0.0000000000000000E+00  0.0000000000000000E+00  0.0000000000000000E+00  0.0000000000000000E+00  0.0000000000000000E+00  0.0000000000000000E+00  0.0000000000000000E+00  0.0000000000000000E+00  0.0000000000000000E+00  0.0000000000000000E+00  0.0000000000000000E+00  0.0000000000000000E+00  0.0000000000000000E+00  0.0000000000000000E+00  0.0000000000000000E+00  0.0000000000000000E+00 
             g =  5 )   0.0000000000000000E+00  0.0000000000000000E+00  1.1074387362515578E-07  4.1164946489689981E-07  0.0000000000000000E+00  0.0000000000000000E+00  0.0000000000000000E+00  0.0000000000000000E+00  0.0000000000000000E+00  0.0000000000000000E+00  0.0000000000000000E+00  0.0000000000000000E+00  0.0000000000000000E+00  0.0000000000000000E+00  0.0000000000000000E+00  0.0000000000000000E+00  0.0000000000000000E+00  0.0000000000000000E+00  0.0000000000000000E+00  0.0000000000000000E+00  0.0000000000000000E+00  0.0000000000000000E+00  0.0000000000000000E+00  0.0000000000000000E+00  0.0000000000000000E+00 
             g =  6 )   0.0000000000000000E+00  0.0000000000000000E+00  0.0000000000000000E+00  3.1908364905939075E-07  2.0481697295296464E-07  0.0000000000000000E+00  0.0000000000000000E+00  0.0000000000000000E+00  0.0000000000000000E+00  0.0000000000000000E+00  0.0000000000000000E+00  0.0000000000000000E+00  0.0000000000000000E+00  0.0000000000000000E+00  0.0000000000000000E+00  0.0000000000000000E+00  0.0000000000000000E+00  0.0000000000000000E+00  0.0000000000000000E+00  0.0000000000000000E+00  0.0000000000000000E+00  0.0000000000000000E+00  0.0000000000000000E+00  0.0000000000000000E+00  0.0000000000000000E+00 
             g =  7 )   0.0000000000000000E+00  0.0000000000000000E+00  0.0000000000000000E+00  0.0000000000000000E+00  5.2413766075109568E-07  0.0000000000000000E+00  0.0000000000000000E+00  0.0000000000000000E+00  0.0000000000000000E+00  0.0000000000000000E+00  0.0000000000000000E+00  0.0000000000000000E+00  0.0000000000000000E+00  0.0000000000000000E+00  0.0000000000000000E+00  0.0000000000000000E+00  0.0000000000000000E+00  0.0000000000000000E+00  0.0000000000000000E+00  0.0000000000000000E+00  0.0000000000000000E+00  0.0000000000000000E+00  0.0000000000000000E+00  0.0000000000000000E+00  0.0000000000000000E+00 
             g =  8 )   1.6235927857685454E-03  0.0000000000000000E+00  0.0000000000000000E+00  0.0000000000000000E+00  8.9700758902607850E-09  5.1293844860346166E-07  0.0000000000000000E+00  0.0000000000000000E+00  0.0000000000000000E+00  0.0000000000000000E+00  0.0000000000000000E+00  0.0000000000000000E+00  0.0000000000000000E+00  0.0000000000000000E+00  0.0000000000000000E+00  0.0000000000000000E+00  0.0000000000000000E+00  0.0000000000000000E+00  0.0000000000000000E+00  0.0000000000000000E+00  0.0000000000000000E+00  0.0000000000000000E+00  0.0000000000000000E+00  0.0000000000000000E+00  0.0000000000000000E+00 
             g =  9 )   4.6461371272350921E-03  6.5448766322850687E-04  0.0000000000000000E+00  0.0000000000000000E+00  0.0000000000000000E+00  2.1080449975419519E-07  3.0661185523250390E-07  0.0000000000000000E+00  0.0000000000000000E+00  0.0000000000000000E+00  0.0000000000000000E+00  0.0000000000000000E+00  0.0000000000000000E+00  0.0000000000000000E+00  0.0000000000000000E+00  0.0000000000000000E+00  0.0000000000000000E+00  0.0000000000000000E+00  0.0000000000000000E+00  0.0000000000000000E+00  0.0000000000000000E+00  0.0000000000000000E+00  0.0000000000000000E+00  0.0000000000000000E+00  0.0000000000000000E+00 
             g = 10 )   3.9207799084874104E-03  4.2543012434928988E-03  9.5841026083085215E-05  0.0000000000000000E+00  0.0000000000000000E+00  0.0000000000000000E+00  4.1281427984820213E-07  9.6202360391041732E-08  0.0000000000000000E+00  0.0000000000000000E+00  0.0000000000000000E+00  0.0000000000000000E+00  0.0000000000000000E+00  0.0000000000000000E+00  0.0000000000000000E+00  0.0000000000000000E+00  0.0000000000000000E+00  0.0000000000000000E+00  0.0000000000000000E+00  0.0000000000000000E+00  0.0000000000000000E+00  0.0000000000000000E+00  0.0000000000000000E+00  0.0000000000000000E+00  0.0000000000000000E+00 
             g = 11 )   3.0539366050141275E-03  4.4709879721183225E-03  3.2116052530964658E-03  0.0000000000000000E+00  0.0000000000000000E+00  0.0000000000000000E+00  0.0000000000000000E+00  4.9629074598563423E-07  0.0000000000000000E+00  0.0000000000000000E+00  0.0000000000000000E+00  0.0000000000000000E+00  0.0000000000000000E+00  0.0000000000000000E+00  0.0000000000000000E+00  0.0000000000000000E+00  0.0000000000000000E+00  0.0000000000000000E+00  0.0000000000000000E+00  0.0000000000000000E+00  0.0000000000000000E+00  0.0000000000000000E+00  0.0000000000000000E+00  0.0000000000000000E+00  0.0000000000000000E+00 
             g = 12 )   2.4448715924406230E-03  3.4118019657582719E-03  5.1057051696536526E-03  1.8833659421491769E-03  0.0000000000000000E+00  0.0000000000000000E+00  0.0000000000000000E+00  9.9903861174799269E-08  3.7726119493589144E-07  0.0000000000000000E+00  0.0000000000000000E+00  0.0000000000000000E+00  0.0000000000000000E+00  0.0000000000000000E+00  0.0000000000000000E+00  0.0000000000000000E+00  0.0000000000000000E+00  0.0000000000000000E+00  0.0000000000000000E+00  0.0000000000000000E+00  0.0000000000000000E+00  0.0000000000000000E+00  0.0000000000000000E+00  0.0000000000000000E+00  0.0000000000000000E+00 
             g = 13 )   1.9977384119055593E-03  2.6851114885410592E-03  3.8462600827745786E-03  5.3645136489030385E-03  7.9876324773059870E-04  0.0000000000000000E+00  0.0000000000000000E+00  0.0000000000000000E+00  2.7243954047162699E-07  1.7789170019985593E-07  0.0000000000000000E+00  0.0000000000000000E+00  0.0000000000000000E+00  0.0000000000000000E+00  0.0000000000000000E+00  0.0000000000000000E+00  0.0000000000000000E+00  0.0000000000000000E+00  0.0000000000000000E+00  0.0000000000000000E+00  0.0000000000000000E+00  0.0000000000000000E+00  0.0000000000000000E+00  0.0000000000000000E+00  0.0000000000000000E+00 
             g = 14 )   1.6551008410665444E-03  2.1625801581148388E-03  2.9691335818602788E-03  4.3811727160311025E-03  5.0264631241770360E-03  1.4218872782861681E-04  0.0000000000000000E+00  0.0000000000000000E+00  0.0000000000000000E+00  4.1260701067528431E-07  0.0000000000000000E+00  0.0000000000000000E+00  0.0000000000000000E+00  0.0000000000000000E+00  0.0000000000000000E+00  0.0000000000000000E+00  0.0000000000000000E+00  0.0000000000000000E+00  0.0000000000000000E+00  0.0000000000000000E+00  0.0000000000000000E+00  0.0000000000000000E+00  0.0000000000000000E+00  0.0000000000000000E+00  0.0000000000000000E+00 
             g = 15 )   1.3811117395198331E-03  1.7690903551156603E-03  2.3527174437944316E-03  3.3087613045924263E-03  5.0501525140027948E-03  3.9548923004954486E-03  0.0000000000000000E+00  0.0000000000000000E+00  0.0000000000000000E+00  6.0750776367470485E-09  3.5486383847874079E-07  0.0000000000000000E+00  0.0000000000000000E+00  0.0000000000000000E+00  0.0000000000000000E+00  0.0000000000000000E+00  0.0000000000000000E+00  0.0000000000000000E+00  0.0000000000000000E+00  0.0000000000000000E+00  0.0000000000000000E+00  0.0000000000000000E+00  0.0000000000000000E+00  0.0000000000000000E+00  0.0000000000000000E+00 
             g = 16 )   1.1526518142294104E-03  1.4587097533316047E-03  1.8974390706834015E-03  2.5739626387657174E-03  3.7200524557664608E-03  5.8673487698342099E-03  2.4855708905702455E-03  0.0000000000000000E+00  0.0000000000000000E+00  0.0000000000000000E+00  1.1643942240468826E-07  1.7332650582124694E-07  0.0000000000000000E+00  0.0000000000000000E+00  0.0000000000000000E+00  0.0000000000000000E+00  0.0000000000000000E+00  0.0000000000000000E+00  0.0000000000000000E+00  0.0000000000000000E+00  0.0000000000000000E+00  0.0000000000000000E+00  0.0000000000000000E+00  0.0000000000000000E+00  0.0000000000000000E+00 
             g = 17 )   9.5441696145700606E-04  1.2023563097121799E-03  1.5437415174142652E-03  2.0428379628057588E-03  2.8339073480031889E-03  4.2252001931084512E-03  6.3638561614745319E-03  1.1993566844260160E-03  0.0000000000000000E+00  0.0000000000000000E+00  0.0000000000000000E+00  1.5547445915102619E-07  3.7147269082304065E-08  0.0000000000000000E+00  0.0000000000000000E+00  0.0000000000000000E+00  0.0000000000000000E+00  0.0000000000000000E+00  0.0000000000000000E+00  0.0000000000000000E+00  0.0000000000000000E+00  0.0000000000000000E+00  0.0000000000000000E+00  0.0000000000000000E+00  0.0000000000000000E+00 
             g = 18 )   7.7607750086435706E-04  9.8110951382075567E-04  1.2546572430187676E-03  1.6371635452275006E-03  2.2086375546362725E-03  3.1426044402518283E-03  4.8554706273980135E-03  6.2652591163860141E-03  3.2886392660639056E-04  0.0000000000000000E+00  0.0000000000000000E+00  0.0000000000000000E+00  5.9381963247367793E-08  0.0000000000000000E+00  0.0000000000000000E+00  0.0000000000000000E+00  0.0000000000000000E+00  0.0000000000000000E+00  0.0000000000000000E+00  0.0000000000000000E+00  0.0000000000000000E+00  0.0000000000000000E+00  0.0000000000000000E+00  0.0000000000000000E+00  0.0000000000000000E+00 
             g = 19 )   6.1057781852261541E-04  7.8241651359392962E-04  1.0065807780987761E-03  1.3094132020342105E-03  1.7400507116567797E-03  2.3990424734891165E-03  3.5135658873293001E-03  5.6558505450522659E-03  5.3866020421520352E-03  0.0000000000000000E+00  0.0000000000000000E+00  0.0000000000000000E+00 -2.5336006603704930E-08 -9.8721953635867055E-08  0.0000000000000000E+00  0.0000000000000000E+00  0.0000000000000000E+00  0.0000000000000000E+00  0.0000000000000000E+00  0.0000000000000000E+00  0.0000000000000000E+00  0.0000000000000000E+00  0.0000000000000000E+00  0.0000000000000000E+00  0.0000000000000000E+00 
             g = 20 )   4.5309061940096180E-04  5.9786028998374760E-04  7.8414186492873597E-04  1.0298467409783894E-03  1.3662913992180943E-03  1.8535882672024960E-03  2.6193701988769802E-03  3.9652489279052234E-03  6.6925939780188770E-03  3.8554751382476921E-03  0.0000000000000000E+00  0.0000000000000000E+00  0.0000000000000000E+00 -2.2594620102238064E-07 -1.5274988987310055E-07  0.0000000000000000E+00  0.0000000000000000E+00  0.0000000000000000E+00  0.0000000000000000E+00  0.0000000000000000E+00  0.0000000000000000E+00  0.0000000000000000E+00  0.0000000000000000E+00  0.0000000000000000E+00  0.0000000000000000E+00 
             g = 21 )   3.0036173929140784E-04  4.2180925721581623E-04  5.7724479205898760E-04  7.7949309777416184E-04  1.0494934381603779E-03  1.4246545822447019E-03  1.9790397195949489E-03  2.8763950611203656E-03  4.5233123121221777E-03  7.6730023514055652E-03  2.2672898512910342E-03  0.0000000000000000E+00  0.0000000000000000E+00  0.0000000000000000E+00 -7.3579388000438323E-07  0.0000000000000000E+00  0.0000000000000000E+00  0.0000000000000000E+00  0.0000000000000000E+00  0.0000000000000000E+00  0.0000000000000000E+00  0.0000000000000000E+00  0.0000000000000000E+00  0.0000000000000000E+00  0.0000000000000000E+00 
             g = 22 )   1.5029715166058573E-04  2.5058522980343529E-04  3.7930812128211220E-04  5.4617779503242294E-04  7.6604324902415210E-04  1.0634782179578673E-03  1.4833816661283560E-03  2.1176678947081359E-03  3.1788028044025351E-03  5.2241126462502152E-03  8.1590161509257630E-03  1.0236048228048976E-03  0.0000000000000000E+00  0.0000000000000000E+00 -2.0034531073927924E-08 -1.2233573702052140E-06  0.0000000000000000E+00  0.0000000000000000E+00  0.0000000000000000E+00  0.0000000000000000E+00  0.0000000000000000E+00  0.0000000000000000E+00  0.0000000000000000E+00  0.0000000000000000E+00  0.0000000000000000E+00 
             g = 23 )   1.7069031348110866E-06  8.1949346637295308E-05  1.8619985585558417E-04  3.2220534340717417E-04  5.0118381258305801E-04  7.4040617081137751E-04  1.0688255770018474E-03  1.5405794205902992E-03  2.2705668032620327E-03  3.5377813602570662E-03  6.1202424754200555E-03  7.9979559790587431E-03  2.2489385583888971E-04  0.0000000000000000E+00  0.0000000000000000E+00 -7.7103300516598562E-07 -1.2067490080652229E-06  0.0000000000000000E+00  0.0000000000000000E+00  0.0000000000000000E+00  0.0000000000000000E+00  0.0000000000000000E+00  0.0000000000000000E+00  0.0000000000000000E+00  0.0000000000000000E+00 
             g = 24 )  -1.4584318621448154E-04 -8.5207037544947334E-05 -4.4053799869762633E-06  1.0298562288960188E-04  2.4593072822945211E-04  4.3746838179274363E-04  6.9779104284358102E-04  1.0611519690646740E-03  1.5931113507636617E-03  2.4383243973278156E-03  3.9677602801979055E-03  7.2895089115340688E-03  6.9848100711937316E-03  0.0000000000000000E+00  0.0000000000000000E+00  0.0000000000000000E+00 -2.4436703076856549E-06 -6.1885632410985952E-07  0.0000000000000000E+00  0.0000000000000000E+00  0.0000000000000000E+00  0.0000000000000000E+00  0.0000000000000000E+00  0.0000000000000000E+00  0.0000000000000000E+00 
             g = 25 )  -2.9209917153059001E-04 -2.5102986237805211E-04 -1.9339795649595611E-04 -1.1377271527937289E-04 -4.7138626624262144E-06  1.4422767924185729E-04  3.4831741217541436E-04  6.3130927380632899E-04  1.0339057253241986E-03  1.6358122970900569E-03  2.6203632604027355E-03  4.4872592835068443E-03  8.8363312981806757E-03  5.3682451421273297E-03  0.0000000000000000E+00  0.0000000000000000E+00  0.0000000000000000E+00 -4.7036175947457492E-06  0.0000000000000000E+00  0.0000000000000000E+00  0.0000000000000000E+00  0.0000000000000000E+00  0.0000000000000000E+00  0.0000000000000000E+00  0.0000000000000000E+00 
             g = 26 )  -4.3611801357654585E-04 -4.1476108471100512E-04 -3.8041521235909656E-04 -3.2850437281590388E-04 -2.5277475771176675E-04 -1.4456035824617308E-04  8.4126838282429292E-06  2.2417117019296587E-04  5.3086988830049154E-04  9.7711790914189458E-04  1.6601468988011454E-03  2.8136606745751743E-03  5.1196502131950726E-03  1.0388234024964835E-02  3.7550715123069885E-03  0.0000000000000000E+00  0.0000000000000000E+00 -1.3922134812645670E-06 -5.8725715103450191E-06  0.0000000000000000E+00  0.0000000000000000E+00  0.0000000000000000E+00  0.0000000000000000E+00  0.0000000000000000E+00  0.0000000000000000E+00 
             g = 27 )  -5.7619734757939536E-04 -5.7469951608043882E-04 -5.6387186383014681E-04 -5.3996911553923026E-04 -4.9781774237671469E-04 -4.3021734950495551E-04 -3.2703296426333308E-04 -1.7373635428294588E-04  5.1169850372064029E-05  3.8137256666665381E-04  8.7528442338377231E-04  1.6518491164221670E-03  3.0102504352004004E-03  5.8932070222919748E-03  1.1704224545361960E-02  2.4064176446368176E-03  0.0000000000000000E+00  0.0000000000000000E+00 -6.5553886337871025E-06 -4.8643114770693586E-06  0.0000000000000000E+00  0.0000000000000000E+00  0.0000000000000000E+00  0.0000000000000000E+00  0.0000000000000000E+00 
             g = 28 )  -7.0972091135208435E-04 -7.2805406326114123E-04 -7.4084325247945643E-04 -7.4521282032504377E-04 -7.3709363959025410E-04 -7.1070998662480617E-04 -6.5782094067812441E-04 -5.6656950466909683E-04 -4.1965393380385063E-04 -1.9116858282316280E-04  1.5966976811671014E-04  7.0364469737049177E-04  1.5866139768928780E-03  3.1922705622615785E-03  6.8386717852433844E-03  1.2791294108677078E-02  1.3578051048800271E-03  0.0000000000000000E+00  0.0000000000000000E+00 -1.8496712458026498E-05  0.0000000000000000E+00  0.0000000000000000E+00  0.0000000000000000E+00  0.0000000000000000E+00  0.0000000000000000E+00 
             g = 29 )  -8.3288220044727787E-04 -8.7065206024719371E-04 -9.0676883995186735E-04 -9.3929139691058489E-04 -9.6534092550259955E-04 -9.8066613188384937E-04 -9.7899527543180418E-04 -9.5105972387398991E-04 -8.8309640825066915E-04 -7.5447569020593104E-04 -5.3369250166620456E-04 -1.7067872586730003E-04  4.2137514395975138E-04  1.4218668978789074E-03  3.3218874646788457E-03  7.9795211324619458E-03  1.3714631164419891E-02  6.3402488871294944E-04  0.0000000000000000E+00 -4.3844737375803664E-07 -3.0869118186078442E-05  0.0000000000000000E+00  0.0000000000000000E+00  0.0000000000000000E+00  0.0000000000000000E+00 
             g = 30 )  -9.4020541921163963E-04 -9.9641531356203599E-04 -1.0548837295998030E-03 -1.1146657253145911E-03 -1.1741698387530335E-03 -1.2308158835441514E-03 -1.2805102563782885E-03 -1.3168358820349682E-03 -1.3297912280283977E-03 -1.3038050197780786E-03 -1.2145491727344182E-03 -1.0236063173444557E-03 -6.6865451004566724E-04 -4.1408395728993452E-05  1.0801166000786050E-03  3.3199628852735824E-03  9.3019823077846106E-03  1.4673627650941818E-02  2.2886401196514140E-04  0.0000000000000000E+00 -1.9690143574242847E-05 -3.6798778699547764E-05  0.0000000000000000E+00  0.0000000000000000E+00  0.0000000000000000E+00 
             g = 31 )  -1.0236825521056042E-03 -1.0964039878061161E-03 -1.1751580397246250E-03 -1.2600269858102655E-03 -1.3507711146067440E-03 -1.4466008804031028E-03 -1.5458089408014956E-03 -1.6451741486114913E-03 -1.7389915050542253E-03 -1.8174835209490070E-03 -1.8641785482392730E-03 -1.8515373601874889E-03 -1.7335029610549436E-03 -1.4321017821763669E-03 -8.0948786462200356E-04  4.1286169001895277E-04  3.0180059413224872E-03  1.0669823517818278E-02  1.6153108383145345E-02  8.0141658789893125E-05  0.0000000000000000E+00 -8.5067579149511094E-05 -2.7056313376383640E-05  0.0000000000000000E+00  0.0000000000000000E+00 
             g = 32 )  -1.0710730475230793E-03 -1.1569253385404466E-03 -1.2521841068490545E-03 -1.3579270597431764E-03 -1.4752508403629064E-03 -1.6051762021183468E-03 -1.7484702940766929E-03 -1.9053238113877146E-03 -2.0747733410282246E-03 -2.2536738838511172E-03 -2.4348714879537424E-03 -2.6039419132772449E-03 -2.7333356898087764E-03 -2.7717705173548285E-03 -2.6246036628698940E-03 -2.1148064090221142E-03 -8.8391196497437669E-04  2.0387206598901533E-03  1.1587946561973306E-02  1.9147464650372859E-02  1.3194468329328360E-04  0.0000000000000000E+00 -2.5799684564300433E-04  0.0000000000000000E+00  0.0000000000000000E+00 
             g = 33 )  -1.0619983626791619E-03 -1.1551897551812780E-03 -1.2603192474348623E-03 -1.3793167753342519E-03 -1.5144528861952831E-03 -1.6683823263168712E-03 -1.8441720569601242E-03 -2.0452877116032002E-03 -2.2754859420693048E-03 -2.5385074850336462E-03 -2.8373605949417904E-03 -3.1727717337930658E-03 -3.5399446776448510E-03 -3.9218666150864267E-03 -4.2755126878267760E-03 -4.5032956440789317E-03 -4.3929190715768359E-03 -3.4782296507368609E-03 -5.4874061715811686E-04  1.0533325435628496E-02  2.4994101057426252E-02  1.1041875723607239E-03 -9.5437283935284695E-05 -6.7132192248734043E-04  0.0000000000000000E+00 
             g = 34 )  -9.5615564203389933E-04 -1.0462243267206691E-03 -1.1490775159406757E-03 -1.2671423954209410E-03 -1.4034197069588250E-03 -1.5616427177433695E-03 -1.7464841615687768E-03 -1.9638244428780037E-03 -2.2210949643725309E-03 -2.5277056359724929E-03 -2.8955458693458759E-03 -3.3394897191390133E-03 -3.8776782899643601E-03 -4.5309436562475354E-03 -5.3196837377625589E-03 -6.2537542248848133E-03 -7.3037094879935217E-03 -8.3223565234136453E-03 -8.8313671154023558E-03 -7.3724720233101634E-03  2.7265438162177814E-03  3.1297072355771990E-02  9.1559573656700421E-03 -1.4306515381416842E-03 -2.6349214725865633E-03 
             g = 35 )  -6.1862291624886301E-04 -6.8019385909170343E-04 -7.5114503538951851E-04 -8.3343091632777898E-04 -9.2953006028549201E-04 -1.0426191889069047E-03 -1.1768170030866686E-03 -1.3375307614526273E-03 -1.5319568079705053E-03 -1.7698158069722233E-03 -2.0644524299416795E-03 -2.4345117090534768E-03 -2.9065449315655314E-03 -3.5191391692189016E-03 -4.3295732317754302E-03 -5.4246563976013996E-03 -6.9382480263229336E-03 -9.0779873794450770E-03 -1.2156983389231414E-02 -1.6581437273888430E-02 -2.2501636404616155E-02 -2.7133356742333071E-02 -2.9663471073693142E-03  1.1819548478053617E-02 -1.9750428073253183E+00 
 
          ell = 4
 
             g'=         1                       2                       3                       4                       5                       6                       7                       8                       9                       10                      11                      12                      13                      14                      15                      16                      17                      18                      19                      20                      21                      22                      23                      24                      25                     
                        ‾‾‾‾‾‾                  ‾‾‾‾‾‾                  ‾‾‾‾‾‾                  ‾‾‾‾‾‾                  ‾‾‾‾‾‾                  ‾‾‾‾‾‾                  ‾‾‾‾‾‾                  ‾‾‾‾‾‾                  ‾‾‾‾‾‾                  ‾‾‾‾‾‾                  ‾‾‾‾‾‾                  ‾‾‾‾‾‾                  ‾‾‾‾‾‾                  ‾‾‾‾‾‾                  ‾‾‾‾‾‾                  ‾‾‾‾‾‾                  ‾‾‾‾‾‾                  ‾‾‾‾‾‾                  ‾‾‾‾‾‾                  ‾‾‾‾‾‾                  ‾‾‾‾‾‾                  ‾‾‾‾‾‾                  ‾‾‾‾‾‾                  ‾‾‾‾‾‾                  ‾‾‾‾‾‾                  
             g =  1 )   1.5288780655578943E-07  0.0000000000000000E+00  0.0000000000000000E+00  0.0000000000000000E+00  0.0000000000000000E+00  0.0000000000000000E+00  0.0000000000000000E+00  0.0000000000000000E+00  0.0000000000000000E+00  0.0000000000000000E+00  0.0000000000000000E+00  0.0000000000000000E+00  0.0000000000000000E+00  0.0000000000000000E+00  0.0000000000000000E+00  0.0000000000000000E+00  0.0000000000000000E+00  0.0000000000000000E+00  0.0000000000000000E+00  0.0000000000000000E+00  0.0000000000000000E+00  0.0000000000000000E+00  0.0000000000000000E+00  0.0000000000000000E+00  0.0000000000000000E+00 
             g =  2 )   5.9037069879099940E-08  8.4798430577029523E-08  0.0000000000000000E+00  0.0000000000000000E+00  0.0000000000000000E+00  0.0000000000000000E+00  0.0000000000000000E+00  0.0000000000000000E+00  0.0000000000000000E+00  0.0000000000000000E+00  0.0000000000000000E+00  0.0000000000000000E+00  0.0000000000000000E+00  0.0000000000000000E+00  0.0000000000000000E+00  0.0000000000000000E+00  0.0000000000000000E+00  0.0000000000000000E+00  0.0000000000000000E+00  0.0000000000000000E+00  0.0000000000000000E+00  0.0000000000000000E+00  0.0000000000000000E+00  0.0000000000000000E+00  0.0000000000000000E+00 
             g =  3 )   0.0000000000000000E+00  1.0583854290551524E-07  2.4345780677711006E-08  0.0000000000000000E+00  0.0000000000000000E+00  0.0000000000000000E+00  0.0000000000000000E+00  0.0000000000000000E+00  0.0000000000000000E+00  0.0000000000000000E+00  0.0000000000000000E+00  0.0000000000000000E+00  0.0000000000000000E+00  0.0000000000000000E+00  0.0000000000000000E+00  0.0000000000000000E+00  0.0000000000000000E+00  0.0000000000000000E+00  0.0000000000000000E+00  0.0000000000000000E+00  0.0000000000000000E+00  0.0000000000000000E+00  0.0000000000000000E+00  0.0000000000000000E+00  0.0000000000000000E+00 
             g =  4 )   0.0000000000000000E+00  0.0000000000000000E+00  1.1446470917334013E-07  0.0000000000000000E+00  0.0000000000000000E+00  0.0000000000000000E+00  0.0000000000000000E+00  0.0000000000000000E+00  0.0000000000000000E+00  0.0000000000000000E+00  0.0000000000000000E+00  0.0000000000000000E+00  0.0000000000000000E+00  0.0000000000000000E+00  0.0000000000000000E+00  0.0000000000000000E+00  0.0000000000000000E+00  0.0000000000000000E+00  0.0000000000000000E+00  0.0000000000000000E+00  0.0000000000000000E+00  0.0000000000000000E+00  0.0000000000000000E+00  0.0000000000000000E+00  0.0000000000000000E+00 
             g =  5 )   0.0000000000000000E+00  0.0000000000000000E+00  2.0375715000783669E-08  7.5739198046789760E-08  0.0000000000000000E+00  0.0000000000000000E+00  0.0000000000000000E+00  0.0000000000000000E+00  0.0000000000000000E+00  0.0000000000000000E+00  0.0000000000000000E+00  0.0000000000000000E+00  0.0000000000000000E+00  0.0000000000000000E+00  0.0000000000000000E+00  0.0000000000000000E+00  0.0000000000000000E+00  0.0000000000000000E+00  0.0000000000000000E+00  0.0000000000000000E+00  0.0000000000000000E+00  0.0000000000000000E+00  0.0000000000000000E+00  0.0000000000000000E+00  0.0000000000000000E+00 
             g =  6 )   0.0000000000000000E+00  0.0000000000000000E+00  0.0000000000000000E+00  4.5523403201660297E-08  2.9221069991417511E-08  0.0000000000000000E+00  0.0000000000000000E+00  0.0000000000000000E+00  0.0000000000000000E+00  0.0000000000000000E+00  0.0000000000000000E+00  0.0000000000000000E+00  0.0000000000000000E+00  0.0000000000000000E+00  0.0000000000000000E+00  0.0000000000000000E+00  0.0000000000000000E+00  0.0000000000000000E+00  0.0000000000000000E+00  0.0000000000000000E+00  0.0000000000000000E+00  0.0000000000000000E+00  0.0000000000000000E+00  0.0000000000000000E+00  0.0000000000000000E+00 
             g =  7 )   0.0000000000000000E+00  0.0000000000000000E+00  0.0000000000000000E+00  0.0000000000000000E+00  4.9855733902866061E-08  0.0000000000000000E+00  0.0000000000000000E+00  0.0000000000000000E+00  0.0000000000000000E+00  0.0000000000000000E+00  0.0000000000000000E+00  0.0000000000000000E+00  0.0000000000000000E+00  0.0000000000000000E+00  0.0000000000000000E+00  0.0000000000000000E+00  0.0000000000000000E+00  0.0000000000000000E+00  0.0000000000000000E+00  0.0000000000000000E+00  0.0000000000000000E+00  0.0000000000000000E+00  0.0000000000000000E+00  0.0000000000000000E+00  0.0000000000000000E+00 
             g =  8 )   1.6049597852517670E-03  0.0000000000000000E+00  0.0000000000000000E+00  0.0000000000000000E+00  3.5533899314653801E-10  2.0319452600261366E-08  0.0000000000000000E+00  0.0000000000000000E+00  0.0000000000000000E+00  0.0000000000000000E+00  0.0000000000000000E+00  0.0000000000000000E+00  0.0000000000000000E+00  0.0000000000000000E+00  0.0000000000000000E+00  0.0000000000000000E+00  0.0000000000000000E+00  0.0000000000000000E+00  0.0000000000000000E+00  0.0000000000000000E+00  0.0000000000000000E+00  0.0000000000000000E+00  0.0000000000000000E+00  0.0000000000000000E+00  0.0000000000000000E+00 
             g =  9 )   4.5015315731670750E-03  6.4954697425846945E-04  0.0000000000000000E+00  0.0000000000000000E+00  0.0000000000000000E+00 -5.5450637372806578E-09 -8.0652086736885197E-09  0.0000000000000000E+00  0.0000000000000000E+00  0.0000000000000000E+00  0.0000000000000000E+00  0.0000000000000000E+00  0.0000000000000000E+00  0.0000000000000000E+00  0.0000000000000000E+00  0.0000000000000000E+00  0.0000000000000000E+00  0.0000000000000000E+00  0.0000000000000000E+00  0.0000000000000000E+00  0.0000000000000000E+00  0.0000000000000000E+00  0.0000000000000000E+00  0.0000000000000000E+00  0.0000000000000000E+00 
             g = 10 )   3.6306411221462397E-03  4.1523529136113010E-03  9.5554007686990367E-05  0.0000000000000000E+00  0.0000000000000000E+00  0.0000000000000000E+00 -4.3863868497605512E-08 -1.0222048730735753E-08  0.0000000000000000E+00  0.0000000000000000E+00  0.0000000000000000E+00  0.0000000000000000E+00  0.0000000000000000E+00  0.0000000000000000E+00  0.0000000000000000E+00  0.0000000000000000E+00  0.0000000000000000E+00  0.0000000000000000E+00  0.0000000000000000E+00  0.0000000000000000E+00  0.0000000000000000E+00  0.0000000000000000E+00  0.0000000000000000E+00  0.0000000000000000E+00  0.0000000000000000E+00 
             g = 11 )   2.6690112954795473E-03  4.1936884531069644E-03  3.1521255050327201E-03  0.0000000000000000E+00  0.0000000000000000E+00  0.0000000000000000E+00  0.0000000000000000E+00 -1.0214421704166051E-07  0.0000000000000000E+00  0.0000000000000000E+00  0.0000000000000000E+00  0.0000000000000000E+00  0.0000000000000000E+00  0.0000000000000000E+00  0.0000000000000000E+00  0.0000000000000000E+00  0.0000000000000000E+00  0.0000000000000000E+00  0.0000000000000000E+00  0.0000000000000000E+00  0.0000000000000000E+00  0.0000000000000000E+00  0.0000000000000000E+00  0.0000000000000000E+00  0.0000000000000000E+00 
             g = 12 )   1.9942824286848532E-03  3.0139765441559259E-03  4.8548901745545849E-03  1.8566875015811519E-03  0.0000000000000000E+00  0.0000000000000000E+00  0.0000000000000000E+00 -3.3372462567728423E-08 -1.2602250762086051E-07  0.0000000000000000E+00  0.0000000000000000E+00  0.0000000000000000E+00  0.0000000000000000E+00  0.0000000000000000E+00  0.0000000000000000E+00  0.0000000000000000E+00  0.0000000000000000E+00  0.0000000000000000E+00  0.0000000000000000E+00  0.0000000000000000E+00  0.0000000000000000E+00  0.0000000000000000E+00  0.0000000000000000E+00  0.0000000000000000E+00  0.0000000000000000E+00 
             g = 13 )   1.4975110225229702E-03  2.2072842030105618E-03  3.4389608515965936E-03  5.1565169355800283E-03  7.9110243523345433E-04  0.0000000000000000E+00  0.0000000000000000E+00  0.0000000000000000E+00 -1.3805818556414246E-07 -9.0146258924079449E-08  0.0000000000000000E+00  0.0000000000000000E+00  0.0000000000000000E+00  0.0000000000000000E+00  0.0000000000000000E+00  0.0000000000000000E+00  0.0000000000000000E+00  0.0000000000000000E+00  0.0000000000000000E+00  0.0000000000000000E+00  0.0000000000000000E+00  0.0000000000000000E+00  0.0000000000000000E+00  0.0000000000000000E+00  0.0000000000000000E+00 
             g = 14 )   1.1144727393344750E-03  1.6263881037826648E-03  2.4626594675533141E-03  3.9704459307674739E-03  4.8735908856280211E-03  1.4159007940667522E-04  0.0000000000000000E+00  0.0000000000000000E+00  0.0000000000000000E+00 -3.1118105661943930E-07  0.0000000000000000E+00  0.0000000000000000E+00  0.0000000000000000E+00  0.0000000000000000E+00  0.0000000000000000E+00  0.0000000000000000E+00  0.0000000000000000E+00  0.0000000000000000E+00  0.0000000000000000E+00  0.0000000000000000E+00  0.0000000000000000E+00  0.0000000000000000E+00  0.0000000000000000E+00  0.0000000000000000E+00  0.0000000000000000E+00 
             g = 15 )   8.0593506771614468E-04  1.1865966045701650E-03  1.7767791141227373E-03  2.7726388311152326E-03  4.6463202005028207E-03  3.8599544640519888E-03  0.0000000000000000E+00  0.0000000000000000E+00  0.0000000000000000E+00 -6.9412589243470866E-09 -4.0546013286631262E-07  0.0000000000000000E+00  0.0000000000000000E+00  0.0000000000000000E+00  0.0000000000000000E+00  0.0000000000000000E+00  0.0000000000000000E+00  0.0000000000000000E+00  0.0000000000000000E+00  0.0000000000000000E+00  0.0000000000000000E+00  0.0000000000000000E+00  0.0000000000000000E+00  0.0000000000000000E+00  0.0000000000000000E+00 
             g = 16 )   5.4733023712917150E-04  8.3729301725683400E-04  1.2680289647066135E-03  1.9539912594467765E-03  3.1540818463869878E-03  5.4877341208154889E-03  2.4384722585385271E-03  0.0000000000000000E+00  0.0000000000000000E+00  0.0000000000000000E+00 -2.1545028438732308E-07 -3.2070963767976482E-07  0.0000000000000000E+00  0.0000000000000000E+00  0.0000000000000000E+00  0.0000000000000000E+00  0.0000000000000000E+00  0.0000000000000000E+00  0.0000000000000000E+00  0.0000000000000000E+00  0.0000000000000000E+00  0.0000000000000000E+00  0.0000000000000000E+00  0.0000000000000000E+00  0.0000000000000000E+00 
             g = 17 )   3.2306944757202338E-04  5.4742780783483957E-04  8.7027633808053157E-04  1.3605704122637845E-03  2.1650515704804574E-03  3.6306646472542975E-03  6.0316784505347705E-03  1.1828690460204225E-03  0.0000000000000000E+00  0.0000000000000000E+00  0.0000000000000000E+00 -5.5662391737186158E-07 -1.3299328101327088E-07  0.0000000000000000E+00  0.0000000000000000E+00  0.0000000000000000E+00  0.0000000000000000E+00  0.0000000000000000E+00  0.0000000000000000E+00  0.0000000000000000E+00  0.0000000000000000E+00  0.0000000000000000E+00  0.0000000000000000E+00  0.0000000000000000E+00  0.0000000000000000E+00 
             g = 18 )   1.2328079095991369E-04  2.9770938165325002E-04  5.4384569337906797E-04  9.0477850229795840E-04  1.4664659145620866E-03  2.4194004093134780E-03  4.2363219576248209E-03  6.0013494830870370E-03  3.2638899589884374E-04  0.0000000000000000E+00  0.0000000000000000E+00  0.0000000000000000E+00 -8.8104157437753735E-07  0.0000000000000000E+00  0.0000000000000000E+00  0.0000000000000000E+00  0.0000000000000000E+00  0.0000000000000000E+00  0.0000000000000000E+00  0.0000000000000000E+00  0.0000000000000000E+00  0.0000000000000000E+00  0.0000000000000000E+00  0.0000000000000000E+00  0.0000000000000000E+00 
             g = 19 )  -5.8125490031082854E-05  7.6211339871271595E-05  2.6464287631306605E-04  5.3530987251057408E-04  9.4054633841636763E-04  1.5885318127806659E-03  2.7299221670785355E-03  5.0208001117413035E-03  5.2029058658326867E-03  0.0000000000000000E+00  0.0000000000000000E+00  0.0000000000000000E+00 -2.2930276364415462E-07 -8.9348006397125466E-07  0.0000000000000000E+00  0.0000000000000000E+00  0.0000000000000000E+00  0.0000000000000000E+00  0.0000000000000000E+00  0.0000000000000000E+00  0.0000000000000000E+00  0.0000000000000000E+00  0.0000000000000000E+00  0.0000000000000000E+00  0.0000000000000000E+00 
             g = 20 )  -2.2463405035111472E-04 -1.2418701465676329E-04  1.8165266695559845E-05  2.2177475483599693E-04  5.2008431775363610E-04  9.7708716444924347E-04  1.7303203496679942E-03  3.1145065483835512E-03  6.0588661953500933E-03  3.7472244597065640E-03  0.0000000000000000E+00  0.0000000000000000E+00  0.0000000000000000E+00 -8.5450819127225640E-07 -5.7768633206437722E-07  0.0000000000000000E+00  0.0000000000000000E+00  0.0000000000000000E+00  0.0000000000000000E+00  0.0000000000000000E+00  0.0000000000000000E+00  0.0000000000000000E+00  0.0000000000000000E+00  0.0000000000000000E+00  0.0000000000000000E+00 
             g = 21 )  -3.7785251237344594E-04 -3.0733223511380706E-04 -2.0392283864449133E-04 -5.3579636196896328E-05  1.6634345883347176E-04  4.9577806160129188E-04  1.0135183971758980E-03  1.8963297262060189E-03  3.5984625026205066E-03  7.0696826788558065E-03  2.2159782619081288E-03  0.0000000000000000E+00  0.0000000000000000E+00  0.0000000000000000E+00 -1.8328650970925843E-06  0.0000000000000000E+00  0.0000000000000000E+00  0.0000000000000000E+00  0.0000000000000000E+00  0.0000000000000000E+00  0.0000000000000000E+00  0.0000000000000000E+00  0.0000000000000000E+00  0.0000000000000000E+00  0.0000000000000000E+00 
             g = 22 )  -5.1796393474160137E-04 -4.7472870074583809E-04 -4.0580357380208022E-04 -3.0050761071903523E-04 -1.4255228028329562E-04  9.4669054539737389E-05  4.5905900428658188E-04  1.0483213918529861E-03  2.0922640234694923E-03  4.2183334266378538E-03  7.6186438020952683E-03  1.0072189231563552E-03  0.0000000000000000E+00  0.0000000000000000E+00 -3.8026450194641670E-08 -2.3219878686801624E-06  0.0000000000000000E+00  0.0000000000000000E+00  0.0000000000000000E+00  0.0000000000000000E+00  0.0000000000000000E+00  0.0000000000000000E+00  0.0000000000000000E+00  0.0000000000000000E+00  0.0000000000000000E+00 
             g = 23 )  -6.4400397101127777E-04 -6.2610756943659389E-04 -5.8870931341143957E-04 -5.2344094956716352E-04 -4.1798478093297751E-04 -2.5337053073705402E-04  1.7896082955264398E-06  4.0522265201733683E-04  1.0789333144241155E-03  2.3253338149890859E-03  5.0280707716466987E-03  7.5499156734571979E-03  2.2311461573546457E-04  0.0000000000000000E+00  0.0000000000000000E+00 -1.1956003802225216E-06 -1.8712422985904884E-06  0.0000000000000000E+00  0.0000000000000000E+00  0.0000000000000000E+00  0.0000000000000000E+00  0.0000000000000000E+00  0.0000000000000000E+00  0.0000000000000000E+00  0.0000000000000000E+00 
             g = 24 )  -7.5402207583602043E-04 -7.5976747092452708E-04 -7.5164342682114893E-04 -7.2305889346718820E-04 -6.6444066881348916E-04 -5.6152989861543777E-04 -3.9213478949302628E-04 -1.1907064948450211E-04  3.2753117822480909E-04  1.1010603169391473E-03  2.6045499536645625E-03  6.1092777745267585E-03  6.6466459394512517E-03  0.0000000000000000E+00  0.0000000000000000E+00  0.0000000000000000E+00 -3.2185500256262935E-06 -8.1509360389503221E-07  0.0000000000000000E+00  0.0000000000000000E+00  0.0000000000000000E+00  0.0000000000000000E+00  0.0000000000000000E+00  0.0000000000000000E+00  0.0000000000000000E+00 
             g = 25 )  -8.4516239565317797E-04 -8.7276553777864980E-04 -8.9180095179156721E-04 -8.9720827557125443E-04 -8.8157999202534562E-04 -8.3395906960312275E-04 -7.3778497684518093E-04 -5.6697725589926454E-04 -2.7728943652903309E-04  2.1618200424085280E-04  1.1075020548464510E-03  2.9408634562609623E-03  7.5751160840117088E-03  5.1363072530200560E-03  0.0000000000000000E+00  0.0000000000000000E+00  0.0000000000000000E+00 -5.3848250075810318E-06  0.0000000000000000E+00  0.0000000000000000E+00  0.0000000000000000E+00  0.0000000000000000E+00  0.0000000000000000E+00  0.0000000000000000E+00  0.0000000000000000E+00 
             g = 26 )  -9.1368575790625860E-04 -9.6100525901868922E-04 -1.0047942591426319E-03 -1.0414250424055000E-03 -1.0654202806776624E-03 -1.0685246187731037E-03 -1.0382278141974040E-03 -9.5525682290683418E-04 -7.8882145249770292E-04 -4.8602757293094231E-04  5.6667049105833730E-05  1.0861018626772115E-03  3.3467544554973742E-03  9.0635066596270741E-03  3.6105343762941272E-03  0.0000000000000000E+00  0.0000000000000000E+00 -1.4041266735375437E-06 -5.9228231955075555E-06  0.0000000000000000E+00  0.0000000000000000E+00  0.0000000000000000E+00  0.0000000000000000E+00  0.0000000000000000E+00  0.0000000000000000E+00 
             g = 27 )  -9.5494532024911923E-04 -1.0192486050366401E-03 -1.0847448572707385E-03 -1.1491990660224189E-03 -1.2089851564964175E-03 -1.2583457971903705E-03 -1.2882401908001931E-03 -1.2845004137884307E-03 -1.2247164083335367E-03 -1.0723999539821933E-03 -7.6401056093446194E-04 -1.7288976168107809E-04  1.0160983481510317E-03  3.8342512547979990E-03  1.0330730267546473E-02  2.3271505910205698E-03  0.0000000000000000E+00  0.0000000000000000E+00 -5.8633096810499878E-06 -4.3507663951674128E-06  0.0000000000000000E+00  0.0000000000000000E+00  0.0000000000000000E+00  0.0000000000000000E+00  0.0000000000000000E+00 
             g = 28 )  -9.6332267438062780E-04 -1.0410681262185855E-03 -1.1242767544520453E-03 -1.2120634060667898E-03 -1.3026112378669160E-03 -1.3926026321420186E-03 -1.4763181421725930E-03 -1.5441980662244457E-03 -1.5805049310124936E-03 -1.5593706537771472E-03 -1.4375004828128175E-03 -1.1381997194491640E-03 -5.0613732710735610E-04  8.6148727958907333E-04  4.4088074126602131E-03  1.1371754904674104E-02  1.3217346315010055E-03  0.0000000000000000E+00  0.0000000000000000E+00 -1.4685523519608460E-05  0.0000000000000000E+00  0.0000000000000000E+00  0.0000000000000000E+00  0.0000000000000000E+00  0.0000000000000000E+00 
             g = 29 )  -9.3212720909317316E-04 -1.0187471096819733E-03 -1.1144310575638473E-03 -1.2195540296208978E-03 -1.3340220729243964E-03 -1.4568836398217110E-03 -1.5856830188132110E-03 -1.7153872257671418E-03 -1.8366020227371840E-03 -1.9325820109159417E-03 -1.9741008034450946E-03 -1.9100777384413303E-03 -1.6476427776633566E-03 -9.9589496037387265E-04  5.5866107833480057E-04  5.0525525383075991E-03  1.2225078020059722E-02  6.2159977515416863E-04  0.0000000000000000E+00 -3.0750231621457537E-07 -2.1649862468919852E-05  0.0000000000000000E+00  0.0000000000000000E+00  0.0000000000000000E+00  0.0000000000000000E+00 
             g = 30 )  -8.5345854310128072E-04 -9.4313059631736162E-04 -1.0445113170438724E-03 -1.1590646821149819E-03 -1.2882292621376678E-03 -1.4332202702690962E-03 -1.5946590608433542E-03 -1.7718995216863978E-03 -1.9618229577510709E-03 -2.1567000991404473E-03 -2.3404066606840259E-03 -2.4816750119515023E-03 -2.5216487327230004E-03 -2.3482514774614497E-03 -1.7265623778694921E-03 -7.1474588525230428E-06  5.6805184486679516E-03  1.3033389239833028E-02  2.2593296656652620E-04  0.0000000000000000E+00 -1.2051535320757485E-05 -2.2523034409889591E-05  0.0000000000000000E+00  0.0000000000000000E+00  0.0000000000000000E+00 
             g = 31 )  -7.1802934938211256E-04 -8.0342605254777200E-04 -9.0186205010203116E-04 -1.0156078726126464E-03 -1.1472917321636482E-03 -1.2998872536130834E-03 -1.4766235031444684E-03 -1.6807365909469675E-03 -1.9149092739333255E-03 -2.1801073389642778E-03 -2.4732612359284934E-03 -2.7827481240553197E-03 -3.0796798770503443E-03 -3.3010183480201073E-03 -3.3150282793753534E-03 -2.8337018398991941E-03 -1.0476216203249519E-03  6.0285587451169090E-03  1.4155475689322924E-02  7.9473449705859427E-05  0.0000000000000000E+00 -4.4390349725645348E-05 -1.4118648080409473E-05  0.0000000000000000E+00  0.0000000000000000E+00 
             g = 32 )  -5.1494357576365129E-04 -5.8694909137390423E-04 -6.7157742944042454E-04 -7.7148332413682361E-04 -8.8994534835110431E-04 -1.0310075070763857E-03 -1.1996339857122589E-03 -1.4018528610080347E-03 -1.6448281221418737E-03 -1.9367207038619245E-03 -2.2860313868413918E-03 -2.6997619810425429E-03 -3.1789771380077133E-03 -3.7087609058792459E-03 -4.2361972080059247E-03 -4.6221809397462262E-03 -4.5248882192231946E-03 -2.9595581712809189E-03  5.3725527844001647E-03  1.6263162235385275E-02  1.3036029611048936E-04  0.0000000000000000E+00 -1.0977879037526474E-04  0.0000000000000000E+00  0.0000000000000000E+00 
             g = 33 )  -2.3142266834351441E-04 -2.7880638868091074E-04 -3.3613239714700929E-04 -4.0584771855024907E-04 -4.9110179798772069E-04 -5.9597422515300094E-04 -7.2578105768457651E-04 -8.8748456193186412E-04 -1.0902332002070121E-03 -1.3460502888453531E-03 -1.6706506279494573E-03 -2.0842424808597436E-03 -2.6118353926905952E-03 -3.2816884714226579E-03 -4.1182598834143208E-03 -5.1202783413856982E-03 -6.2002012148934414E-03 -7.0218169311738396E-03 -6.4624406603834735E-03  1.8645465329474734E-03  1.9695403524382978E-02  1.0594600850576451E-03 -3.0045328669355635E-05 -2.1134390012348859E-04  0.0000000000000000E+00 
             g = 34 )   1.4753029629226128E-04  1.3849551099493252E-04  1.2507618213556640E-04  1.0582713954219928E-04  7.8794910223854857E-05  4.1315820940424831E-05 -1.0276876228902342E-05 -8.1082828456503330E-05 -1.7827275848555276E-04 -3.1204647222181841E-04 -4.9708454855368356E-04 -7.5476102874166601E-04 -1.1165109427706931E-03 -1.6288676435188981E-03 -2.3605976249245807E-03 -3.4112560286379046E-03 -4.9154078564396840E-03 -7.0173082971144805E-03 -9.7212830131442624E-03 -1.2254047533018158E-02 -8.6317663967042570E-03  1.8971347805372983E-02  7.7869200288308181E-03 -2.4374167015961935E-04 -4.4891445844451913E-04 
             g = 35 )   6.3954189151890946E-04  6.8553078067345866E-04  7.3629578450451949E-04  7.9242740295943856E-04  8.5457570578492052E-04  9.2343897087733432E-04  9.9973540778663722E-04  1.0841438834352745E-03  1.1771881628614034E-03  1.2790179180170187E-03  1.3889992885492816E-03  1.5049489092031165E-03  1.6216875708298917E-03  1.7282652533660025E-03  1.8025226841142758E-03  1.8001624445324010E-03  1.6322016767181253E-03  1.1174444747969324E-03 -1.1772283895037448E-04 -2.8349609345727695E-03 -8.4188416131867772E-03 -1.7693505372584628E-02 -6.2608036850460048E-03  1.2708616304933667E-04  2.0830128452909688E-01 
 
          ell = 5
 
             g'=         1                       2                       3                       4                       5                       6                       7                       8                       9                       10                      11                      12                      13                      14                      15                      16                      17                      18                      19                      20                      21                      22                      23                      24                      25                     
                        ‾‾‾‾‾‾                  ‾‾‾‾‾‾                  ‾‾‾‾‾‾                  ‾‾‾‾‾‾                  ‾‾‾‾‾‾                  ‾‾‾‾‾‾                  ‾‾‾‾‾‾                  ‾‾‾‾‾‾                  ‾‾‾‾‾‾                  ‾‾‾‾‾‾                  ‾‾‾‾‾‾                  ‾‾‾‾‾‾                  ‾‾‾‾‾‾                  ‾‾‾‾‾‾                  ‾‾‾‾‾‾                  ‾‾‾‾‾‾                  ‾‾‾‾‾‾                  ‾‾‾‾‾‾                  ‾‾‾‾‾‾                  ‾‾‾‾‾‾                  ‾‾‾‾‾‾                  ‾‾‾‾‾‾                  ‾‾‾‾‾‾                  ‾‾‾‾‾‾                  ‾‾‾‾‾‾                  
             g =  1 )  -3.3367516267718351E-08  0.0000000000000000E+00  0.0000000000000000E+00  0.0000000000000000E+00  0.0000000000000000E+00  0.0000000000000000E+00  0.0000000000000000E+00  0.0000000000000000E+00  0.0000000000000000E+00  0.0000000000000000E+00  0.0000000000000000E+00  0.0000000000000000E+00  0.0000000000000000E+00  0.0000000000000000E+00  0.0000000000000000E+00  0.0000000000000000E+00  0.0000000000000000E+00  0.0000000000000000E+00  0.0000000000000000E+00  0.0000000000000000E+00  0.0000000000000000E+00  0.0000000000000000E+00  0.0000000000000000E+00  0.0000000000000000E+00  0.0000000000000000E+00 
             g =  2 )  -2.0881017435112142E-08 -2.9992638709461912E-08  0.0000000000000000E+00  0.0000000000000000E+00  0.0000000000000000E+00  0.0000000000000000E+00  0.0000000000000000E+00  0.0000000000000000E+00  0.0000000000000000E+00  0.0000000000000000E+00  0.0000000000000000E+00  0.0000000000000000E+00  0.0000000000000000E+00  0.0000000000000000E+00  0.0000000000000000E+00  0.0000000000000000E+00  0.0000000000000000E+00  0.0000000000000000E+00  0.0000000000000000E+00  0.0000000000000000E+00  0.0000000000000000E+00  0.0000000000000000E+00  0.0000000000000000E+00  0.0000000000000000E+00  0.0000000000000000E+00 
             g =  3 )   0.0000000000000000E+00 -5.6648267694507037E-08 -1.3030662206809939E-08  0.0000000000000000E+00  0.0000000000000000E+00  0.0000000000000000E+00  0.0000000000000000E+00  0.0000000000000000E+00  0.0000000000000000E+00  0.0000000000000000E+00  0.0000000000000000E+00  0.0000000000000000E+00  0.0000000000000000E+00  0.0000000000000000E+00  0.0000000000000000E+00  0.0000000000000000E+00  0.0000000000000000E+00  0.0000000000000000E+00  0.0000000000000000E+00  0.0000000000000000E+00  0.0000000000000000E+00  0.0000000000000000E+00  0.0000000000000000E+00  0.0000000000000000E+00  0.0000000000000000E+00 
             g =  4 )   0.0000000000000000E+00  0.0000000000000000E+00 -9.0727607775260293E-08  0.0000000000000000E+00  0.0000000000000000E+00  0.0000000000000000E+00  0.0000000000000000E+00  0.0000000000000000E+00  0.0000000000000000E+00  0.0000000000000000E+00  0.0000000000000000E+00  0.0000000000000000E+00  0.0000000000000000E+00  0.0000000000000000E+00  0.0000000000000000E+00  0.0000000000000000E+00  0.0000000000000000E+00  0.0000000000000000E+00  0.0000000000000000E+00  0.0000000000000000E+00  0.0000000000000000E+00  0.0000000000000000E+00  0.0000000000000000E+00  0.0000000000000000E+00  0.0000000000000000E+00 
             g =  5 )   0.0000000000000000E+00  0.0000000000000000E+00 -2.4215911449307811E-08 -9.0013710589891289E-08  0.0000000000000000E+00  0.0000000000000000E+00  0.0000000000000000E+00  0.0000000000000000E+00  0.0000000000000000E+00  0.0000000000000000E+00  0.0000000000000000E+00  0.0000000000000000E+00  0.0000000000000000E+00  0.0000000000000000E+00  0.0000000000000000E+00  0.0000000000000000E+00  0.0000000000000000E+00  0.0000000000000000E+00  0.0000000000000000E+00  0.0000000000000000E+00  0.0000000000000000E+00  0.0000000000000000E+00  0.0000000000000000E+00  0.0000000000000000E+00  0.0000000000000000E+00 
             g =  6 )   0.0000000000000000E+00  0.0000000000000000E+00  0.0000000000000000E+00 -8.5621144770699849E-08 -5.4959455755246854E-08  0.0000000000000000E+00  0.0000000000000000E+00  0.0000000000000000E+00  0.0000000000000000E+00  0.0000000000000000E+00  0.0000000000000000E+00  0.0000000000000000E+00  0.0000000000000000E+00  0.0000000000000000E+00  0.0000000000000000E+00  0.0000000000000000E+00  0.0000000000000000E+00  0.0000000000000000E+00  0.0000000000000000E+00  0.0000000000000000E+00  0.0000000000000000E+00  0.0000000000000000E+00  0.0000000000000000E+00  0.0000000000000000E+00  0.0000000000000000E+00 
             g =  7 )   0.0000000000000000E+00  0.0000000000000000E+00  0.0000000000000000E+00  0.0000000000000000E+00 -1.7037245304494170E-07  0.0000000000000000E+00  0.0000000000000000E+00  0.0000000000000000E+00  0.0000000000000000E+00  0.0000000000000000E+00  0.0000000000000000E+00  0.0000000000000000E+00  0.0000000000000000E+00  0.0000000000000000E+00  0.0000000000000000E+00  0.0000000000000000E+00  0.0000000000000000E+00  0.0000000000000000E+00  0.0000000000000000E+00  0.0000000000000000E+00  0.0000000000000000E+00  0.0000000000000000E+00  0.0000000000000000E+00  0.0000000000000000E+00  0.0000000000000000E+00 
             g =  8 )   1.5818974186829259E-03  0.0000000000000000E+00  0.0000000000000000E+00  0.0000000000000000E+00 -3.5051908004898012E-09 -2.0043834113092356E-07  0.0000000000000000E+00  0.0000000000000000E+00  0.0000000000000000E+00  0.0000000000000000E+00  0.0000000000000000E+00  0.0000000000000000E+00  0.0000000000000000E+00  0.0000000000000000E+00  0.0000000000000000E+00  0.0000000000000000E+00  0.0000000000000000E+00  0.0000000000000000E+00  0.0000000000000000E+00  0.0000000000000000E+00  0.0000000000000000E+00  0.0000000000000000E+00  0.0000000000000000E+00  0.0000000000000000E+00  0.0000000000000000E+00 
             g =  9 )   4.3249475557802699E-03  6.4341081848788258E-04  0.0000000000000000E+00  0.0000000000000000E+00  0.0000000000000000E+00 -9.8706485693103168E-08 -1.4356704309980309E-07  0.0000000000000000E+00  0.0000000000000000E+00  0.0000000000000000E+00  0.0000000000000000E+00  0.0000000000000000E+00  0.0000000000000000E+00  0.0000000000000000E+00  0.0000000000000000E+00  0.0000000000000000E+00  0.0000000000000000E+00  0.0000000000000000E+00  0.0000000000000000E+00  0.0000000000000000E+00  0.0000000000000000E+00  0.0000000000000000E+00  0.0000000000000000E+00  0.0000000000000000E+00  0.0000000000000000E+00 
             g = 10 )   3.2838988793373364E-03  4.0273610422798239E-03  9.5196144470750644E-05  0.0000000000000000E+00  0.0000000000000000E+00  0.0000000000000000E+00 -2.3181584766263027E-07 -5.4022432870771037E-08  0.0000000000000000E+00  0.0000000000000000E+00  0.0000000000000000E+00  0.0000000000000000E+00  0.0000000000000000E+00  0.0000000000000000E+00  0.0000000000000000E+00  0.0000000000000000E+00  0.0000000000000000E+00  0.0000000000000000E+00  0.0000000000000000E+00  0.0000000000000000E+00  0.0000000000000000E+00  0.0000000000000000E+00  0.0000000000000000E+00  0.0000000000000000E+00  0.0000000000000000E+00 
             g = 11 )   2.2213828025654928E-03  3.8604920209387421E-03  3.0789380824269622E-03  0.0000000000000000E+00  0.0000000000000000E+00  0.0000000000000000E+00  0.0000000000000000E+00 -3.3598369942904007E-07  0.0000000000000000E+00  0.0000000000000000E+00  0.0000000000000000E+00  0.0000000000000000E+00  0.0000000000000000E+00  0.0000000000000000E+00  0.0000000000000000E+00  0.0000000000000000E+00  0.0000000000000000E+00  0.0000000000000000E+00  0.0000000000000000E+00  0.0000000000000000E+00  0.0000000000000000E+00  0.0000000000000000E+00  0.0000000000000000E+00  0.0000000000000000E+00  0.0000000000000000E+00 
             g = 12 )   1.4862102629040201E-03  2.5491980237186841E-03  4.5518949411529584E-03  1.8237443651219281E-03  0.0000000000000000E+00  0.0000000000000000E+00  0.0000000000000000E+00 -8.2398743855092138E-08 -3.1115762896889829E-07  0.0000000000000000E+00  0.0000000000000000E+00  0.0000000000000000E+00  0.0000000000000000E+00  0.0000000000000000E+00  0.0000000000000000E+00  0.0000000000000000E+00  0.0000000000000000E+00  0.0000000000000000E+00  0.0000000000000000E+00  0.0000000000000000E+00  0.0000000000000000E+00  0.0000000000000000E+00  0.0000000000000000E+00  0.0000000000000000E+00  0.0000000000000000E+00 
             g = 13 )   9.5257070879857942E-04  1.6668411707342989E-03  2.9606546191881444E-03  4.9039916932394475E-03  7.8160470851177288E-04  0.0000000000000000E+00  0.0000000000000000E+00  0.0000000000000000E+00 -2.7863923758354318E-07 -1.8193984481958944E-07  0.0000000000000000E+00  0.0000000000000000E+00  0.0000000000000000E+00  0.0000000000000000E+00  0.0000000000000000E+00  0.0000000000000000E+00  0.0000000000000000E+00  0.0000000000000000E+00  0.0000000000000000E+00  0.0000000000000000E+00  0.0000000000000000E+00  0.0000000000000000E+00  0.0000000000000000E+00  0.0000000000000000E+00  0.0000000000000000E+00 
             g = 14 )   5.4782465963248181E-04  1.0416591817722126E-03  1.8877781026607977E-03  3.4853750876434153E-03  4.6871395197051737E-03  1.4084443860319377E-04  0.0000000000000000E+00  0.0000000000000000E+00  0.0000000000000000E+00 -5.3848728640195816E-07  0.0000000000000000E+00  0.0000000000000000E+00  0.0000000000000000E+00  0.0000000000000000E+00  0.0000000000000000E+00  0.0000000000000000E+00  0.0000000000000000E+00  0.0000000000000000E+00  0.0000000000000000E+00  0.0000000000000000E+00  0.0000000000000000E+00  0.0000000000000000E+00  0.0000000000000000E+00  0.0000000000000000E+00  0.0000000000000000E+00 
             g = 15 )   2.2879352349295390E-04  5.7698000051552116E-04  1.1478563402294441E-03  2.1616165467771434E-03  4.1664908989674405E-03  3.7436843897270720E-03  0.0000000000000000E+00  0.0000000000000000E+00  0.0000000000000000E+00 -1.0610547743123838E-08 -6.1979449903837391E-07  0.0000000000000000E+00  0.0000000000000000E+00  0.0000000000000000E+00  0.0000000000000000E+00  0.0000000000000000E+00  0.0000000000000000E+00  0.0000000000000000E+00  0.0000000000000000E+00  0.0000000000000000E+00  0.0000000000000000E+00  0.0000000000000000E+00  0.0000000000000000E+00  0.0000000000000000E+00  0.0000000000000000E+00 
             g = 16 )  -3.0575994812444821E-05  2.1666569450109246E-04  6.1026453490910508E-04  1.2758311328825848E-03  2.5060290842866852E-03  5.0339222001725093E-03  2.3805573911149852E-03  0.0000000000000000E+00  0.0000000000000000E+00  0.0000000000000000E+00 -2.9677192258647668E-07 -4.4176138377766883E-07  0.0000000000000000E+00  0.0000000000000000E+00  0.0000000000000000E+00  0.0000000000000000E+00  0.0000000000000000E+00  0.0000000000000000E+00  0.0000000000000000E+00  0.0000000000000000E+00  0.0000000000000000E+00  0.0000000000000000E+00  0.0000000000000000E+00  0.0000000000000000E+00  0.0000000000000000E+00 
             g = 17 )  -2.4596569357209012E-04 -7.2388810819555267E-05  2.0103285160880669E-04  6.4856340706039961E-04  1.4318830061024904E-03  2.9463035530843213E-03  5.6323095353140477E-03  1.1625015515226121E-03  0.0000000000000000E+00  0.0000000000000000E+00  0.0000000000000000E+00 -7.0049313604651374E-07 -1.6736772816009588E-07  0.0000000000000000E+00  0.0000000000000000E+00  0.0000000000000000E+00  0.0000000000000000E+00  0.0000000000000000E+00  0.0000000000000000E+00  0.0000000000000000E+00  0.0000000000000000E+00  0.0000000000000000E+00  0.0000000000000000E+00  0.0000000000000000E+00  0.0000000000000000E+00 
             g = 18 )  -4.2654602640822660E-04 -3.0962035176949302E-04 -1.2239376516699681E-04  1.8091733771232214E-04  6.9298712726645556E-04  1.6246423238859273E-03  3.5194155247865577E-03  5.6823840920724343E-03  3.2331510460576780E-04  0.0000000000000000E+00  0.0000000000000000E+00  0.0000000000000000E+00 -1.0229157027629742E-06  0.0000000000000000E+00  0.0000000000000000E+00  0.0000000000000000E+00  0.0000000000000000E+00  0.0000000000000000E+00  0.0000000000000000E+00  0.0000000000000000E+00  0.0000000000000000E+00  0.0000000000000000E+00  0.0000000000000000E+00  0.0000000000000000E+00  0.0000000000000000E+00 
             g = 19 )  -5.7726676501451376E-04 -5.0604460811547224E-04 -3.8433204763094349E-04 -1.8249976176978994E-04  1.5499988333299124E-04  7.4493196276433082E-04  1.8661317345485483E-03  4.2807374162349508E-03  4.9798402813746095E-03  0.0000000000000000E+00  0.0000000000000000E+00  0.0000000000000000E+00 -2.4731398260308926E-07 -9.6366092359928216E-07  0.0000000000000000E+00  0.0000000000000000E+00  0.0000000000000000E+00  0.0000000000000000E+00  0.0000000000000000E+00  0.0000000000000000E+00  0.0000000000000000E+00  0.0000000000000000E+00  0.0000000000000000E+00  0.0000000000000000E+00  0.0000000000000000E+00 
             g = 20 )  -7.0026476127831819E-04 -6.6731687417064998E-04 -5.9808817592263918E-04 -4.7241427990835679E-04 -2.5517002275149268E-04  1.2147410176995590E-04  8.0615306911537856E-04  2.1734073479280046E-03  5.3154171595514218E-03  3.6151897314616261E-03  0.0000000000000000E+00  0.0000000000000000E+00  0.0000000000000000E+00 -8.6022851571088387E-07 -5.8155353108823771E-07  0.0000000000000000E+00  0.0000000000000000E+00  0.0000000000000000E+00  0.0000000000000000E+00  0.0000000000000000E+00  0.0000000000000000E+00  0.0000000000000000E+00  0.0000000000000000E+00  0.0000000000000000E+00  0.0000000000000000E+00 
             g = 21 )  -7.9576161793808230E-04 -7.9558677951892351E-04 -7.7009802213932714E-04 -7.0498670275926376E-04 -5.7676311741315395E-04 -3.4361535181151733E-04  7.7828185047263266E-05  8.7884726536859687E-04  2.5711523457319185E-03  6.3574766605465679E-03  2.1530847498453542E-03  0.0000000000000000E+00  0.0000000000000000E+00  0.0000000000000000E+00 -1.7274381977502985E-06  0.0000000000000000E+00  0.0000000000000000E+00  0.0000000000000000E+00  0.0000000000000000E+00  0.0000000000000000E+00  0.0000000000000000E+00  0.0000000000000000E+00  0.0000000000000000E+00  0.0000000000000000E+00  0.0000000000000000E+00 
             g = 22 )  -8.6266307239334951E-04 -8.9066970479035593E-04 -9.0239957925080023E-04 -8.8748685047942239E-04 -8.2950602755845555E-04 -7.0102077262479705E-04 -4.5206451180976575E-04  2.0512152648798928E-05  9.6573273261899570E-04  3.0958729621695701E-03  6.9770848880690295E-03  9.8701638759591918E-04  0.0000000000000000E+00  0.0000000000000000E+00 -3.3605356332867653E-08 -2.0520250859121256E-06  0.0000000000000000E+00  0.0000000000000000E+00  0.0000000000000000E+00  0.0000000000000000E+00  0.0000000000000000E+00  0.0000000000000000E+00  0.0000000000000000E+00  0.0000000000000000E+00  0.0000000000000000E+00 
             g = 23 )  -8.9898682021476791E-04 -9.5082772299765568E-04 -9.9418041376944460E-04 -1.0216321709346479E-03 -1.0215037317003542E-03 -9.7492625142876115E-04 -8.4978139470281088E-04 -5.8614471736316391E-04 -5.5577591219772805E-05  1.0700896043970595E-03  3.8028598684330885E-03  7.0152573777587102E-03  2.2090549091364405E-04  0.0000000000000000E+00  0.0000000000000000E+00 -9.9092970772737429E-07 -1.5509108350101575E-06  0.0000000000000000E+00  0.0000000000000000E+00  0.0000000000000000E+00  0.0000000000000000E+00  0.0000000000000000E+00  0.0000000000000000E+00  0.0000000000000000E+00  0.0000000000000000E+00 
             g = 24 )  -9.0220024782293429E-04 -9.7333399535991726E-04 -1.0428103719769578E-03 -1.1056600838953582E-03 -1.1538106445494821E-03 -1.1741647933882868E-03 -1.1450604575415863E-03 -1.0288389127334910E-03 -7.5341824316918114E-04 -1.5790960464204967E-04  1.1956705142278203E-03  4.7780528083156285E-03  6.2413677244483948E-03  0.0000000000000000E+00  0.0000000000000000E+00  0.0000000000000000E+00 -2.4988305725747602E-06 -6.3282558938219818E-07  0.0000000000000000E+00  0.0000000000000000E+00  0.0000000000000000E+00  0.0000000000000000E+00  0.0000000000000000E+00  0.0000000000000000E+00  0.0000000000000000E+00 
             g = 25 )  -8.6952672693413953E-04 -9.5493315983943470E-04 -1.0446018624532944E-03 -1.1357175104936936E-03 -1.2232492064181602E-03 -1.2985753098447141E-03 -1.3471451730220076E-03 -1.3441637293155181E-03 -1.2454565406803085E-03 -9.6413537607081151E-04 -2.9761414085719323E-04  1.3462619089866712E-03  6.1452675071531904E-03  4.8572417709380183E-03  0.0000000000000000E+00  0.0000000000000000E+00  0.0000000000000000E+00 -3.9056696005480612E-06  0.0000000000000000E+00  0.0000000000000000E+00  0.0000000000000000E+00  0.0000000000000000E+00  0.0000000000000000E+00  0.0000000000000000E+00  0.0000000000000000E+00 
             g = 26 )  -7.9827066553236675E-04 -8.9228138386508781E-04 -9.9545655424061979E-04 -1.1069111817710378E-03 -1.2243185443964843E-03 -1.3429051545314717E-03 -1.4537796799168026E-03 -1.5410615391683602E-03 -1.5765742691840573E-03 -1.5085809245178566E-03 -1.2322700712757686E-03 -4.9158294016361478E-04  1.5243765317301909E-03  7.5557516565473871E-03  3.4358633231656079E-03  0.0000000000000000E+00  0.0000000000000000E+00 -9.4714022375251520E-07 -3.9951837625208521E-06  0.0000000000000000E+00  0.0000000000000000E+00  0.0000000000000000E+00  0.0000000000000000E+00  0.0000000000000000E+00  0.0000000000000000E+00 
             g = 27 )  -6.8621472651050560E-04 -7.8244263980648064E-04 -8.9152221809390628E-04 -1.0142491446755604E-03 -1.1506908591944294E-03 -1.2994985763773728E-03 -1.4567266914612118E-03 -1.6138043230572239E-03 -1.7539808973119446E-03 -1.8457278344562449E-03 -1.8287718910359730E-03 -1.5768688064609507E-03 -7.6589755217033948E-04  1.7278482353937708E-03  8.7636063874635718E-03  2.2308700457807076E-03  0.0000000000000000E+00  0.0000000000000000E+00 -3.6528854562210552E-06 -2.7105597611000308E-06  0.0000000000000000E+00  0.0000000000000000E+00  0.0000000000000000E+00  0.0000000000000000E+00  0.0000000000000000E+00 
             g = 28 )  -5.3215930882055543E-04 -6.2353050754965060E-04 -7.2998312906662720E-04 -8.5366527917197859E-04 -9.9664212657884100E-04 -1.1605115097779930E-03 -1.3456747550757149E-03 -1.5499960751591282E-03 -1.7663744175459063E-03 -1.9783336441614478E-03 -2.1517178001787709E-03 -2.2172108231396405E-03 -2.0235509828445586E-03 -1.1614133103359479E-03  1.9414120818303990E-03  9.7512356607017091E-03  1.2776706566299523E-03  0.0000000000000000E+00  0.0000000000000000E+00 -8.3635737236219258E-06  0.0000000000000000E+00  0.0000000000000000E+00  0.0000000000000000E+00  0.0000000000000000E+00  0.0000000000000000E+00 
             g = 29 )  -3.3671271070811863E-04 -4.1562456791982029E-04 -5.1014436462356368E-04 -6.2334029946498103E-04 -7.5873388381215924E-04 -9.2020067960866701E-04 -1.1116767453631610E-03 -1.3364834054975456E-03 -1.5959214638185731E-03 -1.8864860376988860E-03 -2.1944719838220155E-03 -2.4854410448124481E-03 -2.6820296866420516E-03 -2.6052650353388788E-03 -1.7426072293299187E-03  2.1163321404760599E-03  1.0528659450398065E-02  6.0632751401181449E-04  0.0000000000000000E+00 -1.5760648097655917E-07 -1.1096367270846611E-05  0.0000000000000000E+00  0.0000000000000000E+00  0.0000000000000000E+00  0.0000000000000000E+00 
             g = 30 )  -1.0352242093283366E-04 -1.6218091078352130E-04 -2.3506833656186392E-04 -3.2563346368853638E-04 -4.3815002544125712E-04 -5.7785678468434513E-04 -7.5104978288306236E-04 -9.6502788530948872E-04 -1.2276821264674994E-03 -1.5462984191034503E-03 -1.9247061522078114E-03 -2.3570381820641573E-03 -2.8145425203815479E-03 -3.2169967999615755E-03 -3.3587686658367848E-03 -2.6102691567568277E-03  2.1217943826744592E-03  1.1178267386961161E-02  2.2230896277027144E-04  0.0000000000000000E+00 -5.4221477804238716E-06 -1.0133416015770963E-05  0.0000000000000000E+00  0.0000000000000000E+00  0.0000000000000000E+00 
             g = 31 )   1.5867575523349680E-04  1.2763529764532703E-04  8.5744670308940729E-05  2.9800689753927584E-05 -4.4376134938746290E-05 -1.4223949315659060E-04 -2.7088727779205632E-04 -4.3949214765473342E-04 -6.5973317491786288E-04 -9.4605277566464402E-04 -1.3152946012098578E-03 -1.7846775880882523E-03 -2.3657496259936852E-03 -3.0491161318759894E-03 -3.7679614555087616E-03 -4.3036158571795246E-03 -3.9131828005762237E-03  1.6321728644307760E-03  1.1928663792381722E-02  7.8644083090235838E-05  0.0000000000000000E+00 -1.6780744081107003E-05 -5.3372280613434519E-06  0.0000000000000000E+00  0.0000000000000000E+00 
             g = 32 )   4.3233392142405047E-04  4.3472912071727680E-04  4.3153384585886370E-04  4.2044991625272651E-04  3.9831244883033933E-04  3.6074866990664994E-04  3.0169770885142962E-04  2.1273830305735248E-04  8.2160689892751406E-05 -1.0627583925677419E-04 -3.7489850651020468E-04 -7.5377077536072090E-04 -1.2815750807510006E-03 -2.0031367574913227E-03 -2.9565815419527902E-03 -4.1321218770245345E-03 -5.3523630754747000E-03 -5.8220895274966834E-03 -1.1084445877030141E-04  1.3139200966045761E-02  1.2839995552494732E-04  0.0000000000000000E+00 -3.1789400642330601E-05  0.0000000000000000E+00  0.0000000000000000E+00 
             g = 33 )   6.8332581514662786E-04  7.2131092426231519E-04  7.6031334067622354E-04  7.9952185683018447E-04  8.3763208759730869E-04  8.7259449772353326E-04  9.0123005738536668E-04  9.1863978593843441E-04  9.1729172465644996E-04  8.8560246184387682E-04  8.0573167186888330E-04  6.5017751212559729E-04  3.7664357337286586E-04 -7.9240836260682372E-05 -8.1264116982767093E-04 -1.9542528442335759E-03 -3.6494106778574183E-03 -5.9383635160866763E-03 -8.2408172576382034E-03 -4.6189662169256723E-03  1.4307908318156920E-02  1.0054856008510863E-03 -4.9409560916940764E-06 -3.4755516980667811E-05  0.0000000000000000E+00 
             g = 34 )   8.4013169865384261E-04  9.0753076752308364E-04  9.8246813222662593E-04  1.0658824237016265E-03  1.1587750687190063E-03  1.2621611077872892E-03  1.3769689571906071E-03  1.5038483422925456E-03  1.6428129890103771E-03  1.7925843364034696E-03  1.9493894267469162E-03  2.1047512487011319E-03  2.2413978498839172E-03  2.3256273560959178E-03  2.2929904445406074E-03  2.0216232149704708E-03  1.2844532875454762E-03 -3.2568701598932777E-04 -3.4580843527552787E-03 -8.7408343564225558E-03 -1.2824838342670165E-02  8.7172624377322427E-03  0.0000000000000000E+00  2.6074507355397645E-05  4.8023070248885028E-05 
             g = 35 )   6.8169385228478174E-04  7.4659727755748047E-04  8.2088183129338437E-04  9.0638081774700350E-04  1.0053811521047848E-03  1.1207590524889468E-03  1.2561628311602356E-03  1.4162608172657908E-03  1.6070793453167127E-03  1.8364644245978470E-03  2.1147098081821820E-03  2.4553980783500380E-03  2.8764818375315660E-03  3.4015344380492704E-03  4.0607628006549823E-03  4.8903211418897825E-03  5.9252507844180461E-03  7.1715550969882807E-03  8.5128995714747625E-03  9.4198738793940529E-03  8.1383499039345761E-03  4.3954799102388225E-04  0.0000000000000000E+00  0.0000000000000000E+00  1.7739557743341786E-01 
 
          ell = 6
 
             g'=         1                       2                       3                       4                       5                       6                       7                       8                       9                       10                      11                      12                      13                      14                      15                      16                      17                      18                      19                      20                      21                      22                      23                      24                      25                     
                        ‾‾‾‾‾‾                  ‾‾‾‾‾‾                  ‾‾‾‾‾‾                  ‾‾‾‾‾‾                  ‾‾‾‾‾‾                  ‾‾‾‾‾‾                  ‾‾‾‾‾‾                  ‾‾‾‾‾‾                  ‾‾‾‾‾‾                  ‾‾‾‾‾‾                  ‾‾‾‾‾‾                  ‾‾‾‾‾‾                  ‾‾‾‾‾‾                  ‾‾‾‾‾‾                  ‾‾‾‾‾‾                  ‾‾‾‾‾‾                  ‾‾‾‾‾‾                  ‾‾‾‾‾‾                  ‾‾‾‾‾‾                  ‾‾‾‾‾‾                  ‾‾‾‾‾‾                  ‾‾‾‾‾‾                  ‾‾‾‾‾‾                  ‾‾‾‾‾‾                  ‾‾‾‾‾‾                  
             g =  1 )  -1.2130337622999581E-07  0.0000000000000000E+00  0.0000000000000000E+00  0.0000000000000000E+00  0.0000000000000000E+00  0.0000000000000000E+00  0.0000000000000000E+00  0.0000000000000000E+00  0.0000000000000000E+00  0.0000000000000000E+00  0.0000000000000000E+00  0.0000000000000000E+00  0.0000000000000000E+00  0.0000000000000000E+00  0.0000000000000000E+00  0.0000000000000000E+00  0.0000000000000000E+00  0.0000000000000000E+00  0.0000000000000000E+00  0.0000000000000000E+00  0.0000000000000000E+00  0.0000000000000000E+00  0.0000000000000000E+00  0.0000000000000000E+00  0.0000000000000000E+00 
             g =  2 )  -5.7301814608042382E-08 -8.2305980935854320E-08  0.0000000000000000E+00  0.0000000000000000E+00  0.0000000000000000E+00  0.0000000000000000E+00  0.0000000000000000E+00  0.0000000000000000E+00  0.0000000000000000E+00  0.0000000000000000E+00  0.0000000000000000E+00  0.0000000000000000E+00  0.0000000000000000E+00  0.0000000000000000E+00  0.0000000000000000E+00  0.0000000000000000E+00  0.0000000000000000E+00  0.0000000000000000E+00  0.0000000000000000E+00  0.0000000000000000E+00  0.0000000000000000E+00  0.0000000000000000E+00  0.0000000000000000E+00  0.0000000000000000E+00  0.0000000000000000E+00 
             g =  3 )   0.0000000000000000E+00 -1.2779993149245612E-07 -2.9397505080162008E-08  0.0000000000000000E+00  0.0000000000000000E+00  0.0000000000000000E+00  0.0000000000000000E+00  0.0000000000000000E+00  0.0000000000000000E+00  0.0000000000000000E+00  0.0000000000000000E+00  0.0000000000000000E+00  0.0000000000000000E+00  0.0000000000000000E+00  0.0000000000000000E+00  0.0000000000000000E+00  0.0000000000000000E+00  0.0000000000000000E+00  0.0000000000000000E+00  0.0000000000000000E+00  0.0000000000000000E+00  0.0000000000000000E+00  0.0000000000000000E+00  0.0000000000000000E+00  0.0000000000000000E+00 
             g =  4 )   0.0000000000000000E+00  0.0000000000000000E+00 -1.7657695647830919E-07  0.0000000000000000E+00  0.0000000000000000E+00  0.0000000000000000E+00  0.0000000000000000E+00  0.0000000000000000E+00  0.0000000000000000E+00  0.0000000000000000E+00  0.0000000000000000E+00  0.0000000000000000E+00  0.0000000000000000E+00  0.0000000000000000E+00  0.0000000000000000E+00  0.0000000000000000E+00  0.0000000000000000E+00  0.0000000000000000E+00  0.0000000000000000E+00  0.0000000000000000E+00  0.0000000000000000E+00  0.0000000000000000E+00  0.0000000000000000E+00  0.0000000000000000E+00  0.0000000000000000E+00 
             g =  5 )   0.0000000000000000E+00  0.0000000000000000E+00 -4.1914723449141857E-08 -1.5580251001100479E-07  0.0000000000000000E+00  0.0000000000000000E+00  0.0000000000000000E+00  0.0000000000000000E+00  0.0000000000000000E+00  0.0000000000000000E+00  0.0000000000000000E+00  0.0000000000000000E+00  0.0000000000000000E+00  0.0000000000000000E+00  0.0000000000000000E+00  0.0000000000000000E+00  0.0000000000000000E+00  0.0000000000000000E+00  0.0000000000000000E+00  0.0000000000000000E+00  0.0000000000000000E+00  0.0000000000000000E+00  0.0000000000000000E+00  0.0000000000000000E+00  0.0000000000000000E+00 
             g =  6 )   0.0000000000000000E+00  0.0000000000000000E+00  0.0000000000000000E+00 -1.3454949237626258E-07 -8.6366129452577312E-08  0.0000000000000000E+00  0.0000000000000000E+00  0.0000000000000000E+00  0.0000000000000000E+00  0.0000000000000000E+00  0.0000000000000000E+00  0.0000000000000000E+00  0.0000000000000000E+00  0.0000000000000000E+00  0.0000000000000000E+00  0.0000000000000000E+00  0.0000000000000000E+00  0.0000000000000000E+00  0.0000000000000000E+00  0.0000000000000000E+00  0.0000000000000000E+00  0.0000000000000000E+00  0.0000000000000000E+00  0.0000000000000000E+00  0.0000000000000000E+00 
             g =  7 )   0.0000000000000000E+00  0.0000000000000000E+00  0.0000000000000000E+00  0.0000000000000000E+00 -2.4666651107131654E-07  0.0000000000000000E+00  0.0000000000000000E+00  0.0000000000000000E+00  0.0000000000000000E+00  0.0000000000000000E+00  0.0000000000000000E+00  0.0000000000000000E+00  0.0000000000000000E+00  0.0000000000000000E+00  0.0000000000000000E+00  0.0000000000000000E+00  0.0000000000000000E+00  0.0000000000000000E+00  0.0000000000000000E+00  0.0000000000000000E+00  0.0000000000000000E+00  0.0000000000000000E+00  0.0000000000000000E+00  0.0000000000000000E+00  0.0000000000000000E+00 
             g =  8 )   1.5545553215769552E-03  0.0000000000000000E+00  0.0000000000000000E+00  0.0000000000000000E+00 -4.7262720858723270E-09 -2.7026378606644281E-07  0.0000000000000000E+00  0.0000000000000000E+00  0.0000000000000000E+00  0.0000000000000000E+00  0.0000000000000000E+00  0.0000000000000000E+00  0.0000000000000000E+00  0.0000000000000000E+00  0.0000000000000000E+00  0.0000000000000000E+00  0.0000000000000000E+00  0.0000000000000000E+00  0.0000000000000000E+00  0.0000000000000000E+00  0.0000000000000000E+00  0.0000000000000000E+00  0.0000000000000000E+00  0.0000000000000000E+00  0.0000000000000000E+00 
             g =  9 )   4.1190461365568183E-03  6.3610533186443294E-04  0.0000000000000000E+00  0.0000000000000000E+00  0.0000000000000000E+00 -1.2496109086649357E-07 -1.8175395661444180E-07  0.0000000000000000E+00  0.0000000000000000E+00  0.0000000000000000E+00  0.0000000000000000E+00  0.0000000000000000E+00  0.0000000000000000E+00  0.0000000000000000E+00  0.0000000000000000E+00  0.0000000000000000E+00  0.0000000000000000E+00  0.0000000000000000E+00  0.0000000000000000E+00  0.0000000000000000E+00  0.0000000000000000E+00  0.0000000000000000E+00  0.0000000000000000E+00  0.0000000000000000E+00  0.0000000000000000E+00 
             g = 10 )   2.8903686398261729E-03  3.8808941734861636E-03  9.4768039940600982E-05  0.0000000000000000E+00  0.0000000000000000E+00  0.0000000000000000E+00 -2.7725960400921088E-07 -6.4612659127440281E-08  0.0000000000000000E+00  0.0000000000000000E+00  0.0000000000000000E+00  0.0000000000000000E+00  0.0000000000000000E+00  0.0000000000000000E+00  0.0000000000000000E+00  0.0000000000000000E+00  0.0000000000000000E+00  0.0000000000000000E+00  0.0000000000000000E+00  0.0000000000000000E+00  0.0000000000000000E+00  0.0000000000000000E+00  0.0000000000000000E+00  0.0000000000000000E+00  0.0000000000000000E+00 
             g = 11 )   1.7308219574798526E-03  3.4797366027118914E-03  2.9927940883059888E-03  0.0000000000000000E+00  0.0000000000000000E+00  0.0000000000000000E+00  0.0000000000000000E+00 -3.8145800689613989E-07  0.0000000000000000E+00  0.0000000000000000E+00  0.0000000000000000E+00  0.0000000000000000E+00  0.0000000000000000E+00  0.0000000000000000E+00  0.0000000000000000E+00  0.0000000000000000E+00  0.0000000000000000E+00  0.0000000000000000E+00  0.0000000000000000E+00  0.0000000000000000E+00  0.0000000000000000E+00  0.0000000000000000E+00  0.0000000000000000E+00  0.0000000000000000E+00  0.0000000000000000E+00 
             g = 12 )   9.5157119429441597E-04  2.0367672411447644E-03  4.2033050740318770E-03  1.7848000156505130E-03  0.0000000000000000E+00  0.0000000000000000E+00  0.0000000000000000E+00 -8.9130218830738642E-08 -3.3657731008162422E-07  0.0000000000000000E+00  0.0000000000000000E+00  0.0000000000000000E+00  0.0000000000000000E+00  0.0000000000000000E+00  0.0000000000000000E+00  0.0000000000000000E+00  0.0000000000000000E+00  0.0000000000000000E+00  0.0000000000000000E+00  0.0000000000000000E+00  0.0000000000000000E+00  0.0000000000000000E+00  0.0000000000000000E+00  0.0000000000000000E+00  0.0000000000000000E+00 
             g = 13 )   4.0541542496944755E-04  1.0957875347407816E-03  2.4297816439588864E-03  4.6116489829881062E-03  7.7032142147009507E-04  0.0000000000000000E+00  0.0000000000000000E+00  0.0000000000000000E+00 -2.8795866107733036E-07 -1.8802504114359713E-07  0.0000000000000000E+00  0.0000000000000000E+00  0.0000000000000000E+00  0.0000000000000000E+00  0.0000000000000000E+00  0.0000000000000000E+00  0.0000000000000000E+00  0.0000000000000000E+00  0.0000000000000000E+00  0.0000000000000000E+00  0.0000000000000000E+00  0.0000000000000000E+00  0.0000000000000000E+00  0.0000000000000000E+00  0.0000000000000000E+00 
             g = 14 )   9.2090318704387555E-06  4.5368781504608415E-04  1.2774422196209926E-03  2.9430560067956416E-03  4.4700562965393079E-03  1.3995357279013239E-04  0.0000000000000000E+00  0.0000000000000000E+00  0.0000000000000000E+00 -5.3276757701447508E-07  0.0000000000000000E+00  0.0000000000000000E+00  0.0000000000000000E+00  0.0000000000000000E+00  0.0000000000000000E+00  0.0000000000000000E+00  0.0000000000000000E+00  0.0000000000000000E+00  0.0000000000000000E+00  0.0000000000000000E+00  0.0000000000000000E+00  0.0000000000000000E+00  0.0000000000000000E+00  0.0000000000000000E+00  0.0000000000000000E+00 
             g = 15 )  -2.8517447126332602E-04 -1.2390593697703322E-06  5.1424007615960890E-04  1.5093720582754666E-03  3.6258529221241042E-03  3.6076197046644499E-03  0.0000000000000000E+00  0.0000000000000000E+00  0.0000000000000000E+00 -1.0064543150819529E-08 -5.8790070326527560E-07  0.0000000000000000E+00  0.0000000000000000E+00  0.0000000000000000E+00  0.0000000000000000E+00  0.0000000000000000E+00  0.0000000000000000E+00  0.0000000000000000E+00  0.0000000000000000E+00  0.0000000000000000E+00  0.0000000000000000E+00  0.0000000000000000E+00  0.0000000000000000E+00  0.0000000000000000E+00  0.0000000000000000E+00 
             g = 16 )  -5.0586195500949090E-04 -3.3206515259034578E-04 -1.2332439774433236E-05  5.9097366374334008E-04  1.8099633965856336E-03  4.5186214860204700E-03  2.3124447130819931E-03  0.0000000000000000E+00  0.0000000000000000E+00  0.0000000000000000E+00 -2.7011592627394483E-07 -4.0208246228682203E-07  0.0000000000000000E+00  0.0000000000000000E+00  0.0000000000000000E+00  0.0000000000000000E+00  0.0000000000000000E+00  0.0000000000000000E+00  0.0000000000000000E+00  0.0000000000000000E+00  0.0000000000000000E+00  0.0000000000000000E+00  0.0000000000000000E+00  0.0000000000000000E+00  0.0000000000000000E+00 
             g = 17 )  -6.6917145759429772E-04 -5.7475112434719473E-04 -3.8610801981557808E-04 -2.4034549176519304E-05  6.8929433676834771E-04  2.2060977345124623E-03  5.1755622445578695E-03  1.1384118406623088E-03  0.0000000000000000E+00  0.0000000000000000E+00  0.0000000000000000E+00 -6.1200321010083549E-07 -1.4622496871184359E-07  0.0000000000000000E+00  0.0000000000000000E+00  0.0000000000000000E+00  0.0000000000000000E+00  0.0000000000000000E+00  0.0000000000000000E+00  0.0000000000000000E+00  0.0000000000000000E+00  0.0000000000000000E+00  0.0000000000000000E+00  0.0000000000000000E+00  0.0000000000000000E+00 
             g = 18 )  -7.8429401866066670E-04 -7.4961186448018228E-04 -6.5362247449663651E-04 -4.4880469071834029E-04 -3.6283845629412222E-05  8.1681063313508446E-04  2.7379773725429326E-03  5.3151796757346130E-03  3.1965526884307922E-04  0.0000000000000000E+00  0.0000000000000000E+00  0.0000000000000000E+00 -8.5771432955819826E-07  0.0000000000000000E+00  0.0000000000000000E+00  0.0000000000000000E+00  0.0000000000000000E+00  0.0000000000000000E+00  0.0000000000000000E+00  0.0000000000000000E+00  0.0000000000000000E+00  0.0000000000000000E+00  0.0000000000000000E+00  0.0000000000000000E+00  0.0000000000000000E+00 
             g = 19 )  -8.5609456429087266E-04 -8.6773945344173064E-04 -8.4041318713679849E-04 -7.4435251874006196E-04 -5.2208279401143168E-04 -4.8991570939325303E-05  9.8441735462987344E-04  3.4672522260961909E-03  4.7215297731297281E-03  0.0000000000000000E+00  0.0000000000000000E+00  0.0000000000000000E+00 -1.9888790049467146E-07 -7.7496830493005509E-07  0.0000000000000000E+00  0.0000000000000000E+00  0.0000000000000000E+00  0.0000000000000000E+00  0.0000000000000000E+00  0.0000000000000000E+00  0.0000000000000000E+00  0.0000000000000000E+00  0.0000000000000000E+00  0.0000000000000000E+00  0.0000000000000000E+00 
             g = 20 )  -8.8687281233835037E-04 -9.3478162891218826E-04 -9.5995442835110584E-04 -9.4311553860028700E-04 -8.4925146526582465E-04 -6.0844846055077952E-04 -6.2046383437840339E-05  1.2080122752874782E-03  4.4911284229637140E-03  3.4614519766803455E-03  0.0000000000000000E+00  0.0000000000000000E+00  0.0000000000000000E+00 -6.6265789255625242E-07 -4.4798682010804068E-07  0.0000000000000000E+00  0.0000000000000000E+00  0.0000000000000000E+00  0.0000000000000000E+00  0.0000000000000000E+00  0.0000000000000000E+00  0.0000000000000000E+00  0.0000000000000000E+00  0.0000000000000000E+00  0.0000000000000000E+00 
             g = 21 )  -8.7753977149822402E-04 -9.5328784013741258E-04 -1.0188207006873425E-03 -1.0615724276197337E-03 -1.0594517445777149E-03 -9.7117186270047101E-04 -7.1120352914298094E-04 -7.5336228301712291E-05  1.5112790600960719E-03  5.5614685957008957E-03  2.0794081401145784E-03  0.0000000000000000E+00  0.0000000000000000E+00  0.0000000000000000E+00 -1.2722566056483016E-06  0.0000000000000000E+00  0.0000000000000000E+00  0.0000000000000000E+00  0.0000000000000000E+00  0.0000000000000000E+00  0.0000000000000000E+00  0.0000000000000000E+00  0.0000000000000000E+00  0.0000000000000000E+00  0.0000000000000000E+00 
             g = 22 )  -8.2846862379764327E-04 -9.2426726088041503E-04 -1.0198513741944606E-03 -1.1073978381904721E-03 -1.1729754780069412E-03 -1.1913091009929434E-03 -1.1136373952166721E-03 -8.3475815358024705E-04 -8.8810138473676697E-05  1.9303112806807465E-03  6.2547855599533785E-03  9.6317876257307551E-04  0.0000000000000000E+00  0.0000000000000000E+00 -2.3600775066413701E-08 -1.4411209333282404E-06  0.0000000000000000E+00  0.0000000000000000E+00  0.0000000000000000E+00  0.0000000000000000E+00  0.0000000000000000E+00  0.0000000000000000E+00  0.0000000000000000E+00  0.0000000000000000E+00  0.0000000000000000E+00 
             g = 23 )  -7.4017508912187756E-04 -8.4831912411245148E-04 -9.6424065925345412E-04 -1.0837890562757481E-03 -1.1988098144710508E-03 -1.2940212441290579E-03 -1.3406164794467189E-03 -1.2809831556240890E-03 -9.8508434117914657E-04 -1.0262933877984845E-04  2.5215026129706444E-03  6.4094124697889618E-03  2.1827630065043645E-04  0.0000000000000000E+00  0.0000000000000000E+00 -6.6121005099183805E-07 -1.0348643544583195E-06  0.0000000000000000E+00  0.0000000000000000E+00  0.0000000000000000E+00  0.0000000000000000E+00  0.0000000000000000E+00  0.0000000000000000E+00  0.0000000000000000E+00  0.0000000000000000E+00 
             g = 24 )  -6.1392681220609024E-04 -7.2654893796059530E-04 -8.5306125967925034E-04 -9.9230945317502401E-04 -1.1406399427541037E-03 -1.2898778784829308E-03 -1.4235557345295361E-03 -1.5090798964157706E-03 -1.4784775566007839E-03 -1.1703762433783380E-03 -1.1751537986044407E-04  3.3754008483083604E-03  5.7796457215525173E-03  0.0000000000000000E+00  0.0000000000000000E+00  0.0000000000000000E+00 -1.5765181011495659E-06 -3.9925115671355902E-07  0.0000000000000000E+00  0.0000000000000000E+00  0.0000000000000000E+00  0.0000000000000000E+00  0.0000000000000000E+00  0.0000000000000000E+00  0.0000000000000000E+00 
             g = 25 )  -4.5235186150938763E-04 -5.6140704144607789E-04 -6.8851952313053516E-04 -8.3497590860026117E-04 -1.0007784757240523E-03 -1.1833199758580521E-03 -1.3749764488073771E-03 -1.5585406096922149E-03 -1.6976128299911932E-03 -1.7123444431038678E-03 -1.4020061527623797E-03 -1.3553226210071941E-04  4.6281662406316608E-03  4.5377495354438947E-03  0.0000000000000000E+00  0.0000000000000000E+00  0.0000000000000000E+00 -2.3144785294832988E-06  0.0000000000000000E+00  0.0000000000000000E+00  0.0000000000000000E+00  0.0000000000000000E+00  0.0000000000000000E+00  0.0000000000000000E+00  0.0000000000000000E+00 
             g = 26 )  -2.6010197234808936E-04 -3.5754612597146772E-04 -4.7513169810436929E-04 -6.1601128842142386E-04 -7.8307755242815462E-04 -9.7818486847011700E-04 -1.2006501832047688E-03 -1.4444083583794699E-03 -1.6924770528751972E-03 -1.9051486238456298E-03 -1.9894795423870946E-03 -1.6958753698147111E-03 -1.6182930179632282E-04  5.9474157883705591E-03  3.2347959132118698E-03  0.0000000000000000E+00  0.0000000000000000E+00 -5.2238084012193720E-07 -2.2034830724837780E-06  0.0000000000000000E+00  0.0000000000000000E+00  0.0000000000000000E+00  0.0000000000000000E+00  0.0000000000000000E+00  0.0000000000000000E+00 
             g = 27 )  -4.4621029336659978E-05 -1.2277572263482954E-04 -2.2095659720176828E-04 -3.4352937243125101E-04 -4.9542804025402214E-04 -6.8185245948456502E-04 -9.0751949958646613E-04 -1.1750476229945655E-03 -1.4816643691284513E-03 -1.8125248261184703E-03 -2.1261848706454608E-03 -2.3163526517992984E-03 -2.0741952193369610E-03 -2.0852703294791495E-04  7.0862290089413107E-03  2.1193405458119134E-03  0.0000000000000000E+00  0.0000000000000000E+00 -1.8505429121954193E-06 -1.3731630006200295E-06  0.0000000000000000E+00  0.0000000000000000E+00  0.0000000000000000E+00  0.0000000000000000E+00  0.0000000000000000E+00 
             g = 28 )   1.8292935461373320E-04  1.3081379576870291E-04  6.1003950452455304E-05 -3.1344990321975897E-05 -1.5222915723301099E-04 -3.0889453424601504E-04 -5.0973893667669316E-04 -7.6375136126275074E-04 -1.0789547618428341E-03 -1.4587850503332668E-03 -1.8941659653736187E-03 -2.3456734966115613E-03 -2.6958335006490083E-03 -2.5673827681686975E-03 -3.0340794571456390E-04  8.0151623103160499E-03  1.2262653984808124E-03  0.0000000000000000E+00  0.0000000000000000E+00 -3.8143839186638885E-06  0.0000000000000000E+00  0.0000000000000000E+00  0.0000000000000000E+00  0.0000000000000000E+00  0.0000000000000000E+00 
             g = 29 )   4.0652865890610244E-04  3.8548129461238610E-04  3.5113048905965904E-04  2.9892832301038765E-04  2.2289150874242136E-04  1.1521321597364959E-04 -3.4146524447595074E-05 -2.3777678478217846E-04 -5.1075404386272084E-04 -8.6955996625238507E-04 -1.3285865467043785E-03 -1.8912171842908017E-03 -2.5282249945439762E-03 -3.1187402127057498E-03 -3.2143950328227667E-03 -5.0931029719946048E-04  8.7164463121140474E-03  5.8837519743871883E-04  0.0000000000000000E+00 -6.2582113275119991E-08 -4.4061266337755480E-06  0.0000000000000000E+00  0.0000000000000000E+00  0.0000000000000000E+00  0.0000000000000000E+00 
             g = 30 )   6.0387045058677704E-04  6.1613101316476096E-04  6.2112224730381707E-04  6.1533371851714641E-04  5.9386567695675298E-04  5.4990087268861146E-04  4.7400030096431535E-04  3.5320372385062583E-04  1.6997771208686181E-04 -9.8771103825364708E-05 -4.8196134411141112E-04 -1.0121949191030711E-03 -1.7171746982755395E-03 -2.5948830616704869E-03 -3.5417107243033842E-03 -4.0549513500049063E-03 -9.6641573056567630E-04  9.2137412673716744E-03  2.1801797063376391E-04  0.0000000000000000E+00 -1.7573487526467170E-06 -3.2842974253964812E-06  0.0000000000000000E+00  0.0000000000000000E+00  0.0000000000000000E+00 
             g = 31 )   7.4456200160027877E-04  7.8816740316510253E-04  8.3140923105979941E-04  8.7240273108958339E-04  9.0823495257041421E-04  9.3446600364913634E-04  9.4439218716850797E-04  9.2796494339234166E-04  8.7022927912389916E-04  7.4913885612806937E-04  5.3269581731423205E-04  1.7575432021074938E-04 -3.8196299885574384E-04 -1.2117979299021504E-03 -2.3726979717811044E-03 -3.8284924798907848E-03 -5.0896244282908169E-03 -1.9765643897467588E-03  9.6138044564375337E-03  7.7657434448103488E-05  0.0000000000000000E+00 -3.7654951069447238E-06 -1.1976409420523774E-06  0.0000000000000000E+00  0.0000000000000000E+00 
             g = 32 )   7.8783883450256635E-04  8.5477322890681676E-04  9.2787277085302176E-04  1.0071513008306091E-03  1.0921859152827830E-03  1.1818015458556672E-03  1.2735578865378744E-03  1.3629155055429729E-03  1.4418817670055863E-03  1.4968188990198360E-03  1.5049266695101296E-03  1.4287141963648597E-03  1.2077074645914267E-03  7.4731109694232598E-04 -9.1877012514123975E-05 -1.4892236891157630E-03 -3.5910053041710178E-03 -6.1184157776757054E-03 -4.1173635485270352E-03  1.0010437070894140E-02  1.2607682282125715E-04  0.0000000000000000E+00 -1.8331852110234430E-06  0.0000000000000000E+00  0.0000000000000000E+00 
             g = 33 )   6.7964960479872884E-04  7.5343652172345178E-04  8.3766100929204561E-04  9.3397383401842143E-04  1.0442294183857913E-03  1.1704398631231798E-03  1.3146508252111760E-03  1.4786673231953792E-03  1.6634955783436339E-03  1.8682509494235677E-03  2.0880641129967458E-03  2.3101104085867272E-03  2.5061420284180173E-03  2.6186175928885223E-03  2.5356558883633334E-03  2.0488601491733529E-03  7.9491483870375995E-04 -1.7731343610688280E-03 -6.1108007912562216E-03 -8.0041707630480394E-03  9.3464022215644614E-03  9.4346619633496490E-04  2.1135276446951477E-06  1.4866909274461366E-05  0.0000000000000000E+00 
             g = 34 )   3.4892220389546962E-04  4.0149881524891121E-04  4.6382188287415893E-04  5.3809180652256280E-04  6.2709073804128115E-04  7.3435288311838568E-04  8.6438413561790563E-04  1.0229396408718424E-03  1.2173602274628801E-03  1.4569445925868847E-03  1.7532698447138982E-03  2.1202114687371531E-03  2.5730173608974113E-03  3.1248241707847791E-03  3.7766495374533882E-03  4.4911887050143613E-03  5.1273378918016092E-03  5.2841694192829261E-03  3.9657623951297643E-03 -9.2670966609304168E-04 -1.0541920604627896E-02  1.7104871085808408E-03  0.0000000000000000E+00  6.0883072668495908E-05  1.1213220774895681E-04 
             g = 35 )  -2.9723829236214211E-04 -3.0957515306380829E-04 -3.2161128527507978E-04 -3.3289341002566133E-04 -3.4275431718746810E-04 -3.5021428758887302E-04 -3.5383305585943292E-04 -3.5148464296149356E-04 -3.4001010564433239E-04 -3.1467404426353254E-04 -2.6830070601860357E-04 -1.8987910515698813E-04 -6.2277061251083565E-05  1.4155031499135055E-04  4.6487875181436760E-04  9.7760495673624814E-04  1.7923193596621036E-03  3.0839993075502544E-03  5.0880678240954767E-03  7.9378668995219327E-03  1.0719163964095918E-02  7.7354952624345006E-03  0.0000000000000000E+00  0.0000000000000000E+00  1.0817870787368801E-01 
 
          ell = 7
 
             g'=         1                       2                       3                       4                       5                       6                       7                       8                       9                       10                      11                      12                      13                      14                      15                      16                      17                      18                      19                      20                      21                      22                      23                      24                      25                     
                        ‾‾‾‾‾‾                  ‾‾‾‾‾‾                  ‾‾‾‾‾‾                  ‾‾‾‾‾‾                  ‾‾‾‾‾‾                  ‾‾‾‾‾‾                  ‾‾‾‾‾‾                  ‾‾‾‾‾‾                  ‾‾‾‾‾‾                  ‾‾‾‾‾‾                  ‾‾‾‾‾‾                  ‾‾‾‾‾‾                  ‾‾‾‾‾‾                  ‾‾‾‾‾‾                  ‾‾‾‾‾‾                  ‾‾‾‾‾‾                  ‾‾‾‾‾‾                  ‾‾‾‾‾‾                  ‾‾‾‾‾‾                  ‾‾‾‾‾‾                  ‾‾‾‾‾‾                  ‾‾‾‾‾‾                  ‾‾‾‾‾‾                  ‾‾‾‾‾‾                  ‾‾‾‾‾‾                  
             g =  1 )  -1.5207563425906901E-07  0.0000000000000000E+00  0.0000000000000000E+00  0.0000000000000000E+00  0.0000000000000000E+00  0.0000000000000000E+00  0.0000000000000000E+00  0.0000000000000000E+00  0.0000000000000000E+00  0.0000000000000000E+00  0.0000000000000000E+00  0.0000000000000000E+00  0.0000000000000000E+00  0.0000000000000000E+00  0.0000000000000000E+00  0.0000000000000000E+00  0.0000000000000000E+00  0.0000000000000000E+00  0.0000000000000000E+00  0.0000000000000000E+00  0.0000000000000000E+00  0.0000000000000000E+00  0.0000000000000000E+00  0.0000000000000000E+00  0.0000000000000000E+00 
             g =  2 )  -6.8867048616655569E-08 -9.8917809659652049E-08  0.0000000000000000E+00  0.0000000000000000E+00  0.0000000000000000E+00  0.0000000000000000E+00  0.0000000000000000E+00  0.0000000000000000E+00  0.0000000000000000E+00  0.0000000000000000E+00  0.0000000000000000E+00  0.0000000000000000E+00  0.0000000000000000E+00  0.0000000000000000E+00  0.0000000000000000E+00  0.0000000000000000E+00  0.0000000000000000E+00  0.0000000000000000E+00  0.0000000000000000E+00  0.0000000000000000E+00  0.0000000000000000E+00  0.0000000000000000E+00  0.0000000000000000E+00  0.0000000000000000E+00  0.0000000000000000E+00 
             g =  3 )   0.0000000000000000E+00 -1.4772532239836951E-07 -3.3980893925056481E-08  0.0000000000000000E+00  0.0000000000000000E+00  0.0000000000000000E+00  0.0000000000000000E+00  0.0000000000000000E+00  0.0000000000000000E+00  0.0000000000000000E+00  0.0000000000000000E+00  0.0000000000000000E+00  0.0000000000000000E+00  0.0000000000000000E+00  0.0000000000000000E+00  0.0000000000000000E+00  0.0000000000000000E+00  0.0000000000000000E+00  0.0000000000000000E+00  0.0000000000000000E+00  0.0000000000000000E+00  0.0000000000000000E+00  0.0000000000000000E+00  0.0000000000000000E+00  0.0000000000000000E+00 
             g =  4 )   0.0000000000000000E+00  0.0000000000000000E+00 -1.9683054201828758E-07  0.0000000000000000E+00  0.0000000000000000E+00  0.0000000000000000E+00  0.0000000000000000E+00  0.0000000000000000E+00  0.0000000000000000E+00  0.0000000000000000E+00  0.0000000000000000E+00  0.0000000000000000E+00  0.0000000000000000E+00  0.0000000000000000E+00  0.0000000000000000E+00  0.0000000000000000E+00  0.0000000000000000E+00  0.0000000000000000E+00  0.0000000000000000E+00  0.0000000000000000E+00  0.0000000000000000E+00  0.0000000000000000E+00  0.0000000000000000E+00  0.0000000000000000E+00  0.0000000000000000E+00 
             g =  5 )   0.0000000000000000E+00  0.0000000000000000E+00 -4.5153424289610613E-08 -1.6784118469609600E-07  0.0000000000000000E+00  0.0000000000000000E+00  0.0000000000000000E+00  0.0000000000000000E+00  0.0000000000000000E+00  0.0000000000000000E+00  0.0000000000000000E+00  0.0000000000000000E+00  0.0000000000000000E+00  0.0000000000000000E+00  0.0000000000000000E+00  0.0000000000000000E+00  0.0000000000000000E+00  0.0000000000000000E+00  0.0000000000000000E+00  0.0000000000000000E+00  0.0000000000000000E+00  0.0000000000000000E+00  0.0000000000000000E+00  0.0000000000000000E+00  0.0000000000000000E+00 
             g =  6 )   0.0000000000000000E+00  0.0000000000000000E+00  0.0000000000000000E+00 -1.4031985497386872E-07 -9.0070074181699779E-08  0.0000000000000000E+00  0.0000000000000000E+00  0.0000000000000000E+00  0.0000000000000000E+00  0.0000000000000000E+00  0.0000000000000000E+00  0.0000000000000000E+00  0.0000000000000000E+00  0.0000000000000000E+00  0.0000000000000000E+00  0.0000000000000000E+00  0.0000000000000000E+00  0.0000000000000000E+00  0.0000000000000000E+00  0.0000000000000000E+00  0.0000000000000000E+00  0.0000000000000000E+00  0.0000000000000000E+00  0.0000000000000000E+00  0.0000000000000000E+00 
             g =  7 )   0.0000000000000000E+00  0.0000000000000000E+00  0.0000000000000000E+00  0.0000000000000000E+00 -2.4937395216923539E-07  0.0000000000000000E+00  0.0000000000000000E+00  0.0000000000000000E+00  0.0000000000000000E+00  0.0000000000000000E+00  0.0000000000000000E+00  0.0000000000000000E+00  0.0000000000000000E+00  0.0000000000000000E+00  0.0000000000000000E+00  0.0000000000000000E+00  0.0000000000000000E+00  0.0000000000000000E+00  0.0000000000000000E+00  0.0000000000000000E+00  0.0000000000000000E+00  0.0000000000000000E+00  0.0000000000000000E+00  0.0000000000000000E+00  0.0000000000000000E+00 
             g =  8 )   1.5231101422660141E-03  0.0000000000000000E+00  0.0000000000000000E+00  0.0000000000000000E+00 -4.6367986600130353E-09 -2.6514740123169121E-07  0.0000000000000000E+00  0.0000000000000000E+00  0.0000000000000000E+00  0.0000000000000000E+00  0.0000000000000000E+00  0.0000000000000000E+00  0.0000000000000000E+00  0.0000000000000000E+00  0.0000000000000000E+00  0.0000000000000000E+00  0.0000000000000000E+00  0.0000000000000000E+00  0.0000000000000000E+00  0.0000000000000000E+00  0.0000000000000000E+00  0.0000000000000000E+00  0.0000000000000000E+00  0.0000000000000000E+00  0.0000000000000000E+00 
             g =  9 )   3.8869032782398367E-03  6.2766154609748392E-04  0.0000000000000000E+00  0.0000000000000000E+00  0.0000000000000000E+00 -1.1906017465339370E-07 -1.7317116606784623E-07  0.0000000000000000E+00  0.0000000000000000E+00  0.0000000000000000E+00  0.0000000000000000E+00  0.0000000000000000E+00  0.0000000000000000E+00  0.0000000000000000E+00  0.0000000000000000E+00  0.0000000000000000E+00  0.0000000000000000E+00  0.0000000000000000E+00  0.0000000000000000E+00  0.0000000000000000E+00  0.0000000000000000E+00  0.0000000000000000E+00  0.0000000000000000E+00  0.0000000000000000E+00  0.0000000000000000E+00 
             g = 10 )   2.4610633765195572E-03  3.7147756245962385E-03  9.4270415301334829E-05  0.0000000000000000E+00  0.0000000000000000E+00  0.0000000000000000E+00 -2.5668069434870745E-07 -5.9816944007453580E-08  0.0000000000000000E+00  0.0000000000000000E+00  0.0000000000000000E+00  0.0000000000000000E+00  0.0000000000000000E+00  0.0000000000000000E+00  0.0000000000000000E+00  0.0000000000000000E+00  0.0000000000000000E+00  0.0000000000000000E+00  0.0000000000000000E+00  0.0000000000000000E+00  0.0000000000000000E+00  0.0000000000000000E+00  0.0000000000000000E+00  0.0000000000000000E+00  0.0000000000000000E+00 
             g = 11 )   1.2186614055433385E-03  3.0608414964293155E-03  2.8945713095519057E-03  0.0000000000000000E+00  0.0000000000000000E+00  0.0000000000000000E+00  0.0000000000000000E+00 -3.4323113267219250E-07  0.0000000000000000E+00  0.0000000000000000E+00  0.0000000000000000E+00  0.0000000000000000E+00  0.0000000000000000E+00  0.0000000000000000E+00  0.0000000000000000E+00  0.0000000000000000E+00  0.0000000000000000E+00  0.0000000000000000E+00  0.0000000000000000E+00  0.0000000000000000E+00  0.0000000000000000E+00  0.0000000000000000E+00  0.0000000000000000E+00  0.0000000000000000E+00  0.0000000000000000E+00 
             g = 12 )   4.2218841827639669E-04  1.4976422919679600E-03  3.8166109225598877E-03  1.7401642797133475E-03  0.0000000000000000E+00  0.0000000000000000E+00  0.0000000000000000E+00 -7.7949906005885565E-08 -2.9435773892129444E-07  0.0000000000000000E+00  0.0000000000000000E+00  0.0000000000000000E+00  0.0000000000000000E+00  0.0000000000000000E+00  0.0000000000000000E+00  0.0000000000000000E+00  0.0000000000000000E+00  0.0000000000000000E+00  0.0000000000000000E+00  0.0000000000000000E+00  0.0000000000000000E+00  0.0000000000000000E+00  0.0000000000000000E+00  0.0000000000000000E+00  0.0000000000000000E+00 
             g = 13 )  -1.0260342334354599E-04  5.2721460262298604E-04  1.8665040810405961E-03  4.2848826309729504E-03  7.5731336941653362E-04  0.0000000000000000E+00  0.0000000000000000E+00  0.0000000000000000E+00 -2.4473027370102356E-07 -1.5979870030497692E-07  0.0000000000000000E+00  0.0000000000000000E+00  0.0000000000000000E+00  0.0000000000000000E+00  0.0000000000000000E+00  0.0000000000000000E+00  0.0000000000000000E+00  0.0000000000000000E+00  0.0000000000000000E+00  0.0000000000000000E+00  0.0000000000000000E+00  0.0000000000000000E+00  0.0000000000000000E+00  0.0000000000000000E+00  0.0000000000000000E+00 
             g = 14 )  -4.5224836399871082E-04 -9.3389939949128795E-05  6.6589646934876170E-04  2.3623188582563336E-03  4.2257372989648653E-03  1.3891959042989344E-04  0.0000000000000000E+00  0.0000000000000000E+00  0.0000000000000000E+00 -4.3981905068395192E-07  0.0000000000000000E+00  0.0000000000000000E+00  0.0000000000000000E+00  0.0000000000000000E+00  0.0000000000000000E+00  0.0000000000000000E+00  0.0000000000000000E+00  0.0000000000000000E+00  0.0000000000000000E+00  0.0000000000000000E+00  0.0000000000000000E+00  0.0000000000000000E+00  0.0000000000000000E+00  0.0000000000000000E+00  0.0000000000000000E+00 
             g = 15 )  -6.8159430601565758E-04 -4.9503667731062655E-04 -7.6924429898401543E-05  8.5110491846904137E-04  3.0412634926392087E-03  3.4535434729228180E-03  0.0000000000000000E+00  0.0000000000000000E+00  0.0000000000000000E+00 -8.0650909113322873E-09 -4.7110659148841255E-07  0.0000000000000000E+00  0.0000000000000000E+00  0.0000000000000000E+00  0.0000000000000000E+00  0.0000000000000000E+00  0.0000000000000000E+00  0.0000000000000000E+00  0.0000000000000000E+00  0.0000000000000000E+00  0.0000000000000000E+00  0.0000000000000000E+00  0.0000000000000000E+00  0.0000000000000000E+00  0.0000000000000000E+00 
             g = 16 )  -8.2231743241031061E-04 -7.5013443246433806E-04 -5.4238116564684670E-04 -5.0190804205782580E-05  1.1017230672877621E-03  3.9560446773032627E-03  2.2348562673197656E-03  0.0000000000000000E+00  0.0000000000000000E+00  0.0000000000000000E+00 -2.0990444305714922E-07 -3.1245434681910363E-07  0.0000000000000000E+00  0.0000000000000000E+00  0.0000000000000000E+00  0.0000000000000000E+00  0.0000000000000000E+00  0.0000000000000000E+00  0.0000000000000000E+00  0.0000000000000000E+00  0.0000000000000000E+00  0.0000000000000000E+00  0.0000000000000000E+00  0.0000000000000000E+00  0.0000000000000000E+00 
             g = 17 )  -8.9296672201186536E-04 -8.9942877271642835E-04 -8.2748205591567491E-04 -5.9494866281015603E-04 -8.8373537654152098E-06  1.4460463932729898E-03  4.6724927506728688E-03  1.1107854114627584E-03  0.0000000000000000E+00  0.0000000000000000E+00  0.0000000000000000E+00 -4.6059445677502809E-07 -1.1004911235625739E-07  0.0000000000000000E+00  0.0000000000000000E+00  0.0000000000000000E+00  0.0000000000000000E+00  0.0000000000000000E+00  0.0000000000000000E+00  0.0000000000000000E+00  0.0000000000000000E+00  0.0000000000000000E+00  0.0000000000000000E+00  0.0000000000000000E+00  0.0000000000000000E+00 
             g = 18 )  -9.0468963440296644E-04 -9.6618734687536195E-04 -9.8529528188023331E-04 -9.1523634982029539E-04 -6.5354437454931955E-04  5.3506436626069717E-05  1.9274772270794285E-03  4.9074718632436459E-03  3.1542494410287755E-04  0.0000000000000000E+00  0.0000000000000000E+00  0.0000000000000000E+00 -6.2412876853031975E-07  0.0000000000000000E+00  0.0000000000000000E+00  0.0000000000000000E+00  0.0000000000000000E+00  0.0000000000000000E+00  0.0000000000000000E+00  0.0000000000000000E+00  0.0000000000000000E+00  0.0000000000000000E+00  0.0000000000000000E+00  0.0000000000000000E+00  0.0000000000000000E+00 
             g = 19 )  -8.6466014997306831E-04 -9.6411445823548847E-04 -1.0453054611823053E-03 -1.0811113684352420E-03 -1.0153821541842418E-03 -7.1915370973412655E-04  1.4631994823006782E-04  2.6143386866502023E-03  4.4326879949690241E-03  0.0000000000000000E+00  0.0000000000000000E+00  0.0000000000000000E+00 -1.3963049198761804E-07 -5.4407133577788022E-07  0.0000000000000000E+00  0.0000000000000000E+00  0.0000000000000000E+00  0.0000000000000000E+00  0.0000000000000000E+00  0.0000000000000000E+00  0.0000000000000000E+00  0.0000000000000000E+00  0.0000000000000000E+00  0.0000000000000000E+00  0.0000000000000000E+00 
             g = 20 )  -7.7824283550065212E-04 -9.0200139095978119E-04 -1.0245122025902148E-03 -1.1303460098026877E-03 -1.1882051646416639E-03 -1.1304022599985192E-03 -7.9300322496636696E-04  2.8396873136793274E-04  3.6173304401907343E-03  3.2884071803906201E-03  0.0000000000000000E+00  0.0000000000000000E+00  0.0000000000000000E+00 -4.4763755244632381E-07 -3.0262330824702528E-07  0.0000000000000000E+00  0.0000000000000000E+00  0.0000000000000000E+00  0.0000000000000000E+00  0.0000000000000000E+00  0.0000000000000000E+00  0.0000000000000000E+00  0.0000000000000000E+00  0.0000000000000000E+00  0.0000000000000000E+00 
             g = 21 )  -6.5044336406324115E-04 -7.8661496207566147E-04 -9.3381991287666403E-04 -1.0842344924810441E-03 -1.2209731570008056E-03 -1.3080032997307795E-03 -1.2634243781400516E-03 -8.7665345500333712E-04  4.8867115294153149E-04  4.7090818176528321E-03  1.9958760425896269E-03  0.0000000000000000E+00  0.0000000000000000E+00  0.0000000000000000E+00 -8.2410038764010344E-07  0.0000000000000000E+00  0.0000000000000000E+00  0.0000000000000000E+00  0.0000000000000000E+00  0.0000000000000000E+00  0.0000000000000000E+00  0.0000000000000000E+00  0.0000000000000000E+00  0.0000000000000000E+00  0.0000000000000000E+00 
             g = 22 )  -4.8694731651580141E-04 -6.2460706375008464E-04 -7.8193668503197678E-04 -9.5649454523369988E-04 -1.1406470725571372E-03 -1.3162223163642034E-03 -1.4419376019313590E-03 -1.4184104747905239E-03 -9.7214755194751387E-04  7.9557797121449457E-04  5.4742639625272264E-03  9.3591898410278092E-04  0.0000000000000000E+00  0.0000000000000000E+00 -1.4593908932792772E-08 -8.9113970210511219E-07  0.0000000000000000E+00  0.0000000000000000E+00  0.0000000000000000E+00  0.0000000000000000E+00  0.0000000000000000E+00  0.0000000000000000E+00  0.0000000000000000E+00  0.0000000000000000E+00  0.0000000000000000E+00 
             g = 23 )  -2.9491410924873366E-04 -4.2386437805418993E-04 -5.7791067228637073E-04 -7.5859213717269940E-04 -9.6477438670339733E-04 -1.1896031559946523E-03 -1.4140512066388694E-03 -1.5912369681538375E-03 -1.6003917464928665E-03 -1.0822622564181698E-03  1.2617131878490994E-03  5.7494935017463463E-03  2.1523869833976305E-04  0.0000000000000000E+00  0.0000000000000000E+00 -3.8805573069170306E-07 -6.0734866724080991E-07  0.0000000000000000E+00  0.0000000000000000E+00  0.0000000000000000E+00  0.0000000000000000E+00  0.0000000000000000E+00  0.0000000000000000E+00  0.0000000000000000E+00  0.0000000000000000E+00 
             g = 24 )  -8.3613873425006027E-05 -1.9452222198555004E-04 -3.3289224685476156E-04 -5.0313975115163492E-04 -7.0885059958862345E-04 -9.5104633166180239E-04 -1.2246226837281295E-03 -1.5105814970888904E-03 -1.7564936159783714E-03 -1.8157356149671648E-03 -1.2109547400139579E-03  1.9821889677234181E-03  5.2733904612122517E-03  0.0000000000000000E+00  0.0000000000000000E+00  0.0000000000000000E+00 -8.7126271142829011E-07 -2.2064614740895725E-07  0.0000000000000000E+00  0.0000000000000000E+00  0.0000000000000000E+00  0.0000000000000000E+00  0.0000000000000000E+00  0.0000000000000000E+00  0.0000000000000000E+00 
             g = 25 )   1.3505756386583922E-04  5.0248309756634917E-05 -6.1423075035488915E-05 -2.0620245150669648E-04 -3.9090819064859731E-04 -6.2211504271126000E-04 -9.0427361537402261E-04 -1.2356051782180782E-03 -1.5988044426158623E-03 -1.9367844623685642E-03 -2.0723805144133014E-03 -1.3641987178114497E-03  3.1069054537605214E-03  4.1853621520661164E-03  0.0000000000000000E+00  0.0000000000000000E+00  0.0000000000000000E+00 -1.1912708642290984E-06  0.0000000000000000E+00  0.0000000000000000E+00  0.0000000000000000E+00  0.0000000000000000E+00  0.0000000000000000E+00  0.0000000000000000E+00  0.0000000000000000E+00 
             g = 26 )   3.4619416510448979E-04  2.9365012624330884E-04  2.1761746375220046E-04  1.1108465389290393E-04 -3.4527637224663230E-05 -2.2926965484106984E-04 -4.8400054015532119E-04 -8.0848729097714677E-04 -1.2068067013375507E-03 -1.6663464394016101E-03 -2.1279061165643039E-03 -2.3798341390919926E-03 -1.5516179562111486E-03  4.3229354216691510E-03  3.0115665001764999E-03  0.0000000000000000E+00  0.0000000000000000E+00 -2.4635010251825079E-07 -1.0391427845571422E-06  0.0000000000000000E+00  0.0000000000000000E+00  0.0000000000000000E+00  0.0000000000000000E+00  0.0000000000000000E+00  0.0000000000000000E+00 
             g = 27 )   5.3168226120890152E-04  5.1490848081703735E-04  4.8040249663353903E-04  4.2144526764662790E-04  3.2919550768489565E-04  1.9224490278445908E-04 -3.6650726803808822E-06 -2.7538751464365363E-04 -6.4074418753137709E-04 -1.1136828094760738E-03 -1.6915715396369024E-03 -2.3188170373757825E-03 -2.7483522345526706E-03 -1.7897854473370534E-03  5.3840500740639482E-03  1.9945792581813346E-03  0.0000000000000000E+00  0.0000000000000000E+00 -7.7886411260965653E-07 -5.7794249184824683E-07  0.0000000000000000E+00  0.0000000000000000E+00  0.0000000000000000E+00  0.0000000000000000E+00  0.0000000000000000E+00 
             g = 28 )   6.7031432960198956E-04  6.8928638755190940E-04  6.9800205232714758E-04  6.9099964806795670E-04  6.6060858200467224E-04  5.9617587997094084E-04  4.8313668899147108E-04  3.0205273046024223E-04  2.8003227907526133E-05 -3.6869386528974065E-04 -9.1810199299638537E-04 -1.6367464763936974E-03 -2.4843902911682054E-03 -3.1856907709206443E-03 -2.1090053846119857E-03  6.2508537998799216E-03  1.1682719370024071E-03  0.0000000000000000E+00  0.0000000000000000E+00 -1.3658576841038657E-06  0.0000000000000000E+00  0.0000000000000000E+00  0.0000000000000000E+00  0.0000000000000000E+00  0.0000000000000000E+00 
             g = 29 )   7.3844947161215966E-04  7.8872927643763055E-04  8.3696712838467256E-04  8.7970301258445075E-04  9.1162550076964082E-04  9.2471324786413912E-04  9.0702562542790217E-04  8.4106058049415223E-04  7.0167644623390143E-04  4.5384237411253065E-04  5.1210139728316875E-05 -5.6169106030479535E-04 -1.4361630109049062E-03 -2.5704575370568612E-03 -3.6870121703994319E-03 -2.5670977590456236E-03  6.8807867986561480E-03  5.6793780254491488E-04  0.0000000000000000E+00 -1.7114428098300385E-08 -1.2049503207769925E-06  0.0000000000000000E+00  0.0000000000000000E+00  0.0000000000000000E+00  0.0000000000000000E+00 
             g = 30 )   7.1166147890688370E-04  7.8364047078008457E-04  8.6122402380784085E-04  9.4332817248641101E-04  1.0277198801717465E-03  1.1103095044103309E-03  1.1840486414899827E-03  1.2372331679341461E-03  1.2509421961548254E-03  1.1953113794432478E-03  1.0244837343758935E-03  6.7079005997354175E-04  4.0960379663162123E-05 -9.7652115455638218E-04 -2.4627043075965416E-03 -4.2056488805443564E-03 -3.2752123726334844E-03  7.2450015987017462E-03  2.1309059729524680E-04  0.0000000000000000E+00 -2.4711444448074373E-07 -4.6183054590846212E-07  0.0000000000000000E+00  0.0000000000000000E+00  0.0000000000000000E+00 
             g = 31 )   5.6823536182024482E-04  6.4677263341755679E-04  7.3641318193021948E-04  8.3830439558811815E-04  9.5330578370506601E-04  1.0816055086383747E-03  1.2220416945777346E-03  1.3709211679664426E-03  1.5199905704215521E-03  1.6530008317201931E-03  1.7400087252926804E-03  1.7282618303220388E-03  1.5286265298905704E-03  9.9844275443864566E-04 -7.0513109858385647E-05 -1.9232067948626354E-03 -4.5700832791525509E-03 -4.4315102964491157E-03  7.3471393024055276E-03  7.6518100582472759E-05  0.0000000000000000E+00  5.7084912258672130E-07  1.8156238728969088E-07  0.0000000000000000E+00  0.0000000000000000E+00 
             g = 32 )   2.9635151394866307E-04  3.6133839760782080E-04  4.3909648958657022E-04  5.3222901380973195E-04  6.4380522656962353E-04  7.7735207711116666E-04  9.3673788010848326E-04  1.1258279107598829E-03  1.3476787654563727E-03  1.6028229282945780E-03  1.8857896138583443E-03  2.1782660867272776E-03  2.4360304400658350E-03  2.5649318322859744E-03  2.3797859233196262E-03  1.5445460669432794E-03 -4.7718069134059502E-04 -4.2515166882100735E-03 -6.2704706428148077E-03  7.0887614031413587E-03  1.2340642757858674E-04  0.0000000000000000E+00  4.9936468137116273E-06  0.0000000000000000E+00  0.0000000000000000E+00 
             g = 33 )  -9.0440684250434709E-05 -6.1420334730924922E-05 -2.3153943122108286E-05  2.7013416328186925E-05  9.2540639184553571E-05  1.7794080118278916E-04  2.8909887049119866E-04  4.3365666143081462E-04  6.2143445091369367E-04  8.6477973580932014E-04  1.1785407781082682E-03  1.5789059026765681E-03  2.0792875142946793E-03  2.6790053742212251E-03  3.3351763948852591E-03  3.8973661089873406E-03  3.9672290224509630E-03  2.6400905087801585E-03 -1.7748380356497570E-03 -8.2949127195586642E-03  5.2007362828935437E-03  8.7476066163483213E-04  2.4463373466735796E-06  1.7207948748154908E-05  0.0000000000000000E+00 
             g = 34 )  -5.1406489215634072E-04 -5.3780081518795420E-04 -5.6096522310797206E-04 -5.8257648134030790E-04 -6.0116754910892055E-04 -6.1455752050415839E-04 -6.1950958689781851E-04 -6.1121521293154915E-04 -5.8251142227919584E-04 -5.2268874776174293E-04 -4.1567825632978569E-04 -2.3732559423903106E-04  4.8575124526970693E-05  4.9557911171585381E-04  1.1800201065078671E-03  2.2004255569157880E-03  3.6478778961035242E-03  5.4705293949758533E-03  7.0024426985684758E-03  5.6036456980566966E-03 -4.8242293956968401E-03 -1.8698988671673454E-03  0.0000000000000000E+00  3.6493202492734824E-05  6.7211840401372154E-05 
             g = 35 )  -6.5679631143851210E-04 -7.1480185034899200E-04 -7.8041545637004539E-04 -8.5493802711217976E-04 -9.3993369377826249E-04 -1.0372849795609053E-03 -1.1492551902359447E-03 -1.2785532341086201E-03 -1.4283880127548654E-03 -1.6024821945709998E-03 -1.8049781834489800E-03 -2.0400898486858895E-03 -2.3111821984907934E-03 -2.6185856973327667E-03 -2.9546192878680826E-03 -3.2924433295589343E-03 -3.5613387447301532E-03 -3.5932162580751994E-03 -3.0172088450243781E-03 -1.1276791128412907E-03  2.7177307955972519E-03  4.2260690323588923E-03  0.0000000000000000E+00  0.0000000000000000E+00  3.9457759881406103E-02 
 
 #######################################################
    NittanyPhysics --- PHYSICS LIBRARY PRINTOUT : END   
 #######################################################
 
 DONE.
 
 DISCRETIZING GEOMETRY ---
 DONE.
 
 ========================
   PRE-PROCESSING : END  
 ========================
 
 ==============================
   PARTICLE ITERATION : BEGIN  
 ==============================
 ---------------------------------------
    TRANSPORTING PARTICLE 1 (PHOTONS)
 ---------------------------------------
    
    Energy groups, MeV : 
    index )        (Emin, Emax)
    ‾‾‾‾‾‾‾‾‾‾‾‾‾‾‾‾‾‾‾‾‾‾‾‾‾‾‾‾‾‾‾‾‾
        1 )    ( 0.96004, 1.00000 )
        2 )    ( 0.92008, 0.96004 )
        3 )    ( 0.88012, 0.92008 )
        4 )    ( 0.84016, 0.88012 )
        5 )    ( 0.80020, 0.84016 )
        6 )    ( 0.76024, 0.80020 )
        7 )    ( 0.72028, 0.76024 )
        8 )    ( 0.68032, 0.72028 )
        9 )    ( 0.64036, 0.68032 )
       10 )    ( 0.60040, 0.64036 )
       11 )    ( 0.56044, 0.60040 )
       12 )    ( 0.52048, 0.56044 )
       13 )    ( 0.48052, 0.52048 )
       14 )    ( 0.44056, 0.48052 )
       15 )    ( 0.40060, 0.44056 )
       16 )    ( 0.36064, 0.40060 )
       17 )    ( 0.32068, 0.36064 )
       18 )    ( 0.28072, 0.32068 )
       19 )    ( 0.24076, 0.28072 )
       20 )    ( 0.20080, 0.24076 )
       21 )    ( 0.16084, 0.20080 )
       22 )    ( 0.12088, 0.16084 )
       23 )    ( 0.08092, 0.12088 )
       24 )    ( 0.04096, 0.08092 )
       25 )    ( 0.00100, 0.04096 )
 
    DISCRETIZING ANGLE ---
    Ordinates : 
    index )                               (𝑘𝑥, 𝑘𝑦, 𝑘𝑧)
    ‾‾‾‾‾‾‾‾‾‾‾‾‾‾‾‾‾‾‾‾‾‾‾‾‾‾‾‾‾‾‾‾‾‾‾‾‾‾‾‾‾‾‾‾‾‾‾‾‾‾‾‾‾‾‾‾‾‾‾‾‾‾‾‾‾‾‾‾‾‾‾‾‾‾‾‾‾‾
        1 )    (  0.2736432967052098,  0.0544310359652074, -0.9602898564975363 )
        2 )    (  0.5928054175855475,  0.1179163290074280, -0.7966664774136267 )
        3 )    (  0.8344262052007294,  0.1659776918801014, -0.5255324099163290 )
        4 )    (  0.9641432254265331,  0.1917800114626510, -0.1834346424956498 )
        5 )    (  0.9641432254265331,  0.1917800114626510,  0.1834346424956498 )
        6 )    (  0.8344262052007294,  0.1659776918801014,  0.5255324099163290 )
        7 )    (  0.5928054175855475,  0.1179163290074280,  0.7966664774136267 )
        8 )    (  0.2736432967052098,  0.0544310359652074,  0.9602898564975363 )
        9 )    (  0.2319835853645033,  0.1550064760884892, -0.9602898564975363 )
       10 )    (  0.5025561665526400,  0.3357972948450874, -0.7966664774136267 )
       11 )    (  0.7073923795513044,  0.4726644766430823, -0.5255324099163290 )
       12 )    (  0.8173611593354461,  0.5461432661328973, -0.1834346424956498 )
       13 )    (  0.8173611593354461,  0.5461432661328973,  0.1834346424956498 )
       14 )    (  0.7073923795513044,  0.4726644766430823,  0.5255324099163290 )
       15 )    (  0.5025561665526400,  0.3357972948450874,  0.7966664774136267 )
       16 )    (  0.2319835853645033,  0.1550064760884892,  0.9602898564975363 )
       17 )    (  0.1550064760884892,  0.2319835853645033, -0.9602898564975363 )
       18 )    (  0.3357972948450874,  0.5025561665526400, -0.7966664774136267 )
       19 )    (  0.4726644766430824,  0.7073923795513044, -0.5255324099163290 )
       20 )    (  0.5461432661328974,  0.8173611593354461, -0.1834346424956498 )
       21 )    (  0.5461432661328974,  0.8173611593354461,  0.1834346424956498 )
       22 )    (  0.4726644766430824,  0.7073923795513044,  0.5255324099163290 )
       23 )    (  0.3357972948450874,  0.5025561665526400,  0.7966664774136267 )
       24 )    (  0.1550064760884892,  0.2319835853645033,  0.9602898564975363 )
       25 )    (  0.0544310359652075,  0.2736432967052098, -0.9602898564975363 )
       26 )    (  0.1179163290074281,  0.5928054175855475, -0.7966664774136267 )
       27 )    (  0.1659776918801014,  0.8344262052007294, -0.5255324099163290 )
       28 )    (  0.1917800114626511,  0.9641432254265331, -0.1834346424956498 )
       29 )    (  0.1917800114626511,  0.9641432254265331,  0.1834346424956498 )
       30 )    (  0.1659776918801014,  0.8344262052007294,  0.5255324099163290 )
       31 )    (  0.1179163290074281,  0.5928054175855475,  0.7966664774136267 )
       32 )    (  0.0544310359652075,  0.2736432967052098,  0.9602898564975363 )
       33 )    ( -0.0544310359652074,  0.2736432967052098, -0.9602898564975363 )
       34 )    ( -0.1179163290074280,  0.5928054175855475, -0.7966664774136267 )
       35 )    ( -0.1659776918801013,  0.8344262052007294, -0.5255324099163290 )
       36 )    ( -0.1917800114626509,  0.9641432254265331, -0.1834346424956498 )
       37 )    ( -0.1917800114626509,  0.9641432254265331,  0.1834346424956498 )
       38 )    ( -0.1659776918801013,  0.8344262052007294,  0.5255324099163290 )
       39 )    ( -0.1179163290074280,  0.5928054175855475,  0.7966664774136267 )
       40 )    ( -0.0544310359652074,  0.2736432967052098,  0.9602898564975363 )
       41 )    ( -0.1550064760884891,  0.2319835853645034, -0.9602898564975363 )
       42 )    ( -0.3357972948450872,  0.5025561665526402, -0.7966664774136267 )
       43 )    ( -0.4726644766430821,  0.7073923795513046, -0.5255324099163290 )
       44 )    ( -0.5461432661328971,  0.8173611593354463, -0.1834346424956498 )
       45 )    ( -0.5461432661328971,  0.8173611593354463,  0.1834346424956498 )
       46 )    ( -0.4726644766430821,  0.7073923795513046,  0.5255324099163290 )
       47 )    ( -0.3357972948450872,  0.5025561665526402,  0.7966664774136267 )
       48 )    ( -0.1550064760884891,  0.2319835853645034,  0.9602898564975363 )
       49 )    ( -0.2319835853645033,  0.1550064760884892, -0.9602898564975363 )
       50 )    ( -0.5025561665526401,  0.3357972948450874, -0.7966664774136267 )
       51 )    ( -0.7073923795513045,  0.4726644766430823, -0.5255324099163290 )
       52 )    ( -0.8173611593354462,  0.5461432661328973, -0.1834346424956498 )
       53 )    ( -0.8173611593354462,  0.5461432661328973,  0.1834346424956498 )
       54 )    ( -0.7073923795513045,  0.4726644766430823,  0.5255324099163290 )
       55 )    ( -0.5025561665526401,  0.3357972948450874,  0.7966664774136267 )
       56 )    ( -0.2319835853645033,  0.1550064760884892,  0.9602898564975363 )
       57 )    ( -0.2736432967052098,  0.0544310359652075, -0.9602898564975363 )
       58 )    ( -0.5928054175855475,  0.1179163290074282, -0.7966664774136267 )
       59 )    ( -0.8344262052007294,  0.1659776918801017, -0.5255324099163290 )
       60 )    ( -0.9641432254265331,  0.1917800114626513, -0.1834346424956498 )
       61 )    ( -0.9641432254265331,  0.1917800114626513,  0.1834346424956498 )
       62 )    ( -0.8344262052007294,  0.1659776918801017,  0.5255324099163290 )
       63 )    ( -0.5928054175855475,  0.1179163290074282,  0.7966664774136267 )
       64 )    ( -0.2736432967052098,  0.0544310359652075,  0.9602898564975363 )
       65 )    ( -0.2736432967052098, -0.0544310359652075, -0.9602898564975363 )
       66 )    ( -0.5928054175855475, -0.1179163290074281, -0.7966664774136267 )
       67 )    ( -0.8344262052007294, -0.1659776918801014, -0.5255324099163290 )
       68 )    ( -0.9641432254265331, -0.1917800114626511, -0.1834346424956498 )
       69 )    ( -0.9641432254265331, -0.1917800114626511,  0.1834346424956498 )
       70 )    ( -0.8344262052007294, -0.1659776918801014,  0.5255324099163290 )
       71 )    ( -0.5928054175855475, -0.1179163290074281,  0.7966664774136267 )
       72 )    ( -0.2736432967052098, -0.0544310359652075,  0.9602898564975363 )
       73 )    ( -0.2319835853645034, -0.1550064760884891, -0.9602898564975363 )
       74 )    ( -0.5025561665526402, -0.3357972948450872, -0.7966664774136267 )
       75 )    ( -0.7073923795513046, -0.4726644766430821, -0.5255324099163290 )
       76 )    ( -0.8173611593354463, -0.5461432661328971, -0.1834346424956498 )
       77 )    ( -0.8173611593354463, -0.5461432661328971,  0.1834346424956498 )
       78 )    ( -0.7073923795513046, -0.4726644766430821,  0.5255324099163290 )
       79 )    ( -0.5025561665526402, -0.3357972948450872,  0.7966664774136267 )
       80 )    ( -0.2319835853645034, -0.1550064760884891,  0.9602898564975363 )
       81 )    ( -0.1550064760884892, -0.2319835853645033, -0.9602898564975363 )
       82 )    ( -0.3357972948450874, -0.5025561665526400, -0.7966664774136267 )
       83 )    ( -0.4726644766430823, -0.7073923795513044, -0.5255324099163290 )
       84 )    ( -0.5461432661328973, -0.8173611593354461, -0.1834346424956498 )
       85 )    ( -0.5461432661328973, -0.8173611593354461,  0.1834346424956498 )
       86 )    ( -0.4726644766430823, -0.7073923795513044,  0.5255324099163290 )
       87 )    ( -0.3357972948450874, -0.5025561665526400,  0.7966664774136267 )
       88 )    ( -0.1550064760884892, -0.2319835853645033,  0.9602898564975363 )
       89 )    ( -0.0544310359652076, -0.2736432967052097, -0.9602898564975363 )
       90 )    ( -0.1179163290074283, -0.5928054175855475, -0.7966664774136267 )
       91 )    ( -0.1659776918801017, -0.8344262052007293, -0.5255324099163290 )
       92 )    ( -0.1917800114626514, -0.9641432254265330, -0.1834346424956498 )
       93 )    ( -0.1917800114626514, -0.9641432254265330,  0.1834346424956498 )
       94 )    ( -0.1659776918801017, -0.8344262052007293,  0.5255324099163290 )
       95 )    ( -0.1179163290074283, -0.5928054175855475,  0.7966664774136267 )
       96 )    ( -0.0544310359652076, -0.2736432967052097,  0.9602898564975363 )
       97 )    (  0.0544310359652075, -0.2736432967052098, -0.9602898564975363 )
       98 )    (  0.1179163290074280, -0.5928054175855475, -0.7966664774136267 )
       99 )    (  0.1659776918801014, -0.8344262052007294, -0.5255324099163290 )
      100 )    (  0.1917800114626510, -0.9641432254265331, -0.1834346424956498 )
      101 )    (  0.1917800114626510, -0.9641432254265331,  0.1834346424956498 )
      102 )    (  0.1659776918801014, -0.8344262052007294,  0.5255324099163290 )
      103 )    (  0.1179163290074280, -0.5928054175855475,  0.7966664774136267 )
      104 )    (  0.0544310359652075, -0.2736432967052098,  0.9602898564975363 )
      105 )    (  0.1550064760884891, -0.2319835853645034, -0.9602898564975363 )
      106 )    (  0.3357972948450871, -0.5025561665526402, -0.7966664774136267 )
      107 )    (  0.4726644766430820, -0.7073923795513046, -0.5255324099163290 )
      108 )    (  0.5461432661328970, -0.8173611593354463, -0.1834346424956498 )
      109 )    (  0.5461432661328970, -0.8173611593354463,  0.1834346424956498 )
      110 )    (  0.4726644766430820, -0.7073923795513046,  0.5255324099163290 )
      111 )    (  0.3357972948450871, -0.5025561665526402,  0.7966664774136267 )
      112 )    (  0.1550064760884891, -0.2319835853645034,  0.9602898564975363 )
      113 )    (  0.2319835853645033, -0.1550064760884892, -0.9602898564975363 )
      114 )    (  0.5025561665526400, -0.3357972948450874, -0.7966664774136267 )
      115 )    (  0.7073923795513044, -0.4726644766430823, -0.5255324099163290 )
      116 )    (  0.8173611593354461, -0.5461432661328973, -0.1834346424956498 )
      117 )    (  0.8173611593354461, -0.5461432661328973,  0.1834346424956498 )
      118 )    (  0.7073923795513044, -0.4726644766430823,  0.5255324099163290 )
      119 )    (  0.5025561665526400, -0.3357972948450874,  0.7966664774136267 )
      120 )    (  0.2319835853645033, -0.1550064760884892,  0.9602898564975363 )
      121 )    (  0.2736432967052097, -0.0544310359652076, -0.9602898564975363 )
      122 )    (  0.5928054175855475, -0.1179163290074283, -0.7966664774136267 )
      123 )    (  0.8344262052007293, -0.1659776918801018, -0.5255324099163290 )
      124 )    (  0.9641432254265330, -0.1917800114626514, -0.1834346424956498 )
      125 )    (  0.9641432254265330, -0.1917800114626514,  0.1834346424956498 )
      126 )    (  0.8344262052007293, -0.1659776918801018,  0.5255324099163290 )
      127 )    (  0.5928054175855475, -0.1179163290074283,  0.7966664774136267 )
      128 )    (  0.2736432967052097, -0.0544310359652076,  0.9602898564975363 )
 
    DONE.
    
    INITIALIZING SOLUTION VECTORS ---
    DONE.
    
    CREATING AN EXTERNAL BEAM ---
    DONE.
    
    CREATING AN EXTERNAL BEAM ---
    DONE.
    
    CREATING AN EXTERNAL BEAM ---
    DONE.
    
    CREATING A BOLTZMANN OPERATOR ---
    DONE.
    
    CREATING A COUPLING OPERATOR ---
    DONE.
    
    -----------------------------------------------
       ENERGY GROUP  1 ( 0.96004 - 1.00000 MeV )   
    -----------------------------------------------
       Reading cross sections from library
       Reading coupling cross sections from library
       Updating Boltzmann Operator
       Constructing Source
          Population of beam 1 :  0.333333
          Population of beam 2 :  0.333333
          Population of beam 3 :  0.333333
       Solver : SI
          Leading Operator : Transport Operator
          Lagging Operator : Scattering Operator
          -------------------------------------
           ITERATE           RESIDUAL NORM     
          ---------     -----------------------
               1         ----------------------
               2         1.0736298957335674E-01
               3         1.1087125014485372E-03
               4         1.0296131557454525E-05
               5         9.2963354739654485E-08
               6         8.9464733479471179E-10
 
          CONVERGED.
          Total number of iterates :   6
          Final Residual Norm      :   8.9464733479471179E-10
 
    -----------------------------------------------
       ENERGY GROUP  2 ( 0.92008 - 0.96004 MeV )   
    -----------------------------------------------
       Reading cross sections from library
       Reading coupling cross sections from library
       Updating Boltzmann Operator
       Constructing Source
       Solver : SI
          Leading Operator : Transport Operator
          Lagging Operator : Scattering Operator
          -------------------------------------
           ITERATE           RESIDUAL NORM     
          ---------     -----------------------
               1         ----------------------
               2         1.9885072662380057E-01
               3         2.2105351803572756E-03
               4         2.1923496745441229E-05
               5         2.0940345750315682E-07
               6         2.1251891929349606E-09
 
          CONVERGED.
          Total number of iterates :   6
          Final Residual Norm      :   2.1251891929349606E-09
 
    -----------------------------------------------
       ENERGY GROUP  3 ( 0.88012 - 0.92008 MeV )   
    -----------------------------------------------
       Reading cross sections from library
       Reading coupling cross sections from library
       Updating Boltzmann Operator
       Constructing Source
       Solver : SI
          Leading Operator : Transport Operator
          Lagging Operator : Scattering Operator
          -------------------------------------
           ITERATE           RESIDUAL NORM     
          ---------     -----------------------
               1         ----------------------
               2         1.6852323101015257E-01
               3         2.0370700234432965E-03
               4         2.1769512504605440E-05
               5         2.2182673750140175E-07
               6         2.3869196433750077E-09
 
          CONVERGED.
          Total number of iterates :   6
          Final Residual Norm      :   2.3869196433750077E-09
 
    -----------------------------------------------
       ENERGY GROUP  4 ( 0.84016 - 0.88012 MeV )   
    -----------------------------------------------
       Reading cross sections from library
       Reading coupling cross sections from library
       Updating Boltzmann Operator
       Constructing Source
       Solver : SI
          Leading Operator : Transport Operator
          Lagging Operator : Scattering Operator
          -------------------------------------
           ITERATE           RESIDUAL NORM     
          ---------     -----------------------
               1         ----------------------
               2         1.4417866848431793E-01
               3         1.9169965006528935E-03
               4         2.2443887927702066E-05
               5         2.4888136740707321E-07
               6         2.8755565255283389E-09
 
          CONVERGED.
          Total number of iterates :   6
          Final Residual Norm      :   2.8755565255283389E-09
 
    -----------------------------------------------
       ENERGY GROUP  5 ( 0.80020 - 0.84016 MeV )   
    -----------------------------------------------
       Reading cross sections from library
       Reading coupling cross sections from library
       Updating Boltzmann Operator
       Constructing Source
       Solver : SI
          Leading Operator : Transport Operator
          Lagging Operator : Scattering Operator
          -------------------------------------
           ITERATE           RESIDUAL NORM     
          ---------     -----------------------
               1         ----------------------
               2         1.2748411567507117E-01
               3         1.8772995326427002E-03
               4         2.4410658633851280E-05
               5         2.9949593595312544E-07
               6         3.7566395150257360E-09
 
          CONVERGED.
          Total number of iterates :   6
          Final Residual Norm      :   3.7566395150257360E-09
 
    -----------------------------------------------
       ENERGY GROUP  6 ( 0.76024 - 0.80020 MeV )   
    -----------------------------------------------
       Reading cross sections from library
       Reading coupling cross sections from library
       Updating Boltzmann Operator
       Constructing Source
       Solver : SI
          Leading Operator : Transport Operator
          Lagging Operator : Scattering Operator
          -------------------------------------
           ITERATE           RESIDUAL NORM     
          ---------     -----------------------
               1         ----------------------
               2         1.1853554230322692E-01
               3         1.9256025474427255E-03
               4         2.7860977323374584E-05
               5         3.7915182814870772E-07
               6         5.1743621855847137E-09
 
          CONVERGED.
          Total number of iterates :   6
          Final Residual Norm      :   5.1743621855847137E-09
 
    -----------------------------------------------
       ENERGY GROUP  7 ( 0.72028 - 0.76024 MeV )   
    -----------------------------------------------
       Reading cross sections from library
       Reading coupling cross sections from library
       Updating Boltzmann Operator
       Constructing Source
       Solver : SI
          Leading Operator : Transport Operator
          Lagging Operator : Scattering Operator
          -------------------------------------
           ITERATE           RESIDUAL NORM     
          ---------     -----------------------
               1         ----------------------
               2         1.1520207671611581E-01
               3         2.0426376490294911E-03
               4         3.2635788254254500E-05
               5         4.8914737340580227E-07
               6         7.2398019459192926E-09
 
          CONVERGED.
          Total number of iterates :   6
          Final Residual Norm      :   7.2398019459192926E-09
 
    -----------------------------------------------
       ENERGY GROUP  8 ( 0.68032 - 0.72028 MeV )   
    -----------------------------------------------
       Reading cross sections from library
       Reading coupling cross sections from library
       Updating Boltzmann Operator
       Constructing Source
       Solver : SI
          Leading Operator : Transport Operator
          Lagging Operator : Scattering Operator
          -------------------------------------
           ITERATE           RESIDUAL NORM     
          ---------     -----------------------
               1         ----------------------
               2         1.1425652105111656E-01
               3         2.1956213050569892E-03
               4         3.8436323837375104E-05
               5         6.2995688047016022E-07
               6         1.0079609820533135E-08
 
          CONVERGED.
          Total number of iterates :   6
          Final Residual Norm      :   1.0079609820533135E-08
 
    -----------------------------------------------
       ENERGY GROUP  9 ( 0.64036 - 0.68032 MeV )   
    -----------------------------------------------
       Reading cross sections from library
       Reading coupling cross sections from library
       Updating Boltzmann Operator
       Constructing Source
       Solver : SI
          Leading Operator : Transport Operator
          Lagging Operator : Scattering Operator
          -------------------------------------
           ITERATE           RESIDUAL NORM     
          ---------     -----------------------
               1         ----------------------
               2         1.1339437689104616E-01
               3         2.3631463443197663E-03
               4         4.5198305163520399E-05
               5         8.0758860165131778E-07
               6         1.3952205946791214E-08
 
          CONVERGED.
          Total number of iterates :   6
          Final Residual Norm      :   1.3952205946791214E-08
 
    -----------------------------------------------
       ENERGY GROUP 10 ( 0.60040 - 0.64036 MeV )   
    -----------------------------------------------
       Reading cross sections from library
       Reading coupling cross sections from library
       Updating Boltzmann Operator
       Constructing Source
       Solver : SI
          Leading Operator : Transport Operator
          Lagging Operator : Scattering Operator
          -------------------------------------
           ITERATE           RESIDUAL NORM     
          ---------     -----------------------
               1         ----------------------
               2         1.1250051668464166E-01
               3         2.5569627544224502E-03
               4         5.3532656525894008E-05
               5         1.0439701244108100E-06
               6         1.9499484121539041E-08
 
          CONVERGED.
          Total number of iterates :   6
          Final Residual Norm      :   1.9499484121539041E-08
 
    -----------------------------------------------
       ENERGY GROUP 11 ( 0.56044 - 0.60040 MeV )   
    -----------------------------------------------
       Reading cross sections from library
       Reading coupling cross sections from library
       Updating Boltzmann Operator
       Constructing Source
       Solver : SI
          Leading Operator : Transport Operator
          Lagging Operator : Scattering Operator
          -------------------------------------
           ITERATE           RESIDUAL NORM     
          ---------     -----------------------
               1         ----------------------
               2         1.1372633260508883E-01
               3         2.8635889737154739E-03
               4         6.5837982520145877E-05
               5         1.3758902184212950E-06
               6         2.6625561270976446E-08
 
          CONVERGED.
          Total number of iterates :   6
          Final Residual Norm      :   2.6625561270976446E-08
 
    -----------------------------------------------
       ENERGY GROUP 12 ( 0.52048 - 0.56044 MeV )   
    -----------------------------------------------
       Reading cross sections from library
       Reading coupling cross sections from library
       Updating Boltzmann Operator
       Constructing Source
       Solver : SI
          Leading Operator : Transport Operator
          Lagging Operator : Scattering Operator
          -------------------------------------
           ITERATE           RESIDUAL NORM     
          ---------     -----------------------
               1         ----------------------
               2         1.1737827965668944E-01
               3         3.2413092063069580E-03
               4         8.2630039629169683E-05
               5         1.9274792059562473E-06
               6         4.1487488319077731E-08
               7         8.5998943420080323E-10
 
          CONVERGED.
          Total number of iterates :   7
          Final Residual Norm      :   8.5998943420080323E-10
 
    -----------------------------------------------
       ENERGY GROUP 13 ( 0.48052 - 0.52048 MeV )   
    -----------------------------------------------
       Reading cross sections from library
       Reading coupling cross sections from library
       Updating Boltzmann Operator
       Constructing Source
       Solver : SI
          Leading Operator : Transport Operator
          Lagging Operator : Scattering Operator
          -------------------------------------
           ITERATE           RESIDUAL NORM     
          ---------     -----------------------
               1         ----------------------
               2         1.2284790945200869E-01
               3         3.7445477670008331E-03
               4         1.0630163715390183E-04
               5         2.7863736089978121E-06
               6         6.7632807470811004E-08
               7         1.5555203791207158E-09
 
          CONVERGED.
          Total number of iterates :   7
          Final Residual Norm      :   1.5555203791207158E-09
 
    -----------------------------------------------
       ENERGY GROUP 14 ( 0.44056 - 0.48052 MeV )   
    -----------------------------------------------
       Reading cross sections from library
       Reading coupling cross sections from library
       Updating Boltzmann Operator
       Constructing Source
       Solver : SI
          Leading Operator : Transport Operator
          Lagging Operator : Scattering Operator
          -------------------------------------
           ITERATE           RESIDUAL NORM     
          ---------     -----------------------
               1         ----------------------
               2         1.3266816388671168E-01
               3         4.5029585609580322E-03
               4         1.4359036840545482E-04
               5         4.2696777299255537E-06
               6         1.1835271269558539E-07
               7         3.0888642866703758E-09
 
          CONVERGED.
          Total number of iterates :   7
          Final Residual Norm      :   3.0888642866703758E-09
 
    -----------------------------------------------
       ENERGY GROUP 15 ( 0.40060 - 0.44056 MeV )   
    -----------------------------------------------
       Reading cross sections from library
       Reading coupling cross sections from library
       Updating Boltzmann Operator
       Constructing Source
       Solver : SI
          Leading Operator : Transport Operator
          Lagging Operator : Scattering Operator
          -------------------------------------
           ITERATE           RESIDUAL NORM     
          ---------     -----------------------
               1         ----------------------
               2         1.4871151283845344E-01
               3         5.7095294477232236E-03
               4         2.0831160573592220E-04
               5         7.1512017291251924E-06
               6         2.3038660909208028E-07
               7         6.9879013246840450E-09
 
          CONVERGED.
          Total number of iterates :   7
          Final Residual Norm      :   6.9879013246840450E-09
 
    -----------------------------------------------
       ENERGY GROUP 16 ( 0.36064 - 0.40060 MeV )   
    -----------------------------------------------
       Reading cross sections from library
       Reading coupling cross sections from library
       Updating Boltzmann Operator
       Constructing Source
       Solver : SI
          Leading Operator : Transport Operator
          Lagging Operator : Scattering Operator
          -------------------------------------
           ITERATE           RESIDUAL NORM     
          ---------     -----------------------
               1         ----------------------
               2         1.7371919652013709E-01
               3         7.7857380182122906E-03
               4         3.3464089419325539E-04
               5         1.3607067680551966E-05
               6         5.2207947854123578E-07
               7         1.8947407750501491E-08
 
          CONVERGED.
          Total number of iterates :   7
          Final Residual Norm      :   1.8947407750501491E-08
 
    -----------------------------------------------
       ENERGY GROUP 17 ( 0.32068 - 0.36064 MeV )   
    -----------------------------------------------
       Reading cross sections from library
       Reading coupling cross sections from library
       Updating Boltzmann Operator
       Constructing Source
       Solver : SI
          Leading Operator : Transport Operator
          Lagging Operator : Scattering Operator
          -------------------------------------
           ITERATE           RESIDUAL NORM     
          ---------     -----------------------
               1         ----------------------
               2         2.2036547588810984E-01
               3         1.1941205601861618E-02
               4         6.1990863803636383E-04
               5         3.0547677834487084E-05
               6         1.4300165558000149E-06
               7         6.3882823574462361E-08
               8         2.7404294869776084E-09
 
          CONVERGED.
          Total number of iterates :   8
          Final Residual Norm      :   2.7404294869776084E-09
 
    -----------------------------------------------
       ENERGY GROUP 18 ( 0.28072 - 0.32068 MeV )   
    -----------------------------------------------
       Reading cross sections from library
       Reading coupling cross sections from library
       Updating Boltzmann Operator
       Constructing Source
       Solver : SI
          Leading Operator : Transport Operator
          Lagging Operator : Scattering Operator
          -------------------------------------
           ITERATE           RESIDUAL NORM     
          ---------     -----------------------
               1         ----------------------
               2         3.2127389020696262E-01
               3         2.1341660683695165E-02
               4         1.3627130624505582E-03
               5         8.3331886213827643E-05
               6         4.8999045775100623E-06
               7         2.7869449441775116E-07
               8         1.5436743851324435E-08
 
          CONVERGED.
          Total number of iterates :   8
          Final Residual Norm      :   1.5436743851324435E-08
 
    -----------------------------------------------
       ENERGY GROUP 19 ( 0.24076 - 0.28072 MeV )   
    -----------------------------------------------
       Reading cross sections from library
       Reading coupling cross sections from library
       Updating Boltzmann Operator
       Constructing Source
       Solver : SI
          Leading Operator : Transport Operator
          Lagging Operator : Scattering Operator
          -------------------------------------
           ITERATE           RESIDUAL NORM     
          ---------     -----------------------
               1         ----------------------
               2         5.4061975929977624E-01
               3         4.5860779725593034E-02
               4         3.7657052707629926E-03
               5         2.9925110849266158E-04
               6         2.3167452970670718E-05
               7         1.7575086918462291E-06
               8         1.3128568310042602E-07
               9         9.7031762395572137E-09
 
          CONVERGED.
          Total number of iterates :   9
          Final Residual Norm      :   9.7031762395572137E-09
 
    -----------------------------------------------
       ENERGY GROUP 20 ( 0.20080 - 0.24076 MeV )   
    -----------------------------------------------
       Reading cross sections from library
       Reading coupling cross sections from library
       Updating Boltzmann Operator
       Constructing Source
       Solver : SI
          Leading Operator : Transport Operator
          Lagging Operator : Scattering Operator
          -------------------------------------
           ITERATE           RESIDUAL NORM     
          ---------     -----------------------
               1         ----------------------
               2         1.1626195922208100E+00
               3         1.3507647888832117E-01
               4         1.5051645223281538E-02
               5         1.6190954296465881E-03
               6         1.6965909614801418E-04
               7         1.7468114094161730E-05
               8         1.7811731959827302E-06
               9         1.8120426332843447E-07
              10         1.8520968897844780E-08
 
          CONVERGED.
          Total number of iterates :  10
          Final Residual Norm      :   1.8520968897844780E-08
 
    -----------------------------------------------
       ENERGY GROUP 21 ( 0.16084 - 0.20080 MeV )   
    -----------------------------------------------
       Reading cross sections from library
       Reading coupling cross sections from library
       Updating Boltzmann Operator
       Constructing Source
       Solver : SI
          Leading Operator : Transport Operator
          Lagging Operator : Scattering Operator
          -------------------------------------
           ITERATE           RESIDUAL NORM     
          ---------     -----------------------
               1         ----------------------
               2         1.1088218713496978E+00
               3         1.9991054574582587E-01
               4         3.3739466686208905E-02
               5         5.4433419791844549E-03
               6         8.5393348449473282E-04
               7         1.3209412061187606E-04
               8         2.0373694072703106E-05
               9         3.1592137550339387E-06
              10         4.9523652074037504E-07
              11         7.8712746905879082E-08
              12         1.2691726178599854E-08
 
          CONVERGED.
          Total number of iterates :  12
          Final Residual Norm      :   1.2691726178599854E-08
 
    -----------------------------------------------
       ENERGY GROUP 22 ( 0.12088 - 0.16084 MeV )   
    -----------------------------------------------
       Reading cross sections from library
       Reading coupling cross sections from library
       Updating Boltzmann Operator
       Constructing Source
       Solver : SI
          Leading Operator : Transport Operator
          Lagging Operator : Scattering Operator
          -------------------------------------
           ITERATE           RESIDUAL NORM     
          ---------     -----------------------
               1         ----------------------
               2         1.7687372588413628E+00
               3         4.7956708071192494E-01
               4         1.2241478265628142E-01
               5         3.0245299326981431E-02
               6         7.3801334059342997E-03
               7         1.8028594557714564E-03
               8         4.4438548541297153E-04
               9         1.1086900382922045E-04
              10         2.7991106180939265E-05
              11         7.1363524554999756E-06
              12         1.8321046185181735E-06
              13         4.7233049485318504E-07
              14         1.2201013479069602E-07
              15         3.1530486723351851E-08
 
          CONVERGED.
          Total number of iterates :  15
          Final Residual Norm      :   3.1530486723351851E-08
 
    -----------------------------------------------
       ENERGY GROUP 23 ( 0.08092 - 0.12088 MeV )   
    -----------------------------------------------
       Reading cross sections from library
       Reading coupling cross sections from library
       Updating Boltzmann Operator
       Constructing Source
       Solver : SI
          Leading Operator : Transport Operator
          Lagging Operator : Scattering Operator
          -------------------------------------
           ITERATE           RESIDUAL NORM     
          ---------     -----------------------
               1         ----------------------
               2         2.5042774197506956E+00
               3         1.1657094673500488E+00
               4         5.3503248385475310E-01
               5         2.4616804324682934E-01
               6         1.1405279153649472E-01
               7         5.3193929173457194E-02
               8         2.4933591092394895E-02
               9         1.1726552851887128E-02
              10         5.5269464185244976E-03
              11         2.6083630908340263E-03
              12         1.2319370366021777E-03
              13         5.8211082257033091E-04
              14         2.7512848496859569E-04
              15         1.3005563272099616E-04
              16         6.1483471637393034E-05
              17         2.9067473123317882E-05
              18         1.3742537998533749E-05
              19         6.4972928844792043E-06
              20         3.0718574838665641E-06
              21         1.4523501354605455E-06
              22         6.8666110856754286E-07
              23         3.2464895015855624E-07
              24         1.5349200702700424E-07
              25         7.2570083323602456E-08
              26         3.4310695023591820E-08
 
          CONVERGED.
          Total number of iterates :  26
          Final Residual Norm      :   3.4310695023591820E-08
 
    -----------------------------------------------
       ENERGY GROUP 24 ( 0.04096 - 0.08092 MeV )   
    -----------------------------------------------
       Reading cross sections from library
       Reading coupling cross sections from library
       Updating Boltzmann Operator
       Constructing Source
       Solver : SI
          Leading Operator : Transport Operator
          Lagging Operator : Scattering Operator
          -------------------------------------
           ITERATE           RESIDUAL NORM     
          ---------     -----------------------
               1         ----------------------
               2         1.8088083573066362E+00
               3         1.2486567364773040E+00
               4         8.6218440415268816E-01
               5         5.9675342202265125E-01
               6         4.1385540683021743E-01
               7         2.8743785484278489E-01
               8         1.9985449435733063E-01
               9         1.3907052998917185E-01
              10         9.6831477708580777E-02
              11         6.7451421290203373E-02
              12         4.7001214999741241E-02
              13         3.2759232599898172E-02
              14         2.2836930671358710E-02
              15         1.5922119171010097E-02
              16         1.1102175028614467E-02
              17         7.7419101163503576E-03
              18         5.3989920432194567E-03
              19         3.7652648979601003E-03
              20         2.6259837187291484E-03
              21         1.8314653478713884E-03
              22         1.2773590297752832E-03
              23         8.9090814447725323E-04
              24         6.2137976413559174E-04
              25         4.3339553921525913E-04
              26         3.0228327520282893E-04
              27         2.1083638077201898E-04
              28         1.4705448999608757E-04
              29         1.0256802553184538E-04
              30         7.1539585745251816E-05
              31         4.9897797989257172E-05
              32         3.4803004281614944E-05
              33         2.4274616708180818E-05
              34         1.6931219591010859E-05
              35         1.1809302879072356E-05
              36         8.2368355559539369E-06
              37         5.7450870539025159E-06
              38         4.0071250231489160E-06
              39         2.7949189297449156E-06
              40         1.9494206780065045E-06
              41         1.3596963864484517E-06
              42         9.4837114818246778E-07
              43         6.6147697702873333E-07
              44         4.6137189904956425E-07
              45         3.2180111863448090E-07
              46         2.2445224921542275E-07
              47         1.5655263256052622E-07
              48         1.0919350040299054E-07
              49         7.6161098805044625E-08
              50         5.3121412340770112E-08
              51         3.7051519561584904E-08
              52         2.5842970614961016E-08
              53         1.8025148125325633E-08
 
          CONVERGED.
          Total number of iterates :  53
          Final Residual Norm      :   1.8025148125325633E-08
 
    -----------------------------------------------
       ENERGY GROUP 25 ( 0.00100 - 0.04096 MeV )   
    -----------------------------------------------
       Reading cross sections from library
       Reading coupling cross sections from library
       Updating Boltzmann Operator
       Constructing Source
       Solver : SI
          Leading Operator : Transport Operator
          Lagging Operator : Scattering Operator
          -------------------------------------
           ITERATE           RESIDUAL NORM     
          ---------     -----------------------
               1         ----------------------
               2         8.3917405468763115E-06
               3         2.9933998752797006E-08
               4         1.0677866514290554E-10
               5         3.8089574009871248E-13
 
          CONVERGED.
          Total number of iterates :   5
          Final Residual Norm      :   3.8089574009871248E-13
 
 -----------------------------------------
    TRANSPORTING PARTICLE 2 (ELECTRONS)
 -----------------------------------------
    
    Energy groups, MeV : 
    index )        (Emin, Emax)
    ‾‾‾‾‾‾‾‾‾‾‾‾‾‾‾‾‾‾‾‾‾‾‾‾‾‾‾‾‾‾‾‾‾
        1 )    ( 0.97146, 1.00000 )
        2 )    ( 0.94291, 0.97146 )
        3 )    ( 0.91437, 0.94291 )
        4 )    ( 0.88583, 0.91437 )
        5 )    ( 0.85729, 0.88583 )
        6 )    ( 0.82874, 0.85729 )
        7 )    ( 0.80020, 0.82874 )
        8 )    ( 0.77166, 0.80020 )
        9 )    ( 0.74311, 0.77166 )
       10 )    ( 0.71457, 0.74311 )
       11 )    ( 0.68603, 0.71457 )
       12 )    ( 0.65749, 0.68603 )
       13 )    ( 0.62894, 0.65749 )
       14 )    ( 0.60040, 0.62894 )
       15 )    ( 0.57186, 0.60040 )
       16 )    ( 0.54331, 0.57186 )
       17 )    ( 0.51477, 0.54331 )
       18 )    ( 0.48623, 0.51477 )
       19 )    ( 0.45769, 0.48623 )
       20 )    ( 0.42914, 0.45769 )
       21 )    ( 0.40060, 0.42914 )
       22 )    ( 0.37206, 0.40060 )
       23 )    ( 0.34351, 0.37206 )
       24 )    ( 0.31497, 0.34351 )
       25 )    ( 0.28643, 0.31497 )
       26 )    ( 0.25789, 0.28643 )
       27 )    ( 0.22934, 0.25789 )
       28 )    ( 0.20080, 0.22934 )
       29 )    ( 0.17226, 0.20080 )
       30 )    ( 0.14371, 0.17226 )
       31 )    ( 0.11517, 0.14371 )
       32 )    ( 0.08663, 0.11517 )
       33 )    ( 0.05809, 0.08663 )
       34 )    ( 0.02954, 0.05809 )
       35 )    ( 0.00100, 0.02954 )
 
    DISCRETIZING ANGLE ---
    Ordinates : 
    index )                               (𝑘𝑥, 𝑘𝑦, 𝑘𝑧)
    ‾‾‾‾‾‾‾‾‾‾‾‾‾‾‾‾‾‾‾‾‾‾‾‾‾‾‾‾‾‾‾‾‾‾‾‾‾‾‾‾‾‾‾‾‾‾‾‾‾‾‾‾‾‾‾‾‾‾‾‾‾‾‾‾‾‾‾‾‾‾‾‾‾‾‾‾‾‾
        1 )    (  0.2736432967052098,  0.0544310359652074, -0.9602898564975363 )
        2 )    (  0.5928054175855475,  0.1179163290074280, -0.7966664774136267 )
        3 )    (  0.8344262052007294,  0.1659776918801014, -0.5255324099163290 )
        4 )    (  0.9641432254265331,  0.1917800114626510, -0.1834346424956498 )
        5 )    (  0.9641432254265331,  0.1917800114626510,  0.1834346424956498 )
        6 )    (  0.8344262052007294,  0.1659776918801014,  0.5255324099163290 )
        7 )    (  0.5928054175855475,  0.1179163290074280,  0.7966664774136267 )
        8 )    (  0.2736432967052098,  0.0544310359652074,  0.9602898564975363 )
        9 )    (  0.2319835853645033,  0.1550064760884892, -0.9602898564975363 )
       10 )    (  0.5025561665526400,  0.3357972948450874, -0.7966664774136267 )
       11 )    (  0.7073923795513044,  0.4726644766430823, -0.5255324099163290 )
       12 )    (  0.8173611593354461,  0.5461432661328973, -0.1834346424956498 )
       13 )    (  0.8173611593354461,  0.5461432661328973,  0.1834346424956498 )
       14 )    (  0.7073923795513044,  0.4726644766430823,  0.5255324099163290 )
       15 )    (  0.5025561665526400,  0.3357972948450874,  0.7966664774136267 )
       16 )    (  0.2319835853645033,  0.1550064760884892,  0.9602898564975363 )
       17 )    (  0.1550064760884892,  0.2319835853645033, -0.9602898564975363 )
       18 )    (  0.3357972948450874,  0.5025561665526400, -0.7966664774136267 )
       19 )    (  0.4726644766430824,  0.7073923795513044, -0.5255324099163290 )
       20 )    (  0.5461432661328974,  0.8173611593354461, -0.1834346424956498 )
       21 )    (  0.5461432661328974,  0.8173611593354461,  0.1834346424956498 )
       22 )    (  0.4726644766430824,  0.7073923795513044,  0.5255324099163290 )
       23 )    (  0.3357972948450874,  0.5025561665526400,  0.7966664774136267 )
       24 )    (  0.1550064760884892,  0.2319835853645033,  0.9602898564975363 )
       25 )    (  0.0544310359652075,  0.2736432967052098, -0.9602898564975363 )
       26 )    (  0.1179163290074281,  0.5928054175855475, -0.7966664774136267 )
       27 )    (  0.1659776918801014,  0.8344262052007294, -0.5255324099163290 )
       28 )    (  0.1917800114626511,  0.9641432254265331, -0.1834346424956498 )
       29 )    (  0.1917800114626511,  0.9641432254265331,  0.1834346424956498 )
       30 )    (  0.1659776918801014,  0.8344262052007294,  0.5255324099163290 )
       31 )    (  0.1179163290074281,  0.5928054175855475,  0.7966664774136267 )
       32 )    (  0.0544310359652075,  0.2736432967052098,  0.9602898564975363 )
       33 )    ( -0.0544310359652074,  0.2736432967052098, -0.9602898564975363 )
       34 )    ( -0.1179163290074280,  0.5928054175855475, -0.7966664774136267 )
       35 )    ( -0.1659776918801013,  0.8344262052007294, -0.5255324099163290 )
       36 )    ( -0.1917800114626509,  0.9641432254265331, -0.1834346424956498 )
       37 )    ( -0.1917800114626509,  0.9641432254265331,  0.1834346424956498 )
       38 )    ( -0.1659776918801013,  0.8344262052007294,  0.5255324099163290 )
       39 )    ( -0.1179163290074280,  0.5928054175855475,  0.7966664774136267 )
       40 )    ( -0.0544310359652074,  0.2736432967052098,  0.9602898564975363 )
       41 )    ( -0.1550064760884891,  0.2319835853645034, -0.9602898564975363 )
       42 )    ( -0.3357972948450872,  0.5025561665526402, -0.7966664774136267 )
       43 )    ( -0.4726644766430821,  0.7073923795513046, -0.5255324099163290 )
       44 )    ( -0.5461432661328971,  0.8173611593354463, -0.1834346424956498 )
       45 )    ( -0.5461432661328971,  0.8173611593354463,  0.1834346424956498 )
       46 )    ( -0.4726644766430821,  0.7073923795513046,  0.5255324099163290 )
       47 )    ( -0.3357972948450872,  0.5025561665526402,  0.7966664774136267 )
       48 )    ( -0.1550064760884891,  0.2319835853645034,  0.9602898564975363 )
       49 )    ( -0.2319835853645033,  0.1550064760884892, -0.9602898564975363 )
       50 )    ( -0.5025561665526401,  0.3357972948450874, -0.7966664774136267 )
       51 )    ( -0.7073923795513045,  0.4726644766430823, -0.5255324099163290 )
       52 )    ( -0.8173611593354462,  0.5461432661328973, -0.1834346424956498 )
       53 )    ( -0.8173611593354462,  0.5461432661328973,  0.1834346424956498 )
       54 )    ( -0.7073923795513045,  0.4726644766430823,  0.5255324099163290 )
       55 )    ( -0.5025561665526401,  0.3357972948450874,  0.7966664774136267 )
       56 )    ( -0.2319835853645033,  0.1550064760884892,  0.9602898564975363 )
       57 )    ( -0.2736432967052098,  0.0544310359652075, -0.9602898564975363 )
       58 )    ( -0.5928054175855475,  0.1179163290074282, -0.7966664774136267 )
       59 )    ( -0.8344262052007294,  0.1659776918801017, -0.5255324099163290 )
       60 )    ( -0.9641432254265331,  0.1917800114626513, -0.1834346424956498 )
       61 )    ( -0.9641432254265331,  0.1917800114626513,  0.1834346424956498 )
       62 )    ( -0.8344262052007294,  0.1659776918801017,  0.5255324099163290 )
       63 )    ( -0.5928054175855475,  0.1179163290074282,  0.7966664774136267 )
       64 )    ( -0.2736432967052098,  0.0544310359652075,  0.9602898564975363 )
       65 )    ( -0.2736432967052098, -0.0544310359652075, -0.9602898564975363 )
       66 )    ( -0.5928054175855475, -0.1179163290074281, -0.7966664774136267 )
       67 )    ( -0.8344262052007294, -0.1659776918801014, -0.5255324099163290 )
       68 )    ( -0.9641432254265331, -0.1917800114626511, -0.1834346424956498 )
       69 )    ( -0.9641432254265331, -0.1917800114626511,  0.1834346424956498 )
       70 )    ( -0.8344262052007294, -0.1659776918801014,  0.5255324099163290 )
       71 )    ( -0.5928054175855475, -0.1179163290074281,  0.7966664774136267 )
       72 )    ( -0.2736432967052098, -0.0544310359652075,  0.9602898564975363 )
       73 )    ( -0.2319835853645034, -0.1550064760884891, -0.9602898564975363 )
       74 )    ( -0.5025561665526402, -0.3357972948450872, -0.7966664774136267 )
       75 )    ( -0.7073923795513046, -0.4726644766430821, -0.5255324099163290 )
       76 )    ( -0.8173611593354463, -0.5461432661328971, -0.1834346424956498 )
       77 )    ( -0.8173611593354463, -0.5461432661328971,  0.1834346424956498 )
       78 )    ( -0.7073923795513046, -0.4726644766430821,  0.5255324099163290 )
       79 )    ( -0.5025561665526402, -0.3357972948450872,  0.7966664774136267 )
       80 )    ( -0.2319835853645034, -0.1550064760884891,  0.9602898564975363 )
       81 )    ( -0.1550064760884892, -0.2319835853645033, -0.9602898564975363 )
       82 )    ( -0.3357972948450874, -0.5025561665526400, -0.7966664774136267 )
       83 )    ( -0.4726644766430823, -0.7073923795513044, -0.5255324099163290 )
       84 )    ( -0.5461432661328973, -0.8173611593354461, -0.1834346424956498 )
       85 )    ( -0.5461432661328973, -0.8173611593354461,  0.1834346424956498 )
       86 )    ( -0.4726644766430823, -0.7073923795513044,  0.5255324099163290 )
       87 )    ( -0.3357972948450874, -0.5025561665526400,  0.7966664774136267 )
       88 )    ( -0.1550064760884892, -0.2319835853645033,  0.9602898564975363 )
       89 )    ( -0.0544310359652076, -0.2736432967052097, -0.9602898564975363 )
       90 )    ( -0.1179163290074283, -0.5928054175855475, -0.7966664774136267 )
       91 )    ( -0.1659776918801017, -0.8344262052007293, -0.5255324099163290 )
       92 )    ( -0.1917800114626514, -0.9641432254265330, -0.1834346424956498 )
       93 )    ( -0.1917800114626514, -0.9641432254265330,  0.1834346424956498 )
       94 )    ( -0.1659776918801017, -0.8344262052007293,  0.5255324099163290 )
       95 )    ( -0.1179163290074283, -0.5928054175855475,  0.7966664774136267 )
       96 )    ( -0.0544310359652076, -0.2736432967052097,  0.9602898564975363 )
       97 )    (  0.0544310359652075, -0.2736432967052098, -0.9602898564975363 )
       98 )    (  0.1179163290074280, -0.5928054175855475, -0.7966664774136267 )
       99 )    (  0.1659776918801014, -0.8344262052007294, -0.5255324099163290 )
      100 )    (  0.1917800114626510, -0.9641432254265331, -0.1834346424956498 )
      101 )    (  0.1917800114626510, -0.9641432254265331,  0.1834346424956498 )
      102 )    (  0.1659776918801014, -0.8344262052007294,  0.5255324099163290 )
      103 )    (  0.1179163290074280, -0.5928054175855475,  0.7966664774136267 )
      104 )    (  0.0544310359652075, -0.2736432967052098,  0.9602898564975363 )
      105 )    (  0.1550064760884891, -0.2319835853645034, -0.9602898564975363 )
      106 )    (  0.3357972948450871, -0.5025561665526402, -0.7966664774136267 )
      107 )    (  0.4726644766430820, -0.7073923795513046, -0.5255324099163290 )
      108 )    (  0.5461432661328970, -0.8173611593354463, -0.1834346424956498 )
      109 )    (  0.5461432661328970, -0.8173611593354463,  0.1834346424956498 )
      110 )    (  0.4726644766430820, -0.7073923795513046,  0.5255324099163290 )
      111 )    (  0.3357972948450871, -0.5025561665526402,  0.7966664774136267 )
      112 )    (  0.1550064760884891, -0.2319835853645034,  0.9602898564975363 )
      113 )    (  0.2319835853645033, -0.1550064760884892, -0.9602898564975363 )
      114 )    (  0.5025561665526400, -0.3357972948450874, -0.7966664774136267 )
      115 )    (  0.7073923795513044, -0.4726644766430823, -0.5255324099163290 )
      116 )    (  0.8173611593354461, -0.5461432661328973, -0.1834346424956498 )
      117 )    (  0.8173611593354461, -0.5461432661328973,  0.1834346424956498 )
      118 )    (  0.7073923795513044, -0.4726644766430823,  0.5255324099163290 )
      119 )    (  0.5025561665526400, -0.3357972948450874,  0.7966664774136267 )
      120 )    (  0.2319835853645033, -0.1550064760884892,  0.9602898564975363 )
      121 )    (  0.2736432967052097, -0.0544310359652076, -0.9602898564975363 )
      122 )    (  0.5928054175855475, -0.1179163290074283, -0.7966664774136267 )
      123 )    (  0.8344262052007293, -0.1659776918801018, -0.5255324099163290 )
      124 )    (  0.9641432254265330, -0.1917800114626514, -0.1834346424956498 )
      125 )    (  0.9641432254265330, -0.1917800114626514,  0.1834346424956498 )
      126 )    (  0.8344262052007293, -0.1659776918801018,  0.5255324099163290 )
      127 )    (  0.5928054175855475, -0.1179163290074283,  0.7966664774136267 )
      128 )    (  0.2736432967052097, -0.0544310359652076,  0.9602898564975363 )
 
    DONE.
    
    INITIALIZING SOLUTION VECTORS ---
    DONE.
    
    CREATING A BOLTZMANN OPERATOR ---
    DONE.
    
    CREATING A COUPLING OPERATOR ---
    DONE.
    
    -----------------------------------------------
       ENERGY GROUP  1 ( 0.97146 - 1.00000 MeV )   
    -----------------------------------------------
       Reading cross sections from library
       Reading coupling cross sections from library
       Updating Boltzmann Operator
       Constructing Source
       Solver : GMRES
       [Ref. : Y. Saad & M. H. Schultz, SIAM J. Sci. Comput., 7, 856 (1986)]
          Operator : Boltzmann Operator
          -------------------------------------
           ITERATE           RESIDUAL NORM     
          ---------     -----------------------
               1         0.0000000000000000E+00
               2         3.6728232432044377E-06
               3         1.7751401342486228E-07
               4         2.0387314587515290E-08
               5         1.2646812418609617E-09
               6         1.2639256964572370E-10
               7         7.1085904232801493E-12
               8         5.3571280176157123E-13
 
          CONVERGED.
          Total number of iterates :   8
          Final Residual Norm      :   5.3571280176157123E-13
 
    -----------------------------------------------
       ENERGY GROUP  2 ( 0.94291 - 0.97146 MeV )   
    -----------------------------------------------
       Reading cross sections from library
       Reading coupling cross sections from library
       Updating Boltzmann Operator
       Constructing Source
       Solver : GMRES
          Operator : Boltzmann Operator
          -------------------------------------
           ITERATE           RESIDUAL NORM     
          ---------     -----------------------
               1         0.0000000000000000E+00
               2         6.1899758186228489E-06
               3         2.7477444640450916E-07
               4         3.3951877038560171E-08
               5         2.1359581908050495E-09
               6         2.2727406774346395E-10
               7         1.3832476385237907E-11
               8         1.7202235755754353E-12
               9         1.9586096833923206E-13
 
          CONVERGED.
          Total number of iterates :   9
          Final Residual Norm      :   1.9586096833923206E-13
 
    -----------------------------------------------
       ENERGY GROUP  3 ( 0.91437 - 0.94291 MeV )   
    -----------------------------------------------
       Reading cross sections from library
       Reading coupling cross sections from library
       Updating Boltzmann Operator
       Constructing Source
       Solver : GMRES
          Operator : Boltzmann Operator
          -------------------------------------
           ITERATE           RESIDUAL NORM     
          ---------     -----------------------
               1         0.0000000000000000E+00
               2         6.6922363891216083E-06
               3         2.5599395322865765E-07
               4         3.3856800112554346E-08
               5         2.1786521566609562E-09
               6         2.5166825373852713E-10
               7         1.8887561335615754E-11
               8         2.8737180758132749E-12
               9         2.4377416211484333E-13
 
          CONVERGED.
          Total number of iterates :   9
          Final Residual Norm      :   2.4377416211484333E-13
 
    -----------------------------------------------
       ENERGY GROUP  4 ( 0.88583 - 0.91437 MeV )   
    -----------------------------------------------
       Reading cross sections from library
       Reading coupling cross sections from library
       Updating Boltzmann Operator
       Constructing Source
       Solver : GMRES
          Operator : Boltzmann Operator
          -------------------------------------
           ITERATE           RESIDUAL NORM     
          ---------     -----------------------
               1         0.0000000000000000E+00
               2         6.6004011769301688E-06
               3         2.1793831583573166E-07
               4         2.8361398013071124E-08
               5         1.9994016554658850E-09
               6         2.4593765861949517E-10
               7         2.2317830934608628E-11
               8         3.3071686876377340E-12
               9         2.6350702299691707E-13
 
          CONVERGED.
          Total number of iterates :   9
          Final Residual Norm      :   2.6350702299691707E-13
 
    -----------------------------------------------
       ENERGY GROUP  5 ( 0.85729 - 0.88583 MeV )   
    -----------------------------------------------
       Reading cross sections from library
       Reading coupling cross sections from library
       Updating Boltzmann Operator
       Constructing Source
       Solver : GMRES
          Operator : Boltzmann Operator
          -------------------------------------
           ITERATE           RESIDUAL NORM     
          ---------     -----------------------
               1         0.0000000000000000E+00
               2         6.3609275420078576E-06
               3         1.8805844712856479E-07
               4         2.1156627151037865E-08
               5         1.8093087109755570E-09
               6         2.2772246529349121E-10
               7         2.3627023398597846E-11
               8         3.3810173335914890E-12
               9         2.7588149551943852E-13
 
          CONVERGED.
          Total number of iterates :   9
          Final Residual Norm      :   2.7588149551943852E-13
 
    -----------------------------------------------
       ENERGY GROUP  6 ( 0.82874 - 0.85729 MeV )   
    -----------------------------------------------
       Reading cross sections from library
       Reading coupling cross sections from library
       Updating Boltzmann Operator
       Constructing Source
       Solver : GMRES
          Operator : Boltzmann Operator
          -------------------------------------
           ITERATE           RESIDUAL NORM     
          ---------     -----------------------
               1         0.0000000000000000E+00
               2         6.1071850640475624E-06
               3         1.6850163268090562E-07
               4         1.4928977514489109E-08
               5         1.6602228247880870E-09
               6         2.0741010506884897E-10
               7         2.3432024214904995E-11
               8         3.2137013400164683E-12
               9         2.8390440713393447E-13
 
          CONVERGED.
          Total number of iterates :   9
          Final Residual Norm      :   2.8390440713393447E-13
 
    -----------------------------------------------
       ENERGY GROUP  7 ( 0.80020 - 0.82874 MeV )   
    -----------------------------------------------
       Reading cross sections from library
       Reading coupling cross sections from library
       Updating Boltzmann Operator
       Constructing Source
       Solver : GMRES
          Operator : Boltzmann Operator
          -------------------------------------
           ITERATE           RESIDUAL NORM     
          ---------     -----------------------
               1         0.0000000000000000E+00
               2         5.8723555082508664E-06
               3         1.5526285671030718E-07
               4         1.0949928612882998E-08
               5         1.5446931293226487E-09
               6         1.8752508400197311E-10
               7         2.2515519060003179E-11
               8         2.8734798146897857E-12
               9         2.8270791934136080E-13
 
          CONVERGED.
          Total number of iterates :   9
          Final Residual Norm      :   2.8270791934136080E-13
 
    -----------------------------------------------
       ENERGY GROUP  8 ( 0.77166 - 0.80020 MeV )   
    -----------------------------------------------
       Reading cross sections from library
       Reading coupling cross sections from library
       Updating Boltzmann Operator
       Constructing Source
       Solver : GMRES
          Operator : Boltzmann Operator
          -------------------------------------
           ITERATE           RESIDUAL NORM     
          ---------     -----------------------
               1         0.0000000000000000E+00
               2         8.1434815552255888E-03
               3         9.0705059547640512E-04
               4         1.0031678392929694E-04
               5         1.1186560324149984E-05
               6         1.0568093385553186E-06
               7         9.1900236264737863E-08
               8         8.3836384661063717E-09
               9         1.2149864629092646E-09
              10         1.1591584482621058E-10
              11         1.3466205554893593E-11
 
          CONVERGED.
          Total number of iterates :  11
          Final Residual Norm      :   1.3466205554893593E-11
 
    -----------------------------------------------
       ENERGY GROUP  9 ( 0.74311 - 0.77166 MeV )   
    -----------------------------------------------
       Reading cross sections from library
       Reading coupling cross sections from library
       Updating Boltzmann Operator
       Constructing Source
       Solver : GMRES
          Operator : Boltzmann Operator
          -------------------------------------
           ITERATE           RESIDUAL NORM     
          ---------     -----------------------
               1         0.0000000000000000E+00
               2         3.0193178590043886E-02
               3         3.4997681304002990E-03
               4         4.0552370405131402E-04
               5         4.7442368574706065E-05
               6         4.6879498842959124E-06
               7         4.3763336778074173E-07
               8         4.9077696832789837E-08
               9         8.5220942879897284E-09
              10         8.1226686970009041E-10
              11         1.4093803788683947E-10
 
          CONVERGED.
          Total number of iterates :  11
          Final Residual Norm      :   1.4093803788683947E-10
 
    -----------------------------------------------
       ENERGY GROUP 10 ( 0.71457 - 0.74311 MeV )   
    -----------------------------------------------
       Reading cross sections from library
       Reading coupling cross sections from library
       Updating Boltzmann Operator
       Constructing Source
       Solver : GMRES
          Operator : Boltzmann Operator
          -------------------------------------
           ITERATE           RESIDUAL NORM     
          ---------     -----------------------
               1         0.0000000000000000E+00
               2         4.5844181277496086E-02
               3         5.4363035063577699E-03
               4         6.6645364314879172E-04
               5         8.2235253997831585E-05
               6         8.5951527857690251E-06
               7         9.1452077009349216E-07
               8         1.4439520602431079E-07
               9         2.1054788258554303E-08
              10         1.7984785233063253E-09
              11         2.8561987742392794E-10
 
          CONVERGED.
          Total number of iterates :  11
          Final Residual Norm      :   2.8561987742392794E-10
 
    -----------------------------------------------
       ENERGY GROUP 11 ( 0.68603 - 0.71457 MeV )   
    -----------------------------------------------
       Reading cross sections from library
       Reading coupling cross sections from library
       Updating Boltzmann Operator
       Constructing Source
       Solver : GMRES
          Operator : Boltzmann Operator
          -------------------------------------
           ITERATE           RESIDUAL NORM     
          ---------     -----------------------
               1         0.0000000000000000E+00
               2         5.2505854416166148E-02
               3         6.1254287210327253E-03
               4         7.9986621892009862E-04
               5         1.0379150961627761E-04
               6         1.1611728171866808E-05
               7         1.4088467466463206E-06
               8         2.4842833794865584E-07
               9         3.3805635412727561E-08
              10         2.9774801357885221E-09
              11         3.7967086760260155E-10
 
          CONVERGED.
          Total number of iterates :  11
          Final Residual Norm      :   3.7967086760260155E-10
 
    -----------------------------------------------
       ENERGY GROUP 12 ( 0.65749 - 0.68603 MeV )   
    -----------------------------------------------
       Reading cross sections from library
       Reading coupling cross sections from library
       Updating Boltzmann Operator
       Constructing Source
       Solver : GMRES
          Operator : Boltzmann Operator
          -------------------------------------
           ITERATE           RESIDUAL NORM     
          ---------     -----------------------
               1         0.0000000000000000E+00
               2         5.3650486862559195E-02
               3         5.8478097782375506E-03
               4         8.0734636188424926E-04
               5         1.0909833207004234E-04
               6         1.3299135780784583E-05
               7         1.8041725418692280E-06
               8         3.2608018075793899E-07
               9         4.5772797266492467E-08
              10         4.4315706605781445E-09
              11         3.9432113819663915E-10
 
          CONVERGED.
          Total number of iterates :  11
          Final Residual Norm      :   3.9432113819663915E-10
 
    -----------------------------------------------
       ENERGY GROUP 13 ( 0.62894 - 0.65749 MeV )   
    -----------------------------------------------
       Reading cross sections from library
       Reading coupling cross sections from library
       Updating Boltzmann Operator
       Constructing Source
       Solver : GMRES
          Operator : Boltzmann Operator
          -------------------------------------
           ITERATE           RESIDUAL NORM     
          ---------     -----------------------
               1         0.0000000000000000E+00
               2         5.2334355819147228E-02
               3         5.1060676154987428E-03
               4         7.0823801591858181E-04
               5         9.6924326307026913E-05
               6         1.3434332276771839E-05
               7         2.0517199970479241E-06
               8         3.6319944271599003E-07
               9         5.5656895117502921E-08
              10         6.2295329093713237E-09
              11         3.6125481542781819E-10
 
          CONVERGED.
          Total number of iterates :  11
          Final Residual Norm      :   3.6125481542781819E-10
 
    -----------------------------------------------
       ENERGY GROUP 14 ( 0.60040 - 0.62894 MeV )   
    -----------------------------------------------
       Reading cross sections from library
       Reading coupling cross sections from library
       Updating Boltzmann Operator
       Constructing Source
       Solver : GMRES
          Operator : Boltzmann Operator
          -------------------------------------
           ITERATE           RESIDUAL NORM     
          ---------     -----------------------
               1         0.0000000000000000E+00
               2         5.0174946493361294E-02
               3         4.3557631571639558E-03
               4         5.4958243760613629E-04
               5         6.7253695893383216E-05
               6         1.0924002895960551E-05
               7         2.1205599040217610E-06
               8         2.9179411660294918E-07
               9         4.6523189659242305E-08
              10         8.0055267492611056E-09
              11         3.5747751848170327E-10
 
          CONVERGED.
          Total number of iterates :  11
          Final Residual Norm      :   3.5747751848170327E-10
 
    -----------------------------------------------
       ENERGY GROUP 15 ( 0.57186 - 0.60040 MeV )   
    -----------------------------------------------
       Reading cross sections from library
       Reading coupling cross sections from library
       Updating Boltzmann Operator
       Constructing Source
       Solver : GMRES
          Operator : Boltzmann Operator
          -------------------------------------
           ITERATE           RESIDUAL NORM     
          ---------     -----------------------
               1         0.0000000000000000E+00
               2         4.7818587903116654E-02
               3         3.8714465086227582E-03
               4         5.3381024780185967E-04
               5         8.8641042653949973E-05
               6         1.2105595451387089E-05
               7         1.9399325889663709E-06
               8         3.8802910904168515E-07
               9         5.7938994466990597E-08
              10         9.5755423631752283E-09
              11         4.7132039888322325E-10
 
          CONVERGED.
          Total number of iterates :  11
          Final Residual Norm      :   4.7132039888322325E-10
 
    -----------------------------------------------
       ENERGY GROUP 16 ( 0.54331 - 0.57186 MeV )   
    -----------------------------------------------
       Reading cross sections from library
       Reading coupling cross sections from library
       Updating Boltzmann Operator
       Constructing Source
       Solver : GMRES
          Operator : Boltzmann Operator
          -------------------------------------
           ITERATE           RESIDUAL NORM     
          ---------     -----------------------
               1         0.0000000000000000E+00
               2         4.5501752613222292E-02
               3         3.6985163037405273E-03
               4         7.0604928056256845E-04
               5         9.4110584678045378E-05
               6         1.2055305647347354E-05
               7         1.9957814114761295E-06
               8         4.1492718275432426E-07
               9         6.9856585205140439E-08
              10         9.9050018810901704E-09
              11         7.0918560945211681E-10
              12         1.6265014480728470E-10
 
          CONVERGED.
          Total number of iterates :  12
          Final Residual Norm      :   1.6265014480728470E-10
 
    -----------------------------------------------
       ENERGY GROUP 17 ( 0.51477 - 0.54331 MeV )   
    -----------------------------------------------
       Reading cross sections from library
       Reading coupling cross sections from library
       Updating Boltzmann Operator
       Constructing Source
       Solver : GMRES
          Operator : Boltzmann Operator
          -------------------------------------
           ITERATE           RESIDUAL NORM     
          ---------     -----------------------
               1         0.0000000000000000E+00
               2         4.3289930368414518E-02
               3         3.7168709327333239E-03
               4         8.3051475265855644E-04
               5         9.3907993898420861E-05
               6         1.6526235604710760E-05
               7         2.3648201244948311E-06
               8         4.9387682227518686E-07
               9         9.4562609983621280E-08
              10         9.8187560229487531E-09
              11         1.0575407111679895E-09
              12         2.3560516727712379E-10
 
          CONVERGED.
          Total number of iterates :  12
          Final Residual Norm      :   2.3560516727712379E-10
 
    -----------------------------------------------
       ENERGY GROUP 18 ( 0.48623 - 0.51477 MeV )   
    -----------------------------------------------
       Reading cross sections from library
       Reading coupling cross sections from library
       Updating Boltzmann Operator
       Constructing Source
       Solver : GMRES
          Operator : Boltzmann Operator
          -------------------------------------
           ITERATE           RESIDUAL NORM     
          ---------     -----------------------
               1         0.0000000000000000E+00
               2         4.1190497462969017E-02
               3         3.7874186748577897E-03
               4         8.7685328168046707E-04
               5         1.0365954717964009E-04
               6         2.1170181871267452E-05
               7         2.4738475680880488E-06
               8         5.8746306553413490E-07
               9         1.1309049510914737E-07
              10         8.6124111574474123E-09
              11         1.4230159904966941E-09
              12         3.0022783709562184E-10
 
          CONVERGED.
          Total number of iterates :  12
          Final Residual Norm      :   3.0022783709562184E-10
 
    -----------------------------------------------
       ENERGY GROUP 19 ( 0.45769 - 0.48623 MeV )   
    -----------------------------------------------
       Reading cross sections from library
       Reading coupling cross sections from library
       Updating Boltzmann Operator
       Constructing Source
       Solver : GMRES
          Operator : Boltzmann Operator
          -------------------------------------
           ITERATE           RESIDUAL NORM     
          ---------     -----------------------
               1         0.0000000000000000E+00
               2         3.9171033921900501E-02
               3         3.8155138109216523E-03
               4         8.7830773957724856E-04
               5         1.2053984567191037E-04
               6         2.3902297022448499E-05
               7         2.9258541778405878E-06
               8         6.9129724274848130E-07
               9         1.6666514170840835E-07
              10         1.5241104632862510E-08
              11         2.1277831124136980E-09
              12         4.9284092101742325E-10
              13         4.9284092102109025E-10
              14         1.2511718359551784E-10
 
          CONVERGED.
          Total number of iterates :  14
          Final Residual Norm      :   1.2511718359551784E-10
 
    -----------------------------------------------
       ENERGY GROUP 20 ( 0.42914 - 0.45769 MeV )   
    -----------------------------------------------
       Reading cross sections from library
       Reading coupling cross sections from library
       Updating Boltzmann Operator
       Constructing Source
       Solver : GMRES
          Operator : Boltzmann Operator
          -------------------------------------
           ITERATE           RESIDUAL NORM     
          ---------     -----------------------
               1         0.0000000000000000E+00
               2         3.7215661751786977E-02
               3         3.7588259929605058E-03
               4         8.5733002314303892E-04
               5         1.3936913519031955E-04
               6         2.5862923269425923E-05
               7         3.9145389205147242E-06
               8         8.0040171676301149E-07
               9         2.3343223677175062E-07
              10         1.4422516197491212E-08
              11         2.8757970701422150E-09
              12         6.4811768373686487E-10
              13         6.4811768374672134E-10
              14         1.6774829813100918E-10
 
          CONVERGED.
          Total number of iterates :  14
          Final Residual Norm      :   1.6774829813100918E-10
 
    -----------------------------------------------
       ENERGY GROUP 21 ( 0.40060 - 0.42914 MeV )   
    -----------------------------------------------
       Reading cross sections from library
       Reading coupling cross sections from library
       Updating Boltzmann Operator
       Constructing Source
       Solver : GMRES
          Operator : Boltzmann Operator
          -------------------------------------
           ITERATE           RESIDUAL NORM     
          ---------     -----------------------
               1         0.0000000000000000E+00
               2         3.5285536292449141E-02
               3         3.5996194773386561E-03
               4         8.2197915020615722E-04
               5         1.5563118618712002E-04
               6         2.7707440569288317E-05
               7         5.1946541754800761E-06
               8         9.2614168775533150E-07
               9         2.9306909831634619E-07
              10         1.5364861253930006E-08
              11         3.7985354801341688E-09
              12         8.1172335263628655E-10
              13         8.1172335264184541E-10
              14         2.1563312796235401E-10
 
          CONVERGED.
          Total number of iterates :  14
          Final Residual Norm      :   2.1563312796235401E-10
 
    -----------------------------------------------
       ENERGY GROUP 22 ( 0.37206 - 0.40060 MeV )   
    -----------------------------------------------
       Reading cross sections from library
       Reading coupling cross sections from library
       Updating Boltzmann Operator
       Constructing Source
       Solver : GMRES
          Operator : Boltzmann Operator
          -------------------------------------
           ITERATE           RESIDUAL NORM     
          ---------     -----------------------
               1         0.0000000000000000E+00
               2         3.3362559284776182E-02
               3         3.3479650915980812E-03
               4         7.7565436515675463E-04
               5         1.6596512329253776E-04
               6         2.9636370287859740E-05
               7         6.4746867087285293E-06
               8         1.0900502902274555E-06
               9         3.4681357366010581E-07
              10         2.9274944414597119E-08
              11         5.0149644975037666E-09
              12         1.4503590301361026E-09
              13         1.4503590301343823E-09
              14         4.6307742777958558E-10
              15         8.3882080631213639E-11
 
          CONVERGED.
          Total number of iterates :  15
          Final Residual Norm      :   8.3882080631213639E-11
 
    -----------------------------------------------
       ENERGY GROUP 23 ( 0.34351 - 0.37206 MeV )   
    -----------------------------------------------
       Reading cross sections from library
       Reading coupling cross sections from library
       Updating Boltzmann Operator
       Constructing Source
       Solver : GMRES
          Operator : Boltzmann Operator
          -------------------------------------
           ITERATE           RESIDUAL NORM     
          ---------     -----------------------
               1         0.0000000000000000E+00
               2         3.1420246763585159E-02
               3         3.0302725608156332E-03
               4         7.1747133348260754E-04
               5         1.6596541639898085E-04
               6         3.1269121664971068E-05
               7         7.5866073199531402E-06
               8         1.3279130620556494E-06
               9         3.9580854431248587E-07
              10         4.6834320763409848E-08
              11         6.4228695956162327E-09
              12         2.0960184556183918E-09
              13         2.0960184556184488E-09
              14         7.3942771555824978E-10
              15         1.1848642200712284E-10
 
          CONVERGED.
          Total number of iterates :  15
          Final Residual Norm      :   1.1848642200712284E-10
 
    -----------------------------------------------
       ENERGY GROUP 24 ( 0.31497 - 0.34351 MeV )   
    -----------------------------------------------
       Reading cross sections from library
       Reading coupling cross sections from library
       Updating Boltzmann Operator
       Constructing Source
       Solver : GMRES
          Operator : Boltzmann Operator
          -------------------------------------
           ITERATE           RESIDUAL NORM     
          ---------     -----------------------
               1         0.0000000000000000E+00
               2         2.9423393944177277E-02
               3         2.6890351145754583E-03
               4         6.4743799125757792E-04
               5         1.4817405115311285E-04
               6         3.0294130353849478E-05
               7         8.3387175310602050E-06
               8         1.6845631733991252E-06
               9         4.3814533449125439E-07
              10         5.4018351139724554E-08
              11         8.1334968831861250E-09
              12         2.5382623369580615E-09
              13         2.5382623369642364E-09
              14         8.7626831194323910E-10
              15         1.7376728019260442E-10
 
          CONVERGED.
          Total number of iterates :  15
          Final Residual Norm      :   1.7376728019260442E-10
 
    -----------------------------------------------
       ENERGY GROUP 25 ( 0.28643 - 0.31497 MeV )   
    -----------------------------------------------
       Reading cross sections from library
       Reading coupling cross sections from library
       Updating Boltzmann Operator
       Constructing Source
       Solver : GMRES
          Operator : Boltzmann Operator
          -------------------------------------
           ITERATE           RESIDUAL NORM     
          ---------     -----------------------
               1         0.0000000000000000E+00
               2         2.7360216127404267E-02
               3         2.3889744491300208E-03
               4         5.8932457308491677E-04
               5         1.3639526539483351E-04
               6         2.5987940208926191E-05
               7         8.0494352540604499E-06
               8         2.1713166381284223E-06
               9         4.2871904661552457E-07
              10         5.4758797085922856E-08
              11         9.9819258716086459E-09
              12         2.6966979470176464E-09
              13         2.6966979470112796E-09
              14         9.0050618293189502E-10
              15         2.1410952860376131E-10
 
          CONVERGED.
          Total number of iterates :  15
          Final Residual Norm      :   2.1410952860376131E-10
 
    -----------------------------------------------
       ENERGY GROUP 26 ( 0.25789 - 0.28643 MeV )   
    -----------------------------------------------
       Reading cross sections from library
       Reading coupling cross sections from library
       Updating Boltzmann Operator
       Constructing Source
       Solver : GMRES
          Operator : Boltzmann Operator
          -------------------------------------
           ITERATE           RESIDUAL NORM     
          ---------     -----------------------
               1         0.0000000000000000E+00
               2         2.5189835818136160E-02
               3         2.1761823164967910E-03
               4         5.9801364608547602E-04
               5         2.0350188569558670E-04
               6         3.8217518014586043E-05
               7         9.9656697549912085E-06
               8         2.7169803835799712E-06
               9         6.2397292969082645E-07
              10         9.6394356037575418E-08
              11         1.7013331735705631E-08
              12         6.3255299695300723E-09
              13         6.3255299695326225E-09
              14         2.5406902357196341E-09
              15         5.3081251654126804E-10
              16         1.5157173616734535E-10
 
          CONVERGED.
          Total number of iterates :  16
          Final Residual Norm      :   1.5157173616734535E-10
 
    -----------------------------------------------
       ENERGY GROUP 27 ( 0.22934 - 0.25789 MeV )   
    -----------------------------------------------
       Reading cross sections from library
       Reading coupling cross sections from library
       Updating Boltzmann Operator
       Constructing Source
       Solver : GMRES
          Operator : Boltzmann Operator
          -------------------------------------
           ITERATE           RESIDUAL NORM     
          ---------     -----------------------
               1         0.0000000000000000E+00
               2         2.2908064475124230E-02
               3         2.0667956356120866E-03
               4         6.6393809830798934E-04
               5         2.3371101160981429E-04
               6         4.1162380334041100E-05
               7         9.6701473748724872E-06
               8         2.9711570719602654E-06
               9         6.9834261104474487E-07
              10         1.8466591686976801E-07
              11         2.8762048739627517E-08
              12         1.3038807534621873E-08
              13         1.3038807534625646E-08
              14         6.0999825144160105E-09
              15         1.0640513357039955E-09
              16         3.2784763262119691E-10
              17         8.9914997608428084E-11
 
          CONVERGED.
          Total number of iterates :  17
          Final Residual Norm      :   8.9914997608428084E-11
 
    -----------------------------------------------
       ENERGY GROUP 28 ( 0.20080 - 0.22934 MeV )   
    -----------------------------------------------
       Reading cross sections from library
       Reading coupling cross sections from library
       Updating Boltzmann Operator
       Constructing Source
       Solver : GMRES
          Operator : Boltzmann Operator
          -------------------------------------
           ITERATE           RESIDUAL NORM     
          ---------     -----------------------
               1         0.0000000000000000E+00
               2         2.0486799184151892E-02
               3         2.0074497710334937E-03
               4         7.0196489158687748E-04
               5         2.3580005294520211E-04
               6         4.6549692831738301E-05
               7         1.1523676630971430E-05
               8         3.3080244189820743E-06
               9         9.2661428182197028E-07
              10         2.9140886266631528E-07
              11         4.6061103249991214E-08
              12         2.3018906938028061E-08
              13         2.3018906938030417E-08
              14         1.1694244632628257E-08
              15         2.0396124080933416E-09
              16         6.8458415408744104E-10
              17         2.1970855066380677E-10
              18         7.8702495238796325E-11
 
          CONVERGED.
          Total number of iterates :  18
          Final Residual Norm      :   7.8702495238796325E-11
 
    -----------------------------------------------
       ENERGY GROUP 29 ( 0.17226 - 0.20080 MeV )   
    -----------------------------------------------
       Reading cross sections from library
       Reading coupling cross sections from library
       Updating Boltzmann Operator
       Constructing Source
       Solver : GMRES
          Operator : Boltzmann Operator
          -------------------------------------
           ITERATE           RESIDUAL NORM     
          ---------     -----------------------
               1         0.0000000000000000E+00
               2         1.7933778135036962E-02
               3         1.9299771773325701E-03
               4         6.9282364413954852E-04
               5         2.3446669339816716E-04
               6         6.3737097020193166E-05
               7         1.6168461169813466E-05
               8         3.8388334242614915E-06
               9         1.3201137889276674E-06
              10         4.4098250823030398E-07
              11         7.2495464936946796E-08
              12         3.8977049618784201E-08
              13         3.8977049618787159E-08
              14         2.1298305426087627E-08
              15         3.8703010941083839E-09
              16         1.4071977156048828E-09
              17         5.2668849463538859E-10
              18         1.4792502641145841E-10
 
          CONVERGED.
          Total number of iterates :  18
          Final Residual Norm      :   1.4792502641145841E-10
 
    -----------------------------------------------
       ENERGY GROUP 30 ( 0.14371 - 0.17226 MeV )   
    -----------------------------------------------
       Reading cross sections from library
       Reading coupling cross sections from library
       Updating Boltzmann Operator
       Constructing Source
       Solver : GMRES
          Operator : Boltzmann Operator
          -------------------------------------
           ITERATE           RESIDUAL NORM     
          ---------     -----------------------
               1         0.0000000000000000E+00
               2         1.5244039970800392E-02
               3         1.7837692703711184E-03
               4         6.4287828592335795E-04
               5         2.3782404802016760E-04
               6         8.8241152186725201E-05
               7         1.8035281617711914E-05
               8         3.4315022498259275E-06
               9         1.3258732244075079E-06
              10         5.0731217098592760E-07
              11         1.0864306144872191E-07
              12         6.1258115392494367E-08
              13         6.1258115392488980E-08
              14         3.5141379114714680E-08
              15         8.0913036785653535E-09
              16         3.2231241912235877E-09
              17         1.3789002776813628E-09
              18         3.5162140388431427E-10
              19         1.1165571794586110E-10
 
          CONVERGED.
          Total number of iterates :  19
          Final Residual Norm      :   1.1165571794586110E-10
 
    -----------------------------------------------
       ENERGY GROUP 31 ( 0.11517 - 0.14371 MeV )   
    -----------------------------------------------
       Reading cross sections from library
       Reading coupling cross sections from library
       Updating Boltzmann Operator
       Constructing Source
       Solver : GMRES
          Operator : Boltzmann Operator
          -------------------------------------
           ITERATE           RESIDUAL NORM     
          ---------     -----------------------
               1         0.0000000000000000E+00
               2         1.2450014085356762E-02
               3         1.5808722725274291E-03
               4         5.6255626131694960E-04
               5         2.4070593169692235E-04
               6         1.0239847444522553E-04
               7         1.9483401328460535E-05
               8         2.4321736809589578E-06
               9         1.0325387500542870E-06
              10         3.9691980400423444E-07
              11         1.4680502374283262E-07
              12         7.7489459185501033E-08
              13         7.7489459185501973E-08
              14         4.1997688546547178E-08
              15         1.6053402217304169E-08
              16         6.0507428716342015E-09
              17         3.0512426352005981E-09
              18         5.6383229366958038E-10
              19         2.0028013941681402E-10
              20         7.3800541509355489E-11
 
          CONVERGED.
          Total number of iterates :  20
          Final Residual Norm      :   7.3800541509355489E-11
 
    -----------------------------------------------
       ENERGY GROUP 32 ( 0.08663 - 0.11517 MeV )   
    -----------------------------------------------
       Reading cross sections from library
       Reading coupling cross sections from library
       Updating Boltzmann Operator
       Constructing Source
       Solver : GMRES
          Operator : Boltzmann Operator
          -------------------------------------
           ITERATE           RESIDUAL NORM     
          ---------     -----------------------
               1         0.0000000000000000E+00
               2         9.6103508148933231E-03
               3         1.2444321279614361E-03
               4         4.6474357440995893E-04
               5         2.0991892935498147E-04
               6         1.0222930553266453E-04
               7         2.9195698403945205E-05
               8         4.8991249534084736E-06
               9         1.6714144491004869E-06
              10         9.1202423297068253E-07
              11         2.4722767437334169E-07
              12         1.2162036488094542E-07
              13         1.2162036488094714E-07
              14         6.2691087648388766E-08
              15         2.7007863377752133E-08
              16         1.1212996423991885E-08
              17         3.9631273388870581E-09
              18         1.3911186864720875E-09
              19         4.5339720216319253E-10
              20         1.9086291574108286E-10
              21         1.0469843168893139E-10
              22         3.7930190252330281E-11
 
          CONVERGED.
          Total number of iterates :  22
          Final Residual Norm      :   3.7930190252330281E-11
 
    -----------------------------------------------
       ENERGY GROUP 33 ( 0.05809 - 0.08663 MeV )   
    -----------------------------------------------
       Reading cross sections from library
       Reading coupling cross sections from library
       Updating Boltzmann Operator
       Constructing Source
       Solver : GMRES
          Operator : Boltzmann Operator
          -------------------------------------
           ITERATE           RESIDUAL NORM     
          ---------     -----------------------
               1         0.0000000000000000E+00
               2         6.7350007962721781E-03
               3         9.3702384557937794E-04
               4         3.6712550856415530E-04
               5         1.5636624806171113E-04
               6         8.2864460920183271E-05
               7         2.7816186411233904E-05
               8         6.2391067136840903E-06
               9         2.6731300625657090E-06
              10         1.5110847795947177E-06
              11         4.1688193019383891E-07
              12         1.1320252098244591E-07
              13         1.1320252098244823E-07
              14         4.0580702475133221E-08
              15         2.4490151880635384E-08
              16         1.1234557680124270E-08
              17         5.1165755342382496E-09
              18         2.3020003944920213E-09
              19         1.2849388080175068E-09
              20         3.8090942041492257E-10
              21         1.6997771897993123E-10
              22         8.3495604592715070E-11
              23         2.9882620658542989E-11
 
          CONVERGED.
          Total number of iterates :  23
          Final Residual Norm      :   2.9882620658542989E-11
 
    -----------------------------------------------
       ENERGY GROUP 34 ( 0.02954 - 0.05809 MeV )   
    -----------------------------------------------
       Reading cross sections from library
       Reading coupling cross sections from library
       Updating Boltzmann Operator
       Constructing Source
       Solver : GMRES
          Operator : Boltzmann Operator
          -------------------------------------
           ITERATE           RESIDUAL NORM     
          ---------     -----------------------
               1         0.0000000000000000E+00
               2         3.6296217971692269E-03
               3         6.6348514416299297E-04
               4         2.8733294457060371E-04
               5         1.5753646861458616E-04
               6         8.3296047700595003E-05
               7         4.0786005014669038E-05
               8         1.0135000510685080E-05
               9         4.2586176873632489E-06
              10         9.2668827837050968E-07
              11         5.3598607864213857E-07
              12         2.1077064691664139E-07
              13         2.1077064691665079E-07
              14         9.2375022310021952E-08
              15         6.8012914313002703E-08
              16         3.2426846608205490E-08
              17         1.7388764493424841E-08
              18         9.3460980603695333E-09
              19         4.9460657724782083E-09
              20         2.0379045372802567E-09
              21         8.2892319806842993E-10
              22         5.1948679132482364E-10
              23         2.2151933579950502E-10
              24         2.2151933579710366E-10
              25         1.5378515356772766E-10
              26         6.4591331558863519E-11
              27         3.8250588656529097E-11
              28         2.1058824076693914E-11
 
          CONVERGED.
          Total number of iterates :  28
          Final Residual Norm      :   2.1058824076693914E-11
 
    -----------------------------------------------
       ENERGY GROUP 35 ( 0.00100 - 0.02954 MeV )   
    -----------------------------------------------
       Reading cross sections from library
       Reading coupling cross sections from library
       Updating Boltzmann Operator
       Constructing Source
       Solver : GMRES
          Operator : Boltzmann Operator
          -------------------------------------
           ITERATE           RESIDUAL NORM     
          ---------     -----------------------
               1         0.0000000000000000E+00
               2         4.0565232008358794E-04
               3         2.1874497633594183E-04
               4         1.1554941211412130E-04
               5         6.9216583291304074E-05
               6         3.3501818016465461E-05
               7         1.3026280291216674E-05
               8         4.5708539637185632E-06
               9         1.0799059625245313E-06
              10         1.1074671256052053E-07
              11         1.0639138236821794E-07
              12         2.4785728596998787E-08
              13         2.4785728596998814E-08
              14         1.0991657920617575E-08
              15         5.9435871683043821E-09
              16         5.2907177266632416E-09
              17         4.8855564883205522E-09
              18         4.2013523389777030E-09
              19         2.4377239361029800E-09
              20         6.4650896633928535E-10
              21         1.6796151566384417E-10
              22         8.8384631406962522E-11
              23         3.4958520186178549E-11
              24         3.4958520187022241E-11
              25         3.1586297736368343E-11
              26         2.2728409777648622E-11
              27         9.8645068033548371E-12
              28         5.1253939292729150E-12
              29         2.9619391135143436E-12
 
          CONVERGED.
          Total number of iterates :  29
          Final Residual Norm      :   2.9619391135143436E-12
 
 ============================
   PARTICLE ITERATION : END  
 ============================
 
 ===========================
   POST-PROCESSING : BEGIN  
 ===========================
 
 WRITING ENERGY DEPOSITION ---
 DONE.
 WRITING DOSE DEPOSITION ---
 DONE.
 WRITING CHARGE DEPOSITION ---
 DONE.
 
 =========================
   POST-PROCESSING : END  
 =========================
 
 Calculation stop time : 08-16-26 21:28:44
 Total CPU time  : 24959.820 seconds
 Total real time : 3409.369 seconds
 
 NORMAL TERMINATION.
